player_id,name,team,position_group,goals,CPI,VAEP,HOLD,rank_CPI,rank_VAEP,size,rise_pct
206314,M. Icardi,Internazionale,forward,29,0.6178197939217767,1.0553591664420225,-0.020136412382351608,1.0,2.0,287,0.34843205574912894
21174,E. Cavani,PSG,forward,28,0.4969015065900475,1.090384472470759,-0.041868145541787,2.0,1.0,287,-0.34843205574912894
21384,C. Immobile,Lazio,forward,29,0.4301209311132116,0.8451807779340555,-0.023919297595451885,3.0,3.0,287,0.0
69411,A. Kramarić,Hoffenheim,forward,13,0.4127360488655034,0.5019565449232624,-0.0008841301197551688,4.0,19.0,287,5.2264808362369335
12829,J. Vardy,Leicester City,forward,20,0.38197227782288373,0.6091529842831,-0.031900110301239695,5.0,8.0,287,1.0452961672473868
14734,N. Petersen,Freiburg,forward,15,0.37728646232172985,0.4568084731122736,-0.03058371389169102,6.0,24.0,287,6.2717770034843205
8326,M. Balotelli,Nice,forward,18,0.3674798624969821,0.4165351479811926,-0.030160126266649438,7.0,36.0,287,10.104529616724738
4131,Ángel,Getafe,forward,13,0.36719714412752674,0.4775951024012552,-0.045953075842527065,8.0,23.0,287,5.2264808362369335
25577,L. Rémy,Las Palmas,forward,8,0.36369992666083767,0.5115240195456463,-0.01276961171006556,9.0,18.0,287,3.1358885017421603
395636,Maxi Gómez,Celta de Vigo,forward,18,0.3590256383773916,0.42241890506977264,-0.029326883793861502,10.0,33.0,287,8.013937282229966
5268,Sergio León,Real Betis,forward,11,0.34925863988943523,0.43111082272492146,-0.03410189459534668,11.0,31.0,287,6.968641114982578
8278,G. Bale,Real Madrid,forward,16,0.34609569141422636,0.5621468976497016,-0.02579489108908749,12.0,13.0,287,0.34843205574912894
89186,P. Dybala,Juventus,forward,22,0.344868512774535,0.48480580548122076,-0.005102188722965165,13.0,22.0,287,3.1358885017421603
120353,Mohamed Salah,Liverpool,forward,32,0.34225324820411845,0.6317331894574053,-0.026815525981813967,14.0,6.0,287,-2.7874564459930316
8717,H. Kane,Tottenham Hotspur,forward,29,0.34204662324443436,0.5749388712841647,-0.024843969817011806,15.0,11.0,287,-1.3937282229965158
246061,F. Bernardeschi,Juventus,midfielder,4,0.31787434140315846,0.299350810214268,0.012259355525681186,1.0,17.0,598,2.6755852842809364
7941,J. Hernández,West Ham United,forward,8,0.31474670499933244,0.44923383488485835,-0.012822270530493889,16.0,27.0,287,3.832752613240418
256084,Kwon Chang-Hoon,Dijon,midfielder,11,0.3130159678891659,0.34653592124571925,-0.011318431321808892,2.0,7.0,598,0.8361204013377926
149054,W. Saïd,Dijon,forward,9,0.31131244633688027,0.4324765196705274,-0.010879450131329535,17.0,30.0,287,4.529616724738676
25867,P. Aubameyang,Borussia Dortmund,forward,23,0.3111739009976129,0.6987719963176008,-0.022980601303079707,18.0,4.0,287,-4.878048780487805
20479,F. Quagliarella,Sampdoria,forward,19,0.3091155982761855,0.549032637442816,-0.02913152633077832,19.0,14.0,287,-1.7421602787456445
5167,Mariano Díaz,Olympique Lyonnais,forward,18,0.3057144250343565,0.6179018552491066,-0.016455324225479833,20.0,7.0,287,-4.529616724738676
15292,M. Uth,Hoffenheim,forward,14,0.3044747111881214,0.41920120952473167,-0.02828004644916406,21.0,35.0,287,4.878048780487805
4358,Laguardia,Deportivo Alavés,defender,2,0.30065767662780624,0.2444785091308463,0.10527444026868575,1.0,10.0,609,1.477832512315271
135913,Rony Lopes,Monaco,midfielder,15,0.29928062228808744,0.4447471537289351,-0.02031081364884843,3.0,2.0,598,-0.16722408026755853
3682,A. Griezmann,Atlético Madrid,forward,19,0.297974642446471,0.5395887036386887,-0.007224579154429208,22.0,16.0,287,-2.0905923344947737
25776,W. Khazri,Rennes,midfielder,9,0.29777448226037506,0.2633677335994163,-0.024394234441187834,4.0,36.0,598,5.351170568561873
3322,Cristiano Ronaldo,Real Madrid,forward,26,0.2947741192824702,0.5912850051746635,-0.040693375224666255,23.0,9.0,287,-4.878048780487805
62224,R. Fraser,AFC Bournemouth,midfielder,5,0.2894547762252044,0.30731789521375197,0.01229621354718757,5.0,15.0,598,1.6722408026755853
3359,L. Messi,Barcelona,forward,34,0.2877630486216959,0.5429970804109935,-0.0076003688581510066,24.0,15.0,287,-3.1358885017421603
279780,J. Augustin,RB Leipzig,forward,9,0.28768520244268486,0.4998791364063506,-0.017545551370794023,25.0,20.0,287,-1.7421602787456445
27354,Júlio Tavares,Dijon,forward,12,0.28741866943567795,0.3196507592925597,-0.03418747280747891,26.0,56.0,287,10.452961672473867
3714,C. Stuani,Girona,forward,21,0.2846939126130052,0.45608353359984316,-0.05094725468136171,27.0,25.0,287,-0.6968641114982579
20468,E. Giaccherini,Chievo,midfielder,3,0.28451008916499426,0.2864407508033125,-0.009726932889656429,6.0,24.0,598,3.0100334448160537
118,M. Depay,Olympique Lyonnais,forward,19,0.28420031732161827,0.44410473083838253,-0.008718494161961238,28.0,28.0,287,0.0
8959,J. Stanislas,AFC Bournemouth,midfielder,5,0.2814848035771489,0.3381464491348041,0.003509880344576372,7.0,8.0,598,0.16722408026755853
49872,X. Shaqiri,Stoke City,midfielder,8,0.2799943866528997,0.328155423128431,0.0041886391623496754,8.0,9.0,598,0.16722408026755853
350032,C. Ünder,Roma,forward,7,0.27748966162171174,0.41058989412572033,-0.00589383188670434,29.0,37.0,287,2.7874564459930316
7972,L. Suárez,Barcelona,forward,25,0.2765236585923881,0.4244197752323756,-0.04169971810487585,30.0,32.0,287,0.6968641114982579
37831,C. Bacca,Villarreal,forward,15,0.27492299675564574,0.5759228020941033,-0.0364527063596322,31.0,10.0,287,-7.317073170731708
28115,N. Fekir,Olympique Lyonnais,midfielder,18,0.27251543402628203,0.4015151949105973,-0.00810747540141114,9.0,4.0,598,-0.8361204013377926
388267,L. Bailey,Bayer Leverkusen,forward,10,0.27200776667334087,0.3554051606835518,-0.016749127228519976,32.0,45.0,287,4.529616724738676
25716,N. Roux,Metz,forward,15,0.27030016319995503,0.34424180168989704,-0.019127819131062044,33.0,51.0,287,6.2717770034843205
8325,S. Agüero,Manchester City,forward,21,0.26699404542936145,0.5714924720960661,-0.025933401665982098,34.0,12.0,287,-7.665505226480836
134397,S. Gnabry,Hoffenheim,midfielder,10,0.2652922809239784,0.5075528213585339,-0.00847474529585936,10.0,1.0,598,-1.5050167224080269
7904,S. Kalou,Hertha BSC,forward,12,0.2615784326695178,0.37878770967727965,-0.014225201514982416,35.0,39.0,287,1.3937282229965158
25472,C. Bakambu,Villarreal,forward,9,0.26136305281499955,0.4859701766756322,-0.027423693762611733,36.0,21.0,287,-5.2264808362369335
14817,R. Lewandowski,Bayern München,forward,29,0.25876041209684736,0.6684154440754311,-0.027649492130463325,37.0,5.0,287,-11.149825783972126
26638,K. Toko Ekambi,Angers,forward,17,0.25821037195235186,0.30726986316816757,-0.02212480714344376,38.0,62.0,287,8.362369337979095
30437,F. Mollet,Metz,midfielder,7,0.257969481306757,0.3863116109793439,0.011398324539013757,11.0,5.0,598,-1.0033444816053512
333913,K. Lasagna,Udinese,forward,12,0.25734493191094127,0.36431275695967813,-0.02473759662528701,39.0,43.0,287,1.3937282229965158
382,Suk Hyun-Jun,Troyes,forward,6,0.25257828474606175,0.2903625971543743,-0.010956717794437354,40.0,75.0,287,12.195121951219512
134399,D. Selke,Hertha BSC,forward,10,0.25183752131710374,0.329130542159236,-0.024396317653703523,41.0,55.0,287,4.878048780487805
25700,M. Debuchy,Saint-Étienne,defender,4,0.2517015244042745,0.26859384898896,0.0027910663277588297,2.0,4.0,609,0.3284072249589491
86243,D. Zapata,Sampdoria,forward,11,0.24801817064914097,0.20898236633180714,-0.025113496976507405,42.0,119.0,287,26.829268292682926
280383,E. Bardhi,Levante,midfielder,9,0.24783060027750994,0.4418104069107964,-0.004947737815915793,12.0,3.0,598,-1.5050167224080269
50812,J. Durmaz,Toulouse,midfielder,3,0.24742996375557988,0.2747915363814257,-0.006484148180061793,13.0,30.0,598,2.842809364548495
25770,F. Thauvin,Olympique Marseille,forward,22,0.24652235643796877,0.3726414450756287,-0.008386485870101493,43.0,40.0,287,-1.0452961672473868
14864,L. Holtby,Hamburger SV,midfielder,6,0.24468761041684992,0.3185631547512828,-0.0015737715088248172,14.0,12.0,598,-0.33444816053511706
65180,M. Gregoritsch,Augsburg,forward,13,0.24426117055377436,0.3514015416474599,-0.010370807901833612,44.0,50.0,287,2.0905923344947737
276983,I. Mbenza,Montpellier,forward,8,0.24284335386586484,0.37946566198876813,-0.021858971050257945,45.0,38.0,287,-2.4390243902439024
3287,Portu,Girona,midfielder,11,0.2426762435768848,0.2880602249080155,-0.040369521277423714,15.0,22.0,598,1.1705685618729098
208696,M. Politano,Sassuolo,forward,10,0.24108977794384134,0.2701482613305269,-0.010100481829511867,46.0,81.0,287,12.195121951219512
3450,R. Falcao,Monaco,forward,18,0.24023818309706266,0.522234510043988,-0.04650644178561696,47.0,17.0,287,-10.452961672473867
275243,S. Khaoui,Troyes,midfielder,5,0.2391062174476306,0.285754343409739,0.004499314113495033,16.0,26.0,598,1.6722408026755853
26150,R. Mahrez,Leicester City,midfielder,12,0.2375839581173569,0.3051541656161811,-0.002371441914280828,17.0,16.0,598,-0.16722408026755853
20796,M. Destro,Bologna,forward,6,0.23582454327314542,0.20417923283333014,-0.03288401232188324,48.0,122.0,287,25.78397212543554
8148,Iago Falqué,Torino,forward,12,0.2343760326435605,0.2963166168195973,-0.007976088031351422,49.0,70.0,287,7.317073170731708
173214,T. Werner,RB Leipzig,forward,13,0.23318301161600977,0.29280514894903575,-0.026923840785804867,50.0,74.0,287,8.362369337979095
256480,B. Keita,Monaco,forward,8,0.2331105648527971,0.352516702236974,-0.03375458453649411,51.0,49.0,287,-0.6968641114982579
250885,Santi Mina,Valencia,forward,12,0.2307342745274869,0.45089432743067565,-0.016388944417882818,52.0,26.0,287,-9.059233449477352
3425,Muniain,Athletic Club,forward,4,0.22699440235354362,0.35359568174949957,0.007013069487662051,53.0,47.0,287,-2.0905923344947737
228981,B. Bourigeaud,Rennes,midfielder,10,0.22578859273619475,0.2878600512717656,0.005876651882191756,18.0,23.0,598,0.8361204013377926
40770,Willian José,Real Sociedad,forward,15,0.225381915334583,0.24504757987381356,-0.024185501532564466,54.0,96.0,287,14.634146341463415
25673,S. Bahoken,Strasbourg,forward,7,0.2250077757469688,0.29736161187749915,-0.02724782708318343,55.0,69.0,287,4.878048780487805
247671,N. Pépé,Lille,forward,13,0.22428676179006757,0.25856876832057923,-0.024112950370895884,56.0,88.0,287,11.149825783972126
3642,Ramis,Eibar,defender,3,0.22254557530275623,0.2499263124940053,0.023988577957199463,3.0,6.0,609,0.49261083743842365
25410,A. Pléa,Nice,forward,16,0.22089319950323752,0.30789594034136236,-0.024512938724357423,57.0,61.0,287,1.3937282229965158
15129,D. Didavi,Wolfsburg,midfielder,9,0.21970879420048736,0.3161528547999304,-0.0009675160211747572,19.0,13.0,598,-1.0033444816053512
8747,P. Crouch,Stoke City,forward,5,0.21896851854317312,0.18042822647432802,-0.010270739983640332,58.0,138.0,287,27.874564459930312
7944,W. Rooney,Everton,forward,10,0.21699567548404766,0.3022072930464196,0.0035582546989679164,59.0,64.0,287,1.7421602787456445
144766,N. Bentaleb,Schalke 04,midfielder,4,0.2161150814466178,0.3092950296530309,0.019182474330453864,20.0,14.0,598,-1.0033444816053512
25795,W. Ben Yedder,Sevilla,forward,9,0.21497297497661,0.29993932910634424,-0.024141571482884726,60.0,66.0,287,2.0905923344947737
97582,M. Konaté,Amiens SC,forward,13,0.21367853734317452,0.3340816885461988,-0.028163296396175604,61.0,54.0,287,-2.4390243902439024
122,D. Mertens,Napoli,forward,18,0.21162054244812703,0.3668099354424532,-0.029939482221571497,62.0,42.0,287,-6.968641114982578
234527,A. Halilović,Las Palmas,midfielder,2,0.21017495250405172,0.19681661463768693,0.007045678456368295,21.0,92.0,598,11.872909698996656
20663,C. Théréau,Fiorentina,forward,7,0.2093201947990453,0.2852520816415066,-0.021579510604989638,63.0,77.0,287,4.878048780487805
246063,S. Sensi,Sassuolo,midfielder,2,0.20790103643806948,0.2463565288289596,0.028021913459064986,22.0,45.0,598,3.8461538461538463
26399,D. Da Silva,Caen,defender,4,0.2072867760476922,0.2418878958690171,0.01944822319408463,4.0,11.0,609,1.1494252873563218
225089,José Luis Morales,Levante,midfielder,10,0.20705143776587312,0.2528666822567835,-0.009638895368835217,23.0,40.0,598,2.842809364548495
145692,O. Niasse,Everton,forward,8,0.2067295823278274,0.37194134311386995,-0.03038195663613987,64.0,41.0,287,-8.013937282229966
338201,E. Boateng,Levante,forward,6,0.20607157680231655,0.2871020686572739,-0.021298116804898116,65.0,76.0,287,3.832752613240418
454,P. van Aanholt,Crystal Palace,defender,5,0.2056380173213569,0.27445626346428187,0.018523323716901283,5.0,3.0,609,-0.3284072249589491
14705,N. Füllkrug,Hannover 96,forward,14,0.2044756722763835,0.24109569867219938,-0.029034125136030806,66.0,98.0,287,11.149825783972126
24269,M. Coda,Benevento,forward,4,0.20442655802954818,0.09133222236747725,-0.0047003914924903046,67.0,207.0,287,48.78048780487805
14816,S. Kagawa,Borussia Dortmund,midfielder,5,0.2042213993792761,0.2741349828919536,0.004853856105145618,24.0,31.0,598,1.1705685618729098
70129,Rodrigo,Valencia,forward,16,0.20369372683110873,0.3572907917267855,-0.01809816839864856,68.0,44.0,287,-8.362369337979095
15526,P. Groß,Brighton & Hove Albion,midfielder,7,0.2033931932489277,0.2653145852466069,0.0007711571186307499,25.0,35.0,598,1.6722408026755853
26124,B. Jeannot,Dijon,forward,4,0.20186198838670852,0.18136249736491492,-0.015218182633521732,69.0,136.0,287,23.34494773519164
231139,K. Coman,Bayern München,forward,3,0.20160220956183214,0.2179185168051333,-0.0006542011046312846,70.0,114.0,287,15.331010452961673
14923,M. Russ,Eintracht Frankfurt,defender,1,0.19915960240906952,0.2326628800356561,0.0632309786470812,6.0,13.0,609,1.1494252873563218
14760,M. Harnik,Hannover 96,forward,9,0.19896400640301223,0.22355643090925256,-0.02684228053650797,71.0,109.0,287,13.240418118466899
21123,S. Verdi,Bologna,forward,10,0.1985528679988917,0.24878572894997336,-0.002377285565533192,72.0,95.0,287,8.013937282229966
9206,C. Wood,Burnley,forward,10,0.19852168821242308,0.2936781119599308,-0.040931165179714055,73.0,72.0,287,-0.34843205574912894
77558,G. Sigurðsson,Everton,midfielder,4,0.19613336353061575,0.2207833833640243,-0.0030687027776379445,26.0,68.0,598,7.023411371237458
25714,D. Payet,Olympique Marseille,midfielder,6,0.19393297193116787,0.29580175903382216,0.006924924593731147,27.0,19.0,598,-1.3377926421404682
26100,N. Sliti,Dijon,midfielder,7,0.19368014133951203,0.26239743128386367,-0.0029576117706700844,28.0,37.0,598,1.5050167224080269
25407,C. Grenier,Guingamp,midfielder,5,0.19293277759789082,0.29140677346101207,-0.0007980684522160149,29.0,21.0,598,-1.3377926421404682
20751,J. Cuadrado,Juventus,midfielder,4,0.19290947933958766,0.2410389223042868,0.005983699080423963,30.0,50.0,598,3.3444816053511706
40810,Neymar,PSG,forward,20,0.1923990338632518,0.4428015413167671,-0.0030258506738145945,74.0,29.0,287,-15.679442508710801
37824,T. Meunier,PSG,defender,4,0.19231996294441134,0.28182833660633916,0.0007223009442569473,7.0,2.0,609,-0.8210180623973727
3840,Iago Aspas,Celta de Vigo,forward,22,0.19223289689445155,0.4215950253643668,-0.010798215415154307,75.0,34.0,287,-14.285714285714286
221411,P. Max,Augsburg,defender,2,0.19180817894855498,0.2685170606463782,0.022365965823130933,8.0,5.0,609,-0.49261083743842365
14945,G. Sio,Montpellier,forward,10,0.19152029261750766,0.1676649741492699,-0.035650191070902386,76.0,147.0,287,24.738675958188153
142755,B. Traoré,Olympique Lyonnais,forward,13,0.19141965622188475,0.3384880106223289,-0.003494470990201694,77.0,52.0,287,-8.710801393728223
3318,S. Khedira,Juventus,midfielder,9,0.19031911633945509,0.3733539267544908,-0.019576294149099973,31.0,6.0,598,-4.1806020066889635
325781,J. Lea Siliki,Rennes,midfielder,4,0.19025924368848599,0.2583769961009026,0.007569321363048333,32.0,38.0,598,1.0033444816053512
15107,Raffael,Borussia M'gladbach,forward,9,0.18986599332650134,0.2944168705607269,-0.014477796929425909,78.0,71.0,287,-2.4390243902439024
20460,M. Cáceres,Hellas Verona,defender,4,0.18878986039555157,0.2498430564193837,0.02053505593366692,9.0,7.0,609,-0.3284072249589491
20941,A. Ljajić,Torino,forward,6,0.18872309488002625,0.2523377265744098,0.004786839168339719,79.0,91.0,287,4.181184668989547
8833,J. Lascelles,Newcastle United,defender,3,0.18817381202974454,0.20990732961344405,0.03778172259237335,10.0,20.0,609,1.6420361247947455
276920,V. Vada,Bordeaux,midfielder,2,0.18679754608818305,0.21047188742443387,0.0216834125564178,33.0,76.0,598,7.190635451505017
25747,S. Mané,Liverpool,forward,10,0.18663411463775864,0.27870673007365626,-0.011864752223453229,80.0,78.0,287,-0.6968641114982579
134494,V. Germain,Olympique Marseille,forward,9,0.1866204805524095,0.2699759790883908,-0.012125688091391163,81.0,82.0,287,0.34843205574912894
61962,Sung-Yeung Ki,Swansea City,midfielder,2,0.18528444028028768,0.19308829296682772,0.01376712619778813,34.0,100.0,598,11.036789297658864
408827,B. Srarfi,Nice,midfielder,3,0.18504201234840975,0.22944075977484155,0.0034039417557513033,35.0,61.0,598,4.3478260869565215
21114,M. Antenucci,SPAL,forward,11,0.1849083726927855,0.23635276797264776,-0.029326579844984192,82.0,101.0,287,6.620209059233449
3802,Philippe Coutinho,Barcelona,forward,15,0.18483898091343112,0.3534258749582821,-0.002613024601195509,83.0,48.0,287,-12.195121951219512
134769,Y. Carrasco,Atlético Madrid,forward,3,0.1846055010006247,0.26537645512802516,0.0003676435888593437,84.0,84.0,287,0.0
21639,L. Ceppitelli,Cagliari,defender,3,0.18324320486818566,0.18386864657228608,0.047291064514970935,11.0,44.0,609,5.41871921182266
26389,Y. Sankharé,Bordeaux,midfielder,7,0.18080237216477102,0.3272903984375038,0.008290297493854907,36.0,10.0,598,-4.3478260869565215
130,S. de Vrij,Lazio,defender,6,0.1806369893402602,0.24547305095460842,0.012638899324240144,12.0,9.0,609,-0.49261083743842365
397178,M. Rashford,Manchester United,forward,7,0.180255281951219,0.25160552576380346,-0.013373340122220936,85.0,92.0,287,2.4390243902439024
351010,P. Cutrone,Milan,forward,10,0.17878909519490654,0.3093307819284876,-0.04302036319279762,86.0,60.0,287,-9.059233449477352
224971,E. Thommy,Stuttgart,midfielder,2,0.1780794810373823,0.22043549955262992,0.011321419284345408,37.0,69.0,598,5.351170568561873
160,D. Janmaat,Watford,defender,3,0.17692965145661313,0.24851335615916045,0.009991491264327136,13.0,8.0,609,-0.8210180623973727
3510,Timor,Girona,midfielder,2,0.17630396863668507,0.24427190789171194,0.03037959117444857,38.0,47.0,598,1.5050167224080269
374013,A. Diawara,Napoli,midfielder,1,0.17497945473203438,0.2034334768853685,0.022218484177316845,39.0,83.0,598,7.357859531772576
25704,F. Balmont,Dijon,midfielder,1,0.17465746201688032,0.22177506612481587,0.008901324606368305,40.0,67.0,598,4.51505016722408
343925,D. Verde,Hellas Verona,forward,2,0.17434549149049033,0.27585966772591,0.007981904704221743,87.0,79.0,287,-2.7874564459930316
364850,J. Firpo,Real Betis,defender,2,0.17321997249946525,0.18234998715898348,-0.00037677064930414795,14.0,45.0,609,5.090311986863711
7858,B. Sagna,Benevento,defender,1,0.1728917039653508,0.18735760969417042,0.01418173950771513,15.0,34.0,609,3.1198686371100166
5400,Gerard Moreno,Espanyol,forward,16,0.1727228780624453,0.15653696699426078,-0.029067413262423552,88.0,159.0,287,24.738675958188153
15317,L. Bittencourt,Köln,midfielder,5,0.17267745764463516,0.20404790978749626,-0.015457924456950533,41.0,81.0,598,6.688963210702341
14989,D. Caligiuri,Schalke 04,midfielder,6,0.1723408290569789,0.19622036815938312,0.010273005532379049,42.0,95.0,598,8.862876254180602
14696,Z. Junuzović,Werder Bremen,midfielder,2,0.1711857568347826,0.1608775490272759,-0.005915824216990041,43.0,171.0,598,21.40468227424749
3674,Markel Bergara,Getafe,midfielder,4,0.171149664630757,0.27069942673688063,-0.00624144551552423,44.0,32.0,598,-2.0066889632107023
3317,Granero,Espanyol,midfielder,1,0.1704380640014995,0.21264558195012806,0.019320047179250677,45.0,75.0,598,5.016722408026756
8422,W. Zaha,Crystal Palace,midfielder,9,0.16967547644056488,0.17798386846802253,-0.039438234075343054,46.0,132.0,598,14.381270903010034
3423,Ibai Gómez,Deportivo Alavés,midfielder,7,0.1694291490231947,0.2938851955481683,0.00030578784239041753,47.0,20.0,598,-4.51505016722408
25939,M. Diallo,Guingamp,midfielder,5,0.16926413534821047,0.24100001317680123,0.01812472823600525,48.0,51.0,598,0.5016722408026756
37948,A. Finnbogason,Augsburg,forward,12,0.16899118527780238,0.3552425838718866,-0.03358097609835452,89.0,46.0,287,-14.982578397212544
334552,F. Kamano,Bordeaux,forward,8,0.1687307017931176,0.2585011815094659,-0.0077877339432460896,90.0,89.0,287,-0.34843205574912894
105541,Lucas Pérez,Deportivo La Coruña,forward,8,0.1687250389778888,0.23506291940866153,-0.011175925583055683,91.0,102.0,287,3.832752613240418
228983,W. Cyprien,Nice,midfielder,2,0.16755166132719165,0.18427985237312516,0.034146295844761074,49.0,119.0,598,11.705685618729097
14703,M. Arnautović,West Ham United,forward,11,0.16743178298637165,0.23381472457873453,-0.035790217947236636,92.0,103.0,287,3.832752613240418
25860,M. Gradel,Toulouse,forward,8,0.16648890172485617,0.203673247843733,-0.026193635106068532,93.0,123.0,287,10.452961672473867
300485,Malcom,Bordeaux,forward,12,0.16621475801484203,0.3168651827010288,-0.004679195507591887,94.0,58.0,287,-12.543554006968641
28990,D. Liénard,Strasbourg,midfielder,5,0.16507514803702802,0.25433426111307206,0.012906434980217906,50.0,39.0,598,-1.839464882943144
134513,A. Martial,Manchester United,forward,9,0.16493794345670035,0.31555784445136514,-0.02015962839278853,95.0,59.0,287,-12.543554006968641
70834,Guilherme,Benevento,midfielder,2,0.16492571813957127,0.19747814517480802,-0.013181577719556685,51.0,90.0,598,6.521739130434782
127537,L. Milivojević,Crystal Palace,midfielder,10,0.16403485446965613,0.24494349136355,0.01775053392248295,52.0,46.0,598,-1.0033444816053512
94764,Y. Muto,Mainz 05,forward,8,0.16332513887938319,0.21228480707593508,-0.052068607749915403,96.0,117.0,287,7.317073170731708
11063,Suso,Milan,forward,6,0.16254400790678586,0.21690386864030614,-0.010054165266168752,97.0,115.0,287,6.2717770034843205
40806,Felipe Anderson,Lazio,midfielder,4,0.16177098975224802,0.28591161028007295,-0.0015889044792559474,53.0,25.0,598,-4.682274247491639
355599,Mikel Oyarzabal,Real Sociedad,midfielder,12,0.16164841100782323,0.24178788629070602,-0.02834519695826974,54.0,49.0,598,-0.8361204013377926
20845,G. Bonaventura,Milan,midfielder,8,0.1613450103144895,0.24068795117475345,0.0015861604972949462,55.0,52.0,598,-0.5016722408026756
9123,A. Barnes,Burnley,forward,9,0.16081439194265873,0.12819111373245706,-0.0671842900163396,98.0,182.0,287,29.26829268292683
8903,T. Deeney,Watford,forward,5,0.1606409056554719,0.15385423274283463,-0.02542912483671897,99.0,161.0,287,21.60278745644599
282448,Aleix García,Girona,midfielder,1,0.16059075398442343,0.20312137717077353,0.017599615539554903,56.0,84.0,598,4.682274247491639
91381,J. Izquierdo,Brighton & Hove Albion,forward,5,0.1604634347466427,0.24894091918295122,-0.009514965496365876,100.0,94.0,287,-2.0905923344947737
3314,Á. di María,PSG,midfielder,11,0.16026064102449114,0.29611637583265227,0.002485439872963213,57.0,18.0,598,-6.521739130434782
93,J. Guðmunds­son,Burnley,midfielder,2,0.159934032836814,0.19031320677786911,0.00024770617884633796,58.0,108.0,598,8.361204013377927
9164,C. Taylor,Burnley,defender,0,0.15913917194919056,0.18714851199963128,0.024934847275960913,16.0,36.0,609,3.284072249589491
256992,A. Fulgini,Angers,midfielder,3,0.15873120614727518,0.2322719081648861,0.013094498753689825,59.0,58.0,598,-0.16722408026755853
3460,Coke,Levante,defender,3,0.1586621590358488,0.2072386795815307,0.017803747732583978,17.0,23.0,609,0.9852216748768473
3791,Z. Feddal,Real Betis,defender,3,0.1583484865039157,0.17428720332151867,-0.0033445399487969586,18.0,61.0,609,7.060755336617405
3484,Luis Alberto,Lazio,midfielder,11,0.15828610471590282,0.2667245484850619,-0.006595643888506632,60.0,33.0,598,-4.51505016722408
3571,Joaquín,Real Betis,midfielder,4,0.15826148321296554,0.18336392881099695,0.009098055430950462,61.0,120.0,598,9.866220735785953
25430,M. Sakho,Crystal Palace,defender,1,0.15771518625870148,0.14235401210163243,0.019760419527049298,19.0,133.0,609,18.7192118226601
25622,T. Hazard,Borussia M'gladbach,forward,10,0.1576009100636998,0.19548830387418287,-0.006932533260440624,101.0,127.0,287,9.059233449477352
8370,C. Brunt,West Bromwich Albion,midfielder,0,0.1571649767312016,0.20585583552003328,0.02252329500694634,62.0,79.0,598,2.842809364548495
288091,Marco Asensio,Real Madrid,midfielder,6,0.15700437380315116,0.2183153853226159,-0.0046264499346878665,63.0,71.0,598,1.3377926421404682
8530,J. McClean,West Bromwich Albion,midfielder,1,0.15673927252359096,0.14180476650071136,0.012967873717260398,64.0,233.0,598,28.26086956521739
366217,K. Danso,Augsburg,defender,2,0.1564340198247437,0.21495462808046134,0.01123038169084584,20.0,18.0,609,-0.3284072249589491
8239,L. Baines,Everton,defender,2,0.1563428996369864,0.18052819575539716,0.004213440281219505,21.0,48.0,609,4.433497536945813
116269,D. Laxalt,Genoa,midfielder,3,0.155878659822926,0.12130650201316524,0.0029669369759299517,65.0,313.0,598,41.47157190635451
25707,E. Hazard,Chelsea,forward,12,0.15580918948834035,0.2653430487990408,-0.008724842528825967,102.0,85.0,287,-5.923344947735192
20620,Pedro Obiang,West Ham United,midfielder,2,0.1557024918560215,0.14795552100963394,0.010861384638327134,66.0,216.0,598,25.08361204013378
364772,C. Awaziem,Nantes,defender,1,0.15552279813993844,0.19545264963630568,0.04688915477205426,22.0,27.0,609,0.8210180623973727
209209,F. Tait,Angers,midfielder,4,0.1551000787835368,0.1537310673138309,-0.0030637669453571405,67.0,198.0,598,21.906354515050168
14911,Son Heung-Min,Tottenham Hotspur,forward,12,0.15427193410346282,0.2660557142384392,-0.024750837842567843,103.0,83.0,287,-6.968641114982578
50069,S. Widmer,Udinese,defender,3,0.15380102056713366,0.24106118240481733,0.00940310227862779,23.0,12.0,609,-1.80623973727422
203113,I. Sylla,Toulouse,defender,1,0.15350350164091112,0.18869266761316028,0.01812375107991973,24.0,33.0,609,1.477832512315271
25849,F. Ghoulam,Napoli,defender,2,0.1532145965703679,0.18605925133817983,0.01062157960157193,25.0,41.0,609,2.6272577996715927
70096,J. Rodríguez,Bayern München,midfielder,7,0.1530902440348208,0.28209992916578075,0.009512755195517435,68.0,27.0,598,-6.8561872909699
221333,K. Demirbay,Hoffenheim,midfielder,2,0.15281552618031644,0.1832365845935906,0.0009842036361572834,69.0,121.0,598,8.695652173913043
86517,P. De Blasis,Mainz 05,forward,5,0.15263396697709072,0.18635960833982657,-0.01115970175642991,104.0,134.0,287,10.452961672473867
15524,H. Çalhanoğlu,Milan,midfielder,6,0.1517595555990621,0.2313096083815401,0.0019164859693088794,70.0,59.0,598,-1.839464882943144
7922,C. Smalling,Manchester United,defender,4,0.15143683541471614,0.21552012074628127,0.020334426020825837,26.0,17.0,609,-1.477832512315271
22202,S. Zaza,Valencia,forward,13,0.1513864356998473,0.299921592374964,-0.05531761790678239,105.0,67.0,287,-13.240418118466899
242446,L. Dubois,Nantes,defender,3,0.15116962279787832,0.182007560070036,0.016633651215625076,27.0,47.0,609,3.284072249589491
40301,Lucas Lima,Nantes,defender,2,0.15103440167285234,0.1551191933570014,0.013944817428863847,28.0,99.0,609,11.658456486042693
250134,Luiz Araújo,Lille,forward,5,0.15061075048938433,0.20137336294033237,-0.00029050888957530646,106.0,124.0,287,6.2717770034843205
7879,T. Walcott,Everton,forward,3,0.15040155212911546,0.1916293544789072,-0.024483641425970912,107.0,131.0,287,8.362369337979095
286223,N. Barella,Cagliari,midfielder,6,0.15027829265846857,0.1773590777767872,-0.00011365688599440837,71.0,135.0,598,10.702341137123746
354547,J. Jankto,Udinese,midfielder,4,0.1502650759622831,0.20560165830060967,0.007857002927039643,72.0,80.0,598,1.3377926421404682
3563,Isco,Real Madrid,midfielder,7,0.1499927788780106,0.22552329633029625,0.0020893736825135503,73.0,66.0,598,-1.1705685618729098
8498,A. King,Swansea City,midfielder,3,0.1499487568397986,0.28073161311636763,0.008265885557228115,74.0,28.0,598,-7.6923076923076925
83836,A. Maxim,Mainz 05,midfielder,2,0.14967036615803472,0.2383066160059023,0.021632258328348034,75.0,54.0,598,-3.511705685618729
7929,T. Cleverley,Watford,midfielder,1,0.14956922860947083,0.16608382514106687,0.01860087897432816,76.0,161.0,598,14.214046822742475
213948,R. de Paul,Udinese,midfielder,4,0.14895986362829175,0.1945811906234598,-0.004255948080806498,77.0,97.0,598,3.3444816053511706
11066,R. Sterling,Manchester City,forward,18,0.14867192019103462,0.2935823782253825,-0.03385552300837714,108.0,73.0,287,-12.195121951219512
20516,D. Faraoni,Crotone,defender,2,0.1485347670001593,0.22604099788464682,0.023674629747499953,29.0,14.0,609,-2.4630541871921183
105333,Willian,Chelsea,midfielder,6,0.14849993516400742,0.21047164443235025,0.0034833124938840844,78.0,77.0,598,-0.16722408026755853
7623,Léo Baptistão,Espanyol,forward,8,0.14805680068271668,0.2110169088080736,-0.019905234840393735,109.0,118.0,287,3.1358885017421603
14991,M. Ginter,Borussia M'gladbach,defender,5,0.1480371223608276,0.19712483636547362,0.0021499573935023,30.0,24.0,609,-0.9852216748768473
278278,Munir,Deportivo Alavés,forward,10,0.14781065193628723,0.19651586283233777,-0.026591863585261534,110.0,126.0,287,5.574912891986063
209091,C. Tolisso,Bayern München,midfielder,6,0.1473282353568022,0.24909909548208806,7.566639534004995e-05,79.0,42.0,598,-6.187290969899665
14762,V. Ibišević,Hertha BSC,forward,7,0.14724394785051412,0.22687818791376094,-0.021513691239958416,111.0,106.0,287,-1.7421602787456445
276944,J. Bamba,Saint-Étienne,forward,7,0.14716502990017566,0.16841979078934993,0.0012109847872727015,112.0,146.0,287,11.846689895470384
353833,K. Mbappé,PSG,forward,13,0.14714357126519495,0.3378185047211604,-0.018908123197600976,113.0,53.0,287,-20.905923344947734
20593,R. Pereyra,Watford,midfielder,5,0.14702941706264316,0.1969278338610427,-0.006441640676710717,80.0,91.0,598,1.839464882943144
146583,J. Brandt,Bayer Leverkusen,midfielder,9,0.14636532968383084,0.32320678305433165,-0.009600756495518548,81.0,11.0,598,-11.705685618729097
14763,S. Okazaki,Leicester City,forward,6,0.1462818736177635,0.27163068106899535,-0.018526892342861225,114.0,80.0,287,-11.846689895470384
221172,A. Hack,Mainz 05,defender,1,0.14624220995954737,0.19176519256053193,0.06443907060337159,31.0,29.0,609,-0.3284072249589491
289711,N. Keïta,RB Leipzig,midfielder,5,0.14606538925588725,0.19112228126771205,0.00516585454397549,82.0,103.0,598,3.511705685618729
26010,O. Giroud,Chelsea,forward,7,0.14582381746717968,0.1852459055853526,-0.028300997756376498,115.0,135.0,287,6.968641114982578
105523,Danilo Avelar,Amiens SC,defender,1,0.14578066754029034,0.1745161815873872,0.03012192590217082,32.0,60.0,609,4.597701149425287
20764,L. Muriel,Sevilla,forward,7,0.14544837167878427,0.19762628615854985,-0.02977370295178402,116.0,125.0,287,3.1358885017421603
25889,R. Hamouma,Saint-Étienne,forward,5,0.14452090618047733,0.2634789481925273,0.007735269909311796,117.0,87.0,287,-10.452961672473867
295273,G. Donsah,Bologna,midfielder,2,0.14409489600120937,0.13781841259215477,-0.005623128185170774,83.0,246.0,598,27.25752508361204
15191,Y. Mallı,Wolfsburg,midfielder,5,0.14377076295522434,0.18944456333290424,-0.00875053626302669,84.0,110.0,598,4.3478260869565215
397046,H. Aouar,Olympique Lyonnais,midfielder,6,0.14347577508611253,0.15957291630402576,0.006484771615169502,85.0,177.0,598,15.384615384615385
15194,M. Risse,Köln,midfielder,1,0.14293583316564737,0.17457199968001527,0.005111763252614088,86.0,139.0,598,8.862876254180602
141172,J. Aholou,Strasbourg,midfielder,5,0.1423609252773121,0.17847381839720347,0.0058693639738954945,87.0,131.0,598,7.357859531772576
15456,F. Klaus,Hannover 96,midfielder,4,0.14202867068901107,0.18574726815319537,-0.003924479653488535,88.0,116.0,598,4.682274247491639
110,J. Willems,Eintracht Frankfurt,defender,0,0.14199955950241033,0.16963877730635543,0.029411869249950765,33.0,69.0,609,5.911330049261084
14689,Naldo,Schalke 04,defender,7,0.14140999877652258,0.17229402299747962,0.010839085913809976,34.0,65.0,609,5.090311986863711
15039,K. Rausch,Köln,defender,0,0.14126090029081706,0.15568030816433814,0.028983186833137744,35.0,97.0,609,10.180623973727421
265172,A. Barák,Udinese,midfielder,7,0.14112271559433545,0.19921790405508824,-0.01611672205461436,89.0,88.0,598,-0.16722408026755853
15085,S. Wagner,Hoffenheim,forward,12,0.14105491613440946,0.3034701510955734,-0.025219284728876728,118.0,63.0,287,-19.16376306620209
220359,P. Faragò,Cagliari,midfielder,2,0.14087502087454137,0.16654962381297608,0.009062085178334336,90.0,160.0,598,11.705685618729097
25541,J. Veretout,Fiorentina,midfielder,8,0.14021329579739747,0.21310632425647474,0.007901448674851635,91.0,74.0,598,-2.842809364548495
29641,B. Pelé,Troyes,midfielder,2,0.1401033593317268,0.16003320087647963,0.003821307674069341,92.0,176.0,598,14.046822742474916
14706,A. Hunt,Hamburger SV,midfielder,3,0.1399132355769347,0.161683226903198,0.005332774984643658,93.0,169.0,598,12.709030100334449
9637,J. King,AFC Bournemouth,forward,8,0.13960941148942077,0.1622433631464935,-0.014997158314605338,119.0,153.0,287,11.846689895470384
15399,D. Brosinski,Mainz 05,defender,1,0.13930440733686508,0.1641243264001955,0.02520727455580553,36.0,78.0,609,6.896551724137931
127796,F. Kostić,Hamburger SV,midfielder,5,0.13890751731666187,0.15837571257951408,-0.018162784349504576,94.0,182.0,598,14.715719063545151
20927,L. De Silvestri,Torino,defender,5,0.1380113126596368,0.1363408756807827,-0.00953565929142311,37.0,154.0,609,19.211822660098523
14801,N. Subotić,Saint-Étienne,defender,2,0.13779470040392583,0.17458120424739937,0.019792484014086058,38.0,59.0,609,3.4482758620689653
410062,J. Koundé,Bordeaux,defender,2,0.13764097531741318,0.17913996551085448,0.021839293575866486,39.0,51.0,609,1.9704433497536946
208865,Bastos,Lazio,defender,4,0.1374588707004883,0.282314414278528,-0.017681509864023368,40.0,1.0,609,-6.403940886699507
254408,Á. Correa,Atlético Madrid,forward,8,0.1373126496055737,0.20535020074286645,-0.014798286559815682,120.0,121.0,287,0.34843205574912894
3645,Chory Castro,Málaga,midfielder,4,0.13708445073284345,0.19311658791175934,-0.01231499082016906,95.0,99.0,598,0.6688963210702341
7934,J. Lingard,Manchester United,midfielder,8,0.1365056294460259,0.23568489363422554,-0.00819748995680983,96.0,57.0,598,-6.521739130434782
20402,K. Boateng,Eintracht Frankfurt,midfielder,6,0.13537298869334538,0.15825716208391435,0.005375936730378899,97.0,183.0,598,14.381270903010034
69616,A. Rebić,Eintracht Frankfurt,forward,6,0.1353548658141341,0.16630604369541602,-0.041805814954616285,121.0,148.0,287,9.40766550522648
209086,M. Sanson,Olympique Marseille,midfielder,8,0.13522186360218877,0.2374624748178239,-0.015497514629699508,98.0,55.0,598,-7.190635451505017
340386,Gabriel Jesus,Manchester City,forward,13,0.13518968132146342,0.24014993678094637,-0.057260108835407636,122.0,99.0,287,-8.013937282229966
8561,M. Noble,West Ham United,midfielder,4,0.13473076426453826,0.1911108442973962,-0.0007693165144443643,99.0,104.0,598,0.8361204013377926
336829,R. Koch,Freiburg,defender,2,0.13449584322358132,0.16443000597286733,0.02050816454709056,41.0,77.0,609,5.911330049261084
214654,S. Mounié,Huddersfield Town,forward,8,0.13396594135395512,0.24158116907156507,-0.013919094668219603,123.0,97.0,287,-9.059233449477352
20820,J. Iličić,Atalanta,forward,11,0.13340246438420328,0.3019051461150556,0.0025931638418436836,124.0,65.0,287,-20.557491289198605
116171,João Pedro,Cagliari,midfielder,5,0.13332592153710704,0.18307592334207212,-0.021577746336748756,100.0,122.0,598,3.678929765886288
3474,Jesús Navas,Sevilla,midfielder,1,0.13318415388650298,0.11049899716336962,-0.0047383655551087285,101.0,358.0,598,42.97658862876254
105378,Y. Konoplyanka,Schalke 04,midfielder,4,0.13318344798719858,0.22855234870371777,-0.0075600440932382,102.0,63.0,598,-6.521739130434782
217872,J. Iloki,Nantes,midfielder,0,0.13312994308229378,0.19286634712780318,-0.0014590254053571444,103.0,101.0,598,-0.33444816053511706
7967,J. Shelvey,Newcastle United,midfielder,1,0.13238632468458494,0.17664207382779332,0.014146801473065995,104.0,137.0,598,5.518394648829432
9227,M. Ritchie,Newcastle United,midfielder,3,0.13234948881655306,0.15856408346123751,-0.006131565097727285,105.0,181.0,598,12.709030100334449
207164,B. N'Diaye,Stoke City,midfielder,2,0.132261827430445,0.1775353770454282,-0.016043073830517156,106.0,133.0,598,4.51505016722408
340019,Gerson,Roma,midfielder,2,0.1319794192878951,0.240305222166113,0.009290155012850035,107.0,53.0,598,-9.03010033444816
15719,B. Hübner,Hoffenheim,defender,3,0.13168424173886248,0.17502542237926275,0.00474647032346327,42.0,57.0,609,2.4630541871921183
14731,M. Gómez,Stuttgart,forward,9,0.13167348186376937,0.13359647441835026,-0.04761312560280814,125.0,176.0,287,17.770034843205575
25605,E. Sala,Nantes,forward,12,0.13149064494729465,0.0710202575780793,-0.030189062252573805,126.0,224.0,287,34.146341463414636
14845,D. Ginczek,Stuttgart,forward,7,0.13141941346202707,0.26402912472195006,-0.042769181995566355,127.0,86.0,287,-14.285714285714286
25800,É. Didot,Guingamp,midfielder,2,0.13087080328448916,0.1553985675498055,0.003940027512796685,108.0,189.0,598,13.545150501672241
3293,P. Piatti,Espanyol,forward,2,0.13055351526205358,0.1812836946833118,-0.0024050275010376867,128.0,137.0,287,3.1358885017421603
20661,A. Paloschi,SPAL,forward,7,0.13046006202770324,0.17198747391309602,-0.05545041001745302,129.0,145.0,287,5.574912891986063
26498,K. Lala,Strasbourg,defender,3,0.1303121823177489,0.17601239219984477,0.011423467038707608,43.0,56.0,609,2.134646962233169
3475,D. Perotti,Roma,forward,5,0.13023041120226903,0.25046272788798946,-0.006477249722232914,130.0,93.0,287,-12.89198606271777
169002,Diego Rico,Leganés,defender,2,0.12963130237875178,0.17184468191436014,0.01656462402721861,44.0,66.0,609,3.61247947454844
215036,C. Yamberé,Dijon,defender,3,0.1288621431990461,0.15178054054228418,-0.01905598202808174,45.0,107.0,609,10.180623973727421
151,J. Guidetti,Deportivo Alavés,forward,3,0.12858101863512003,0.17544958301875627,-0.033909133645661095,131.0,142.0,287,3.832752613240418
15231,K. Volland,Bayer Leverkusen,forward,14,0.12839711432346843,0.22645233023383762,-0.02805035727835347,132.0,107.0,287,-8.710801393728223
14722,Luiz Gustavo,Olympique Marseille,midfielder,5,0.12836353788657576,0.1788953267613577,0.005142344412631607,109.0,130.0,598,3.511705685618729
224680,M. Wolf,Eintracht Frankfurt,midfielder,5,0.12818397499543943,0.18557582215761892,0.005427744023123498,110.0,118.0,598,1.3377926421404682
54,C. Eriksen,Tottenham Hotspur,midfielder,11,0.1281059220464539,0.23084855449089528,0.00023591333721852866,111.0,60.0,598,-8.528428093645484
8306,A. Kolarov,Roma,defender,2,0.12807336401452804,0.1622814830965034,0.01071486341633493,46.0,83.0,609,6.075533661740558
215130,Nuno Da Costa,Strasbourg,forward,5,0.1276476451610181,0.13767544838875176,-0.02282705253133797,133.0,171.0,287,13.240418118466899
8032,Marcos Alonso,Chelsea,defender,7,0.12747997815743226,0.18984118561136132,-0.00015363588433764535,47.0,31.0,609,-2.6272577996715927
286915,F. Eboa Eboa,Guingamp,defender,1,0.1274511098257791,0.1477414175643926,0.02871259941960196,48.0,120.0,609,11.822660098522167
25457,J. Roussillon,Montpellier,defender,3,0.12731595201868928,0.17945468715571322,0.002697452958041851,49.0,50.0,609,0.16420361247947454
26065,J. Martin,Strasbourg,midfielder,4,0.12705281033165355,0.16278338542044393,0.010744688970603404,112.0,168.0,598,9.364548494983278
32652,E. Çolak,Deportivo La Coruña,midfielder,1,0.12669813980261138,0.15152525313391554,0.0029770943959053203,113.0,206.0,598,15.551839464882944
8327,E. Džeko,Roma,forward,16,0.12661084814740464,0.15733920999672657,-0.034843216131172104,134.0,157.0,287,8.013937282229966
7914,J. Evans,West Bromwich Albion,defender,2,0.12654000500803037,0.18882540872464187,0.025085446887304148,50.0,32.0,609,-2.955665024630542
74,R. Klavan,Liverpool,defender,1,0.12625679215629784,0.1311718909973773,0.017394015730649595,51.0,177.0,609,20.689655172413794
93044,S. Darbion,Troyes,midfielder,3,0.1262270282165296,0.1532378079255658,-0.012094861641589159,114.0,200.0,598,14.381270903010034
143566,Douglas Santos,Hamburger SV,defender,1,0.12591111945745143,0.16367289719242542,0.023156059447792664,52.0,81.0,609,4.761904761904762
14732,T. Müller,Bayern München,forward,8,0.1258847528893833,0.1873309531547116,-0.040925468472057844,135.0,133.0,287,-0.6968641114982579
7939,A. Young,Manchester United,defender,2,0.12571393085763954,0.17402428116065638,0.006809466867747357,53.0,63.0,609,1.6420361247947455
25710,A. Soumaoro,Lille,defender,0,0.12568409415389054,0.18412636495077592,0.045413684944066425,54.0,43.0,609,-1.80623973727422
18669,J. Hector,Köln,defender,2,0.12552844722037287,0.1728331272942504,0.024553968344974666,55.0,64.0,609,1.477832512315271
448079,I. Sarr,Rennes,midfielder,5,0.1252134915532586,0.16850432987080796,-0.025696940785597238,115.0,151.0,598,6.0200668896321075
26604,Y. Salibur,Guingamp,midfielder,3,0.12503731870643706,0.18693002218140503,-0.015226139671725208,116.0,114.0,598,-0.33444816053511706
20436,José Ángel,Eibar,defender,0,0.1249098634647908,0.17771419538778035,0.012231433056298464,56.0,54.0,609,-0.3284072249589491
20803,M. Aguirregaray,Las Palmas,defender,0,0.12451188398554815,0.1249020238457001,0.007809830779582671,57.0,210.0,609,25.123152709359605
25517,Y. Sanogo,Toulouse,forward,6,0.12425798289975372,0.039368855232493075,-0.04150610977847847,136.0,247.0,287,38.67595818815331
3560,Nacho Monreal,Arsenal,defender,5,0.1236574822565509,0.1868186545295345,0.003615869816056041,58.0,37.0,609,-3.4482758620689653
21607,F. Cacciatore,Chievo,defender,2,0.12353760968037825,0.1541516485594367,0.006787699847901415,59.0,101.0,609,6.896551724137931
18982,N. Schulz,Hoffenheim,midfielder,1,0.12322121161209132,0.17307938559253025,0.0006919690171336542,117.0,143.0,598,4.3478260869565215
3451,Adrián López,Deportivo La Coruña,forward,9,0.12289754458626827,0.2298046566752928,0.0006218840893549184,137.0,105.0,287,-11.149825783972126
20935,Rômulo,Hellas Verona,midfielder,3,0.12255734730242873,0.15461566734239365,0.008028286028000183,118.0,192.0,598,12.37458193979933
254,R. Rosales,Málaga,defender,1,0.12245435140480151,0.14994612352191383,0.0219526983684042,60.0,114.0,609,8.866995073891626
341751,Marc Navarro,Espanyol,defender,1,0.12240730447643446,0.11990204410489377,-0.010905002570943803,61.0,242.0,609,29.720853858784892
11095,M. Veljkovic,Werder Bremen,defender,1,0.12240220241476328,0.14375260985148192,0.02268117543835547,62.0,131.0,609,11.330049261083744
26115,S. Sané,Hannover 96,defender,4,0.1219974629146555,0.18661774933955497,0.019569315146493772,63.0,38.0,609,-4.105090311986864
20404,B. Cristante,Atalanta,midfielder,9,0.12171349486936868,0.15380754780630507,-0.0125742749426993,119.0,197.0,598,13.043478260869565
265865,S. Milinković-Savić,Lazio,midfielder,12,0.12167528982924239,0.16886380639625917,-0.014933765111716653,120.0,148.0,598,4.682274247491639
26652,D. Wass,Celta de Vigo,midfielder,4,0.12160124127230312,0.1607368448591234,0.006429268358714434,121.0,173.0,598,8.695652173913043
22883,A. Izzo,Genoa,defender,1,0.12156247902235465,0.14493202235308816,0.029448362877469113,64.0,128.0,609,10.50903119868637
14885,D. Aogo,Stuttgart,defender,0,0.12152540777355228,0.15314276522830153,0.02558680559211872,65.0,104.0,609,6.403940886699507
25888,F. Fajr,Getafe,midfielder,1,0.12137787473602177,0.1540558390263899,0.01423122245450437,122.0,195.0,598,12.207357859531772
3350,Fàbregas,Chelsea,midfielder,2,0.12117529855130275,0.16859002313174562,0.013298256874518594,123.0,150.0,598,4.51505016722408
135561,F. Grillitsch,Hoffenheim,midfielder,1,0.12102233251752335,0.14959657238547266,0.011664445279388877,124.0,209.0,598,14.214046822742475
3286,Dani Parejo,Valencia,midfielder,7,0.12094335519521775,0.16744129366483296,0.008123302429731026,125.0,155.0,598,5.016722408026756
15139,T. Chandler,Eintracht Frankfurt,defender,2,0.12087895451038588,0.1968820275654829,0.009153685047297893,66.0,25.0,609,-6.732348111658457
6365,Bustinza,Leganés,defender,2,0.12087232370082315,0.16681291115132196,0.008885860844247577,67.0,73.0,609,0.9852216748768473
25558,N. N'Koulou,Torino,defender,2,0.12074932071650449,0.15695357198284668,0.01800452951119904,68.0,91.0,609,3.7766830870279144
8317,David Silva,Manchester City,midfielder,9,0.12042597782446736,0.1953051506912264,-0.005853455501209755,126.0,96.0,598,-5.016722408026756
134387,L. Goretzka,Schalke 04,midfielder,4,0.12037009024427181,0.16594258144120874,0.0010171235198754482,127.0,162.0,598,5.852842809364549
105334,Douglas Costa,Juventus,midfielder,4,0.11996921009156372,0.18789175428057114,-0.006185325759997807,128.0,113.0,598,-2.508361204013378
230883,Ayoze Pérez,Newcastle United,forward,8,0.11976566803624315,0.12955100712437942,-0.016818696508572265,138.0,178.0,287,13.937282229965156
15125,M. Plattenhardt,Hertha BSC,defender,0,0.11972882408695491,0.16792127423461672,0.02018884755998084,69.0,71.0,609,0.3284072249589491
14887,J. Bruma,Wolfsburg,defender,0,0.11971197941471284,0.13784146279647128,0.028657694044462712,70.0,149.0,609,12.97208538587849
20433,S. Kjær,Sevilla,defender,2,0.11920386830542123,0.10145568437500294,-0.00028462202303454785,71.0,357.0,609,46.96223316912972
65055,F. Kainz,Werder Bremen,midfielder,3,0.11915740621814937,0.2000343876087491,-0.000648027257794668,129.0,87.0,598,-7.023411371237458
3323,G. Higuaín,Juventus,forward,16,0.11904002824305569,0.2986544416563528,-0.0432494989647901,139.0,68.0,287,-24.738675958188153
15122,D. Maroh,Köln,defender,0,0.11882840159363947,0.15128523318149273,0.04701994341495222,72.0,111.0,609,6.403940886699507
21842,C. Biraghi,Fiorentina,defender,1,0.1184528095142005,0.17799421869536225,0.02109760751424596,73.0,53.0,609,-3.284072249589491
3920,Pedro López,Levante,defender,0,0.11793370947051557,0.15619032281426354,0.04598995814743106,74.0,94.0,609,3.284072249589491
192,J. Vuković,Hellas Verona,defender,1,0.11752943833066047,0.16723270328847578,0.03075781647142654,75.0,72.0,609,-0.49261083743842365
3468,Juan Cala,Getafe,defender,2,0.11741726975057468,0.12221069886843808,0.027996881838989112,76.0,224.0,609,24.302134646962234
20414,M. Valoti,Hellas Verona,midfielder,3,0.11736480534161044,0.11762137643562459,-0.009851152547926388,130.0,327.0,598,32.94314381270903
367621,D. Geiger,Hoffenheim,midfielder,2,0.11724002929123055,0.15407487614239593,0.0055530793827348445,131.0,194.0,598,10.535117056856187
4379,Jonathan Viera,Las Palmas,midfielder,4,0.11714403855671322,0.15623052196471168,-0.005903432226538036,132.0,187.0,598,9.19732441471572
237034,Gonçalo Guedes,Valencia,forward,5,0.11706581638354256,0.2210735531016739,-0.007154128339117204,140.0,111.0,287,-10.104529616724738
207143,Fabinho,Monaco,midfielder,7,0.11705331209747462,0.2188136909478809,0.008144766662818777,133.0,70.0,598,-10.535117056856187
286380,I. Diop,Toulouse,defender,3,0.11682583153279619,0.15395542085565697,0.004916712363607538,77.0,102.0,609,4.105090311986864
10252,S. Clucas,Swansea City,midfielder,3,0.11667682522814067,0.18055911013468204,0.0020040511529195474,134.0,127.0,598,-1.1705685618729098
3676,Illarramendi,Real Sociedad,midfielder,7,0.1166525108428857,0.2287569320347363,0.002169635571857875,135.0,62.0,598,-12.207357859531772
335763,J. Sambia,Montpellier,midfielder,1,0.11652989966226748,0.11754280663998085,-0.009807481698650696,136.0,328.0,598,32.10702341137124
3320,N. Şahin,Borussia Dortmund,midfielder,2,0.11651203561706058,0.17959532533852499,0.017260923557902708,137.0,128.0,598,-1.5050167224080269
3928,Vicente Iborra,Leicester City,midfielder,3,0.1162180312583738,0.14712076919783817,0.001664695082652842,138.0,220.0,598,13.7123745819398
235450,A. Diallo,Mainz 05,defender,2,0.11611248837733286,0.14889750357527534,0.020609021920702967,78.0,116.0,609,6.239737274220033
14692,P. Bargfrede,Werder Bremen,midfielder,1,0.11595167436583818,0.1498115840097279,0.024159512486464904,139.0,207.0,598,11.37123745819398
3280,É. Banega,Sevilla,midfielder,3,0.11592719008728054,0.1376419878799899,0.002848414165706453,140.0,247.0,598,17.892976588628763
8144,J. Ward-Prowse,Southampton,midfielder,3,0.11587569641407827,0.190857089444929,0.01938398007575424,141.0,106.0,598,-5.852842809364549
134294,I. Hayden,Newcastle United,midfielder,1,0.1156057094170561,0.11597734572137869,0.011113006731307266,142.0,334.0,598,32.10702341137124
65596,M. Sabitzer,RB Leipzig,midfielder,3,0.11553874188830948,0.15822827015564508,0.0015675939558430834,143.0,184.0,598,6.8561872909699
228946,M. Cornet,Olympique Lyonnais,forward,4,0.11551623829093699,0.23285096494345706,0.009816862899938767,141.0,104.0,287,-12.89198606271777
229198,H. Manzala,Amiens SC,midfielder,4,0.1154056278648213,0.19624432614403464,0.0003007402608020433,144.0,94.0,598,-8.361204013377927
340920,L. Blas,Guingamp,midfielder,3,0.11501478103680235,0.12457847310531804,0.0046048865298841815,145.0,296.0,598,25.25083612040134
8351,A. Surman,AFC Bournemouth,midfielder,2,0.11496378546331813,0.14717819034240084,0.006902238722066399,146.0,219.0,598,12.207357859531772
3310,Marcelo,Real Madrid,defender,2,0.1148330118935952,0.20966827968796362,0.013436336865490135,79.0,21.0,609,-9.523809523809524
40756,Casemiro,Real Madrid,midfielder,5,0.11476292408624303,0.1702501064804658,0.018562862361500485,147.0,145.0,598,-0.33444816053511706
20525,J. Obi,Torino,midfielder,5,0.11441970072553619,0.2665515590699824,-9.302774297500514e-05,148.0,34.0,598,-19.06354515050167
138408,M. Škriniar,Internazionale,defender,4,0.114359726050072,0.14820700831460473,0.019616828247344054,80.0,119.0,609,6.403940886699507
149076,V. Eysseric,Fiorentina,midfielder,1,0.11432623270773165,0.116346956947576,-0.0003917812152547018,149.0,333.0,598,30.76923076923077
19720,M. Gulde,Freiburg,defender,1,0.11413817467384269,0.16599775784281626,0.03134816822339907,81.0,76.0,609,-0.8210180623973727
3542,Trigueros,Villarreal,midfielder,3,0.11390638488470288,0.16152985859289373,0.011335089311529609,150.0,170.0,598,3.3444816053511706
295761,S. Grandsir,Troyes,forward,3,0.11382727128449281,0.11230249998526119,-0.004637915882475464,142.0,189.0,287,16.37630662020906
225948,Rubén Peña,Eibar,midfielder,1,0.11375705450400864,0.1731817445545669,0.014269175597775576,151.0,142.0,598,-1.5050167224080269
412897,Dani Raba,Villarreal,midfielder,2,0.1137331353900301,0.12882380212934166,-0.013351004714844785,152.0,283.0,598,21.906354515050168
3595,Beñat,Athletic Club,midfielder,0,0.1135794875507635,0.1681024325051051,0.014266113926719035,153.0,154.0,598,0.16722408026755853
247207,Joan Jordán,Eibar,midfielder,6,0.11357061349417655,0.20384376998868273,0.005579847882816471,154.0,82.0,598,-12.040133779264215
134174,Samu Castillejo,Villarreal,midfielder,6,0.11333809378172623,0.19825938511685376,0.0008191228327586285,155.0,89.0,598,-11.036789297658864
14715,H. Badstuber,Stuttgart,defender,2,0.11327484720299345,0.13384959948059277,0.023297446761300532,82.0,166.0,609,13.793103448275861
264989,F. Mubele,Rennes,forward,6,0.11317943978380224,0.19456154034380332,-0.02295396510900091,143.0,128.0,287,-5.2264808362369335
20475,A. Vidal,Bayern München,midfielder,6,0.11306474655844935,0.24772204197194644,-0.004374206202645328,156.0,43.0,598,-18.896321070234112
3319,M. Özil,Arsenal,midfielder,4,0.11300342585585221,0.1774539087674846,0.00605679435715362,157.0,134.0,598,-3.8461538461538463
6281,Zaldúa,Leganés,defender,1,0.11296293058002403,0.141456935331154,0.016499343309115094,83.0,138.0,609,9.0311986863711
38021,K. De Bruyne,Manchester City,midfielder,7,0.11293895460784362,0.19420071607089254,0.00015048610735696134,158.0,98.0,598,-10.033444816053512
28292,A. Doucouré,Watford,midfielder,7,0.11280885184816569,0.1808578661408167,0.004068606846847873,159.0,126.0,598,-5.518394648829432
22695,N. Viola,Benevento,midfielder,2,0.11277671997657575,0.14785228094454772,0.0025733177433578946,160.0,217.0,598,9.531772575250836
6513,Raúl García,Leganés,defender,0,0.11271955748891152,0.1387244868968953,0.031155510053208126,84.0,145.0,609,10.016420361247947
120717,O. Haddadi,Dijon,defender,1,0.11264621865252895,0.138364072522572,0.02155077744043494,85.0,146.0,609,10.016420361247947
25999,R. Cabella,Saint-Étienne,midfielder,8,0.11252638024186146,0.21793481707051596,-0.0016028513555647022,161.0,72.0,598,-14.882943143812708
7978,P. Dummett,Newcastle United,defender,0,0.11249801699533828,0.14184507483853434,0.058671097495163214,86.0,135.0,609,8.045977011494253
6210,Aday,Girona,defender,2,0.11235228574510603,0.1873269701802754,0.013289624057363775,87.0,35.0,609,-8.538587848932677
224896,G. Holtmann,Mainz 05,midfielder,2,0.11230304657933896,0.24729263149999936,0.009585371331625602,162.0,44.0,598,-19.732441471571907
20390,I. Abate,Milan,defender,1,0.11228745282316206,0.2134608774800409,0.011597374693006169,88.0,19.0,609,-11.330049261083744
25993,Hilton,Montpellier,defender,0,0.11193727727722136,0.11504135169874165,0.05094243731128014,89.0,267.0,609,29.22824302134647
4498,Lucas Vázquez,Real Madrid,forward,4,0.11182503293716256,0.16310873445509602,-0.020481367309558306,144.0,151.0,287,2.4390243902439024
92899,J. Holebas,Watford,defender,0,0.11167293528281716,0.15692363801640602,0.0014073705077678167,90.0,92.0,609,0.3284072249589491
15775,P. Verhaegh,Wolfsburg,defender,2,0.11141984388257915,0.15824789329074104,0.016976079220461487,91.0,89.0,609,-0.3284072249589491
21171,M. Hamšík,Napoli,midfielder,7,0.11138838773704206,0.1910971736280335,0.0025382728783186286,163.0,105.0,598,-9.698996655518394
214062,Álex Granell,Girona,midfielder,1,0.11113597303815509,0.16863010768787512,0.00871033421501406,164.0,149.0,598,-2.508361204013378
209012,Kévin Rodrigues,Real Sociedad,defender,1,0.11081208402510871,0.15583228734118268,0.006568043140150411,92.0,96.0,609,0.6568144499178982
14772,D. da Costa,Eintracht Frankfurt,defender,1,0.11077114623641235,0.12365051627381504,0.011251402198706312,93.0,217.0,609,20.361247947454842
7932,D. Fletcher,Stoke City,midfielder,1,0.11075399821104463,0.13149884585926658,0.015631590412726715,165.0,271.0,598,17.725752508361204
3916,G. Cabral,Celta de Vigo,defender,1,0.11073534290973261,0.1717919474664154,0.02638135862894004,94.0,67.0,609,-4.433497536945813
61988,S. Davis,Southampton,midfielder,3,0.11070138914728113,0.1683546463538403,0.012195277520853054,166.0,153.0,598,-2.1739130434782608
9739,J. Ibe,AFC Bournemouth,midfielder,2,0.11066144999906787,0.10079937793665603,0.0025594919632968846,167.0,408.0,598,40.30100334448161
272378,P. Stenzel,Freiburg,defender,1,0.11065754596608064,0.16184251842770978,0.018337604888951628,95.0,85.0,609,-1.6420361247947455
215983,S. Boufal,Southampton,midfielder,2,0.10971047295565466,0.12270330903949038,-0.0014061198026319086,168.0,304.0,598,22.74247491638796
3313,José Callejón,Napoli,forward,8,0.1095848849164059,0.12901751933270836,-0.01053202795253946,145.0,179.0,287,11.846689895470384
300784,Jorge,Monaco,defender,1,0.109490494203425,0.15131883813606828,0.02640422101205248,96.0,110.0,609,2.2988505747126435
10108,K. Long,Burnley,defender,1,0.10934934583267586,0.1558365552445254,0.012866969792045005,97.0,95.0,609,-0.3284072249589491
9623,R. Brady,Burnley,midfielder,1,0.10921353879930848,0.1530455911782789,0.0022499183337484504,169.0,201.0,598,5.351170568561873
22185,B. Martella,Crotone,defender,1,0.10911553482368168,0.1336342562540869,0.0022885821955981327,98.0,169.0,609,11.658456486042693
22381,Daniel Bessa,Hellas Verona,midfielder,3,0.10906696320100147,0.12128203101834095,-0.006146735403435784,170.0,314.0,598,24.08026755852843
3290,Aduriz,Athletic Club,forward,9,0.10906233161516976,0.252964900189929,-0.031205657564612032,146.0,90.0,287,-19.51219512195122
25532,V. Bessat,Caen,midfielder,0,0.10903013523189248,0.1351230690059678,0.011467769335211994,171.0,262.0,598,15.217391304347826
77,N. Moisander,Werder Bremen,defender,2,0.1088883012541969,0.1494216158068565,0.017214142405263897,99.0,115.0,609,2.6272577996715927
15256,P. Schwegler,Hannover 96,midfielder,0,0.1086335822685462,0.14001159906140653,0.01631353165752568,172.0,237.0,598,10.869565217391305
20850,L. Cigarini,Cagliari,midfielder,2,0.10845306862088393,0.16075746111331804,0.006072412116045827,173.0,172.0,598,-0.16722408026755853
230897,Fede Cartabia,Deportivo La Coruña,midfielder,2,0.10829406269744876,0.13972067936206445,-0.006417151873636682,174.0,240.0,598,11.036789297658864
7870,A. Ramsey,Arsenal,midfielder,7,0.10819487638742689,0.1918889145315982,-0.01273617730866981,175.0,102.0,598,-12.207357859531772
7868,A. Oxlade-Chamberlain,Liverpool,midfielder,3,0.10782629452684842,0.21581160524032506,0.004913231170519464,176.0,73.0,598,-17.224080267558527
70965,João Mário,West Ham United,midfielder,2,0.10743684710696133,0.14329959111535695,0.0028930242725178318,177.0,227.0,598,8.361204013377927
20841,A. Masiello,Atalanta,defender,4,0.10739392294506414,0.13006897048083615,0.010841325735619925,100.0,184.0,609,13.793103448275861
216074,C. Günter,Freiburg,defender,1,0.10734861325347299,0.15545883578117536,0.013629483104582124,101.0,98.0,609,-0.49261083743842365
15430,N. Höfler,Freiburg,midfielder,1,0.10734135090943721,0.137422530864291,0.00912437705763447,178.0,250.0,598,12.040133779264215
149389,J. Toljan,Borussia Dortmund,defender,1,0.10723979224522745,0.13919429906248698,0.013434148817340947,102.0,144.0,609,6.896551724137931
21469,G. Donati,Mainz 05,defender,0,0.10719257441639601,0.1382168262574812,0.007173507773643653,103.0,147.0,609,7.22495894909688
21177,G. Pandev,Genoa,forward,5,0.10701375907602827,0.1624921046183741,-0.015560966239919568,147.0,152.0,287,1.7421602787456445
625,M. de Roon,Atalanta,midfielder,3,0.10684133500285821,0.13038937945042844,-0.003725369191153983,179.0,275.0,598,16.05351170568562
8623,J. McArthur,Crystal Palace,midfielder,5,0.10678189474048572,0.11479815968190127,-0.008879768746471178,180.0,340.0,598,26.755852842809364
101742,C. Ansaldi,Torino,defender,1,0.10672909465577933,0.17496653056192885,0.008749153964681414,104.0,58.0,609,-7.553366174055829
4892,José Gayá,Valencia,defender,0,0.10669978382782119,0.14516095321591374,0.017275024401803823,105.0,127.0,609,3.61247947454844
14781,L. Bender,Bayer Leverkusen,midfielder,2,0.1065352619670865,0.18945659568535395,0.017759057505727906,181.0,109.0,598,-12.040133779264215
283142,D. Gray,Leicester City,midfielder,3,0.10643183104096907,0.18909362119560902,0.003958146532529237,182.0,111.0,598,-11.872909698996656
269060,P. Hernández,Celta de Vigo,midfielder,3,0.10643076321359059,0.16730646791385131,0.00930743862460158,183.0,156.0,598,-4.51505016722408
3384,A. Guardado,Real Betis,midfielder,2,0.10636488849776946,0.15820580309310966,0.007317337277752472,184.0,185.0,598,0.16722408026755853
25854,K. Zouma,Stoke City,defender,1,0.10622741592415197,0.13057764162094998,0.016452871885575565,106.0,180.0,609,12.151067323481117
8981,W. Hughes,Watford,midfielder,2,0.10621778059493861,0.14327123833742045,-0.007213781471626806,185.0,228.0,598,7.190635451505017
92966,K. Manolas,Roma,defender,2,0.10605028973242178,0.1447713327434707,0.011001614207814488,107.0,129.0,609,3.61247947454844
25891,B. Nivet,Troyes,midfielder,2,0.10600166821526194,0.12367337139391345,-0.0032443617564760774,186.0,299.0,598,18.896321070234112
86301,L. Castro,Chievo,midfielder,3,0.10590437370784207,0.12425482634105921,0.01139479608278309,187.0,297.0,598,18.39464882943144
344864,C. Söyüncü,Freiburg,defender,1,0.10570102448063834,0.13470965940838373,0.009019445981258934,108.0,158.0,609,8.210180623973727
7905,R. Lukaku,Manchester United,forward,16,0.10551596229747595,0.21799776402078125,-0.04748041960847795,148.0,113.0,287,-12.195121951219512
284469,J. Brekalo,Stuttgart,midfielder,4,0.10549165590045775,0.19678329988364396,-0.0013003797860699849,188.0,93.0,598,-15.88628762541806
7945,D. Welbeck,Arsenal,forward,5,0.10540130710989226,0.12834960679037355,-0.027734094074939455,149.0,181.0,287,11.149825783972126
206318,D. Biraschi,Genoa,defender,0,0.10533869708352954,0.11966641489390636,0.028509180754862102,109.0,244.0,609,22.167487684729064
21507,D. Baselli,Torino,midfielder,4,0.1053181960027106,0.15474532122033263,-0.0015645180036020095,189.0,191.0,598,0.33444816053511706
339789,Mikel Merino,Newcastle United,midfielder,1,0.10526933951765297,0.11666380453249157,0.007263787731971951,190.0,332.0,598,23.745819397993312
25553,Azpilicueta,Chelsea,defender,2,0.10514329490288617,0.1414601873725311,0.006895274808290802,110.0,137.0,609,4.433497536945813
4969,Tana,Las Palmas,midfielder,1,0.10508559602975484,0.13385664691104446,0.006003781081696036,191.0,265.0,598,12.37458193979933
235606,T. Kehrer,Schalke 04,defender,2,0.1049740401572522,0.1405544151507901,0.007681091492560175,111.0,140.0,609,4.761904761904762
3934,N. El Zhar,Leganés,midfielder,2,0.10469006407844098,0.13992647708992473,-0.001258257735185902,192.0,238.0,598,7.6923076923076925
20495,M. Gobbi,Chievo,defender,0,0.10451929600739766,0.1381954109280642,0.016945732661633815,112.0,148.0,609,5.911330049261084
8582,A. Cresswell,West Ham United,defender,1,0.10439854818609401,0.1368001502055804,0.016372166811758782,113.0,153.0,609,6.568144499178982
282438,Aarón,Espanyol,defender,0,0.10438294214342766,0.13423151010427267,0.01914118750720295,114.0,163.0,609,8.045977011494253
4015,Pablo Sarabia,Sevilla,midfielder,6,0.10437361744889759,0.18572725160096248,-0.006690485558360299,193.0,117.0,598,-12.709030100334449
25623,G. Kondogbia,Valencia,midfielder,4,0.10421805179622945,0.11517880936012945,-0.010194199042607795,194.0,337.0,598,23.91304347826087
254189,Ivi,Levante,forward,3,0.10418968918282487,0.15668855708237636,0.001714240306097596,150.0,158.0,287,2.7874564459930316
26314,L. Deaux,Guingamp,midfielder,2,0.10417347853559186,0.1384285520928508,0.001526029605240261,195.0,244.0,598,8.193979933110368
15020,M. Leckie,Hertha BSC,forward,5,0.10411340917884321,0.1506729728922488,-0.004276533238874763,151.0,167.0,287,5.574912891986063
5481,Guerrero,Leganés,forward,4,0.1039804942937632,0.06025826815921622,-0.0484893188033366,152.0,233.0,287,28.222996515679444
20448,F. Viviani,SPAL,midfielder,3,0.10397999349696,0.17543543385026594,0.010672375472233252,196.0,138.0,598,-9.698996655518394
25805,F. Tabanou,Guingamp,midfielder,0,0.1039285763245316,0.13708145658167906,0.009574948096517003,197.0,251.0,598,9.03010033444816
3464,Luna,Levante,defender,0,0.10388876995955795,0.1281204785724866,0.011278570937050326,115.0,191.0,609,12.479474548440066
41056,Thiago Mendes,Lille,midfielder,3,0.1038814987343124,0.11502818798444094,-0.0043353743555229396,198.0,338.0,598,23.411371237458194
8620,M. Diamé,Newcastle United,midfielder,2,0.10378715638556822,0.13132984951575483,0.0016051744462767406,199.0,272.0,598,12.207357859531772
70092,S. Defour,Burnley,midfielder,1,0.10371464058960281,0.1409186750321108,0.004283205871795446,200.0,235.0,598,5.852842809364549
82340,T. Gebre Selassie,Werder Bremen,defender,3,0.10362433289576783,0.1000202706497068,0.006383710046844365,116.0,366.0,609,41.050903119868636
8625,V. Moses,Chelsea,midfielder,3,0.1035892475672764,0.1769790948183807,0.009967275607463067,201.0,136.0,598,-10.869565217391305
21438,R. Inglese,Chievo,forward,12,0.10355166337524642,0.12646627008981395,-0.059107543302829975,153.0,184.0,287,10.801393728222996
25650,V. Pajot,Saint-Étienne,midfielder,2,0.10353773466795257,0.13301463487132523,-0.004009455311110975,202.0,267.0,598,10.869565217391305
3351,Kiko Femenía,Watford,defender,1,0.10353715850305246,0.14595469575437067,-0.0028362366454374095,117.0,124.0,609,1.1494252873563218
8360,C. Dawson,West Bromwich Albion,defender,2,0.10348171376331049,0.17810152391273967,0.005639055359228815,118.0,52.0,609,-10.83743842364532
24838,G. Letizia,Benevento,defender,1,0.1033608118866917,0.15167114978091636,0.01114687911094847,119.0,109.0,609,-1.6420361247947455
51151,M. Rohdén,Crotone,midfielder,2,0.1033251767924148,0.14145582055572892,0.033467482961209126,203.0,234.0,598,5.183946488294314
6165,F. Andone,Deportivo La Coruña,forward,7,0.10277757446266923,0.1596404985305778,-0.03632626954245618,154.0,155.0,287,0.34843205574912894
8958,J. Rodriguez,West Bromwich Albion,forward,7,0.1025636619936522,0.05212595623785244,-0.034611045170704964,155.0,237.0,287,28.571428571428573
25715,R. Rodelin,Caen,forward,5,0.10247270091940397,0.13927161110984682,-0.005105088107767337,156.0,170.0,287,4.878048780487805
25950,A. Knockaert,Brighton & Hove Albion,midfielder,3,0.10238229034633033,0.1497237313431449,0.004878211426835691,204.0,208.0,598,0.6688963210702341
21564,I. Radovanović,Chievo,midfielder,1,0.10217739486315937,0.12038530678563007,0.02230649321434625,205.0,320.0,598,19.23076923076923
135903,João Cancelo,Internazionale,defender,1,0.10215538632895119,0.12037009226772144,0.007708412387693868,120.0,240.0,609,19.704433497536947
69968,M. Brozović,Internazionale,midfielder,4,0.1020592851401219,0.173231407377449,0.008778263654612038,206.0,141.0,598,-10.869565217391305
20815,A. Barberis,Crotone,midfielder,2,0.10199739876286887,0.13689589542748817,0.00631375822178774,207.0,252.0,598,7.525083612040134
20842,F. Peluso,Sassuolo,defender,1,0.10184398495185927,0.10486842215596812,0.011897554920176976,121.0,331.0,609,34.48275862068966
22380,M. Benassi,Fiorentina,midfielder,5,0.10179435628213014,0.15302168258152773,-0.014388330888986741,208.0,202.0,598,-1.0033444816053512
134435,A. Grassi,SPAL,midfielder,3,0.10165395072962288,0.15391430000635045,-0.004139130837057796,209.0,196.0,598,-2.1739130434782608
21291,V. Birsa,Chievo,midfielder,3,0.10162228615862576,0.13989010332270693,-0.0022693076074773474,210.0,239.0,598,4.849498327759197
7873,J. Wilshere,Arsenal,midfielder,1,0.10151533775411367,0.12196659508073626,0.014987410599885509,211.0,311.0,598,16.722408026755854
70083,Danilo,Manchester City,defender,3,0.10149869632185872,0.20831283883488586,0.00278690788632127,122.0,22.0,609,-16.420361247947454
90880,S. Mendoza,Amiens SC,forward,2,0.10142152911964387,0.19048696659106948,0.0041450369114992515,157.0,132.0,287,-8.710801393728223
51217,L. Augustinsson,Werder Bremen,defender,1,0.10124652689167611,0.14658907615313124,0.0039754102194628944,123.0,122.0,609,-0.16420361247947454
8554,J. Tomkins,Crystal Palace,defender,3,0.1010645986185864,0.19103445197162028,0.02970701120618639,124.0,30.0,609,-15.435139573070607
8533,S. Sessègnon,Montpellier,midfielder,1,0.10105042516792268,0.13633684822964873,0.005709692276447873,212.0,257.0,598,7.525083612040134
8013,M. Albrighton,Leicester City,midfielder,2,0.10101881197036658,0.15889161866288304,-0.0036177119632860837,213.0,180.0,598,-5.518394648829432
86309,B. Zuculini,Hellas Verona,midfielder,2,0.10097293080525717,0.13013377884431002,-0.004607375583099182,214.0,276.0,598,10.367892976588628
3358,Cristian Tello,Real Betis,forward,4,0.10083534856399823,0.205931225462679,0.0013322586348918069,158.0,120.0,287,-13.240418118466899
8004,C. Clark,Newcastle United,defender,2,0.10082723726613951,0.16662393208670753,0.025059580226936128,125.0,74.0,609,-8.374384236453203
144884,C. Jullien,Toulouse,defender,1,0.1006918257675164,0.10587081305389921,0.02066234921923548,126.0,323.0,609,32.34811165845649
278813,S. Bastien,Chievo,midfielder,1,0.10059398267684606,0.12093687411832009,0.009136889926136087,215.0,315.0,598,16.722408026755854
8976,T. Carroll,Swansea City,midfielder,0,0.10052289614780431,0.13687239296931514,0.007475215170498813,216.0,253.0,598,6.187290969899665
228768,J. Tah,Bayer Leverkusen,defender,0,0.1004666098692909,0.1568804501650843,0.012779655942363567,127.0,93.0,609,-5.582922824302135
127534,D. Lazović,Genoa,midfielder,0,0.10040088129160839,0.11432546283618786,0.006607521927181998,217.0,343.0,598,21.070234113712374
44251,Bruno Peres,Roma,defender,0,0.10038602778587323,0.15214601000094893,0.013329043858022145,128.0,106.0,609,-3.61247947454844
4780,David Juncà,Eibar,defender,0,0.10031261076233472,0.19298976473990637,0.012401137641699948,129.0,28.0,609,-16.58456486042693
8516,P. Bardsley,Burnley,defender,0,0.10005711623592403,0.13462000789603085,-0.007721915873112196,130.0,162.0,609,5.254515599343185
3334,Dani Alves,PSG,defender,1,0.10004073487580646,0.1346503998151753,0.007127153578518062,131.0,161.0,609,4.926108374384237
397028,D. Zagadou,Borussia Dortmund,defender,1,0.09974445708685875,0.12872755167436742,-0.002022707826789494,132.0,190.0,609,9.523809523809524
3678,Xabi Prieto,Real Sociedad,midfielder,3,0.09969989350158924,0.15927257270434445,0.00010511780106650976,218.0,179.0,598,-6.521739130434782
41174,M. Lanzini,West Ham United,midfielder,5,0.09965002241372563,0.20194681125750097,0.0016088750208797763,219.0,86.0,598,-22.240802675585286
20443,M. Pjanić,Juventus,midfielder,5,0.0996255862506068,0.22584369971054108,0.014234081909623233,220.0,65.0,598,-25.91973244147157
278007,F. Ricca,Málaga,defender,0,0.09961440366569865,0.1142969724319946,0.020980632369979248,133.0,277.0,609,23.645320197044335
3447,Juanfran,Atlético Madrid,defender,0,0.09959471334604425,0.12718729868120113,0.005306724585912018,134.0,196.0,609,10.180623973727421
3443,Koke,Atlético Madrid,midfielder,4,0.09957355072870425,0.1811368092247291,0.00949579520942513,221.0,125.0,598,-16.05351170568562
224801,I. Bebou,Hannover 96,forward,5,0.09947505124166042,0.21270410348822344,-0.009303776668505287,159.0,116.0,287,-14.982578397212544
277629,P. Lees Melou,Nice,midfielder,5,0.0993762688942832,0.12620770107619933,0.0005051694632580484,222.0,288.0,598,11.036789297658864
15198,E. Choupo-Moting,Stoke City,forward,5,0.09934700966389873,0.1226025373285046,-0.007868091803178325,160.0,186.0,287,9.059233449477352
20685,R. Krhin,Nantes,midfielder,1,0.09921232585668543,0.13167615360112145,0.025165386587223955,223.0,270.0,598,7.8595317725752505
26956,N. Benezet,Guingamp,midfielder,3,0.09916855868119473,0.14057452854981678,-0.0012005891132524096,224.0,236.0,598,2.0066889632107023
38079,D. Opare,Augsburg,defender,0,0.09903167016586906,0.12799558743880238,0.014929015419227757,135.0,193.0,609,9.523809523809524
8643,M. Lowton,Burnley,defender,0,0.09901342498128436,0.1116880627514928,0.014587899647015961,136.0,292.0,609,25.61576354679803
70084,Alex Sandro,Juventus,defender,4,0.09900944132892187,0.1846161471522833,0.0028400773953176717,137.0,42.0,609,-15.599343185550081
20707,S. De Maio,Bologna,defender,2,0.09870903183008453,0.14878206981810077,0.033581915202303025,138.0,117.0,609,-3.4482758620689653
20418,S. El Shaarawy,Roma,forward,7,0.09866344073664397,0.1508982427999096,-0.011510095091153114,161.0,166.0,287,1.7421602787456445
241945,P. Sisto,Celta de Vigo,midfielder,5,0.09858969719383696,0.16844184039641688,-0.011640147470950058,225.0,152.0,598,-12.207357859531772
25726,K. Koulibaly,Napoli,defender,5,0.09830811672186647,0.1273291145592984,0.01764168678020352,139.0,194.0,609,9.0311986863711
20472,S. Padoin,Cagliari,midfielder,1,0.09829416301183388,0.14911912094821025,0.008965979761450481,226.0,212.0,598,-2.3411371237458196
3970,Gálvez,Las Palmas,defender,1,0.0982077730087119,0.10547597547980153,0.023109478119822155,140.0,328.0,609,30.870279146141215
69525,M. Pavlović,Angers,defender,2,0.0981971195895719,0.11739463996471541,0.004675978000302465,141.0,252.0,609,18.226600985221676
9277,S. Cook,AFC Bournemouth,defender,2,0.09806401153420388,0.12970130121878537,-0.00034994519065470654,142.0,187.0,609,7.389162561576355
8309,K. Rekik,Hertha BSC,defender,2,0.09797404934398071,0.16382716466501823,0.0024168608477769193,143.0,79.0,609,-10.50903119868637
4014,Pedro León,Eibar,midfielder,0,0.09788015843153897,0.11424003991989376,-0.011841884601793189,227.0,344.0,598,19.565217391304348
72397,Simy,Crotone,forward,7,0.09773144116965561,0.1525443848753785,-0.043464585785786165,162.0,164.0,287,0.6968641114982579
214710,B. Dibassy,Amiens SC,defender,1,0.09758813944506738,0.1400177153659273,0.022518419562104364,144.0,143.0,609,-0.16420361247947454
278289,Odriozola,Real Sociedad,defender,0,0.09733584597233451,0.14269382527539057,-0.011874899978070848,145.0,132.0,609,-2.134646962233169
257028,D. Calabria,Milan,defender,1,0.09732287475378446,0.13287992772958546,0.012316735719585968,146.0,173.0,609,4.433497536945813
70451,Luisinho,Deportivo La Coruña,defender,1,0.09726303873110137,0.11600718881017086,0.00958643789299823,147.0,258.0,609,18.226600985221676
14716,J. Boateng,Bayern München,defender,1,0.09708467997092768,0.16243157607808142,0.0216837026350052,148.0,82.0,609,-10.83743842364532
3304,Nacho,Real Madrid,defender,3,0.09697226887981499,0.1804304844952437,0.012213147692003606,149.0,49.0,609,-16.420361247947454
26000,B. Dabo,Saint-Étienne,midfielder,3,0.09689401879322158,0.13874353566041198,0.0032818660268707214,228.0,241.0,598,2.1739130434782608
51145,O. Hiljemark,Genoa,midfielder,0,0.09687414912720589,0.12952222453254963,-0.025445375041248174,229.0,280.0,598,8.528428093645484
51132,E. Forsberg,RB Leipzig,midfielder,2,0.09679029630716791,0.09168950294713811,-0.0030279532395018722,230.0,440.0,598,35.11705685618729
22566,A. Florenzi,Roma,midfielder,1,0.09669834211927385,0.1495607999646164,0.005405421789543291,231.0,210.0,598,-3.511705685618729
250805,Djené,Getafe,defender,1,0.09663150256384097,0.12676919408767767,0.018750396376822503,150.0,199.0,609,8.045977011494253
7585,Manu García,Deportivo Alavés,midfielder,3,0.09662358357300878,0.12064245253306653,0.0007153598490688072,232.0,316.0,598,14.046822742474916
14922,R. Rodríguez,Milan,defender,1,0.09639091519185455,0.1257019135086061,0.005168041921064158,151.0,204.0,609,8.70279146141215
4513,D. Cheryshev,Villarreal,midfielder,2,0.09637811243455373,0.2371863199121778,-0.0008384855145192863,233.0,56.0,598,-29.598662207357858
15103,F. Lustenberger,Hertha BSC,defender,0,0.0963598003712794,0.1350721071540128,0.01949847823087807,152.0,157.0,609,0.8210180623973727
173212,N. Stark,Hertha BSC,defender,1,0.09629395512193245,0.12461765916128326,0.011258494796394227,153.0,212.0,609,9.688013136288998
217874,A. Touré,Nantes,midfielder,1,0.09620210797034745,0.10420972409335902,0.01759147670943941,234.0,389.0,598,25.91973244147157
86338,L. Ocampos,Olympique Marseille,forward,9,0.0961354007793603,0.17451110929608707,-0.026204010652726754,163.0,144.0,287,-6.620209059233449
3568,Recio,Málaga,midfielder,1,0.09606303149234607,0.10279011035883635,0.012221925984919049,235.0,395.0,598,26.755852842809364
20612,S. Mustafi,Arsenal,defender,3,0.09604875926285053,0.15173897178826115,0.001765081735161508,154.0,108.0,609,-7.553366174055829
93003,D. Siovas,Leganés,defender,1,0.09599197539042914,0.141843349858404,-0.0015346912526923871,155.0,136.0,609,-3.1198686371100166
28908,F. Guilbert,Caen,defender,1,0.09589382202247448,0.13701488063804199,0.01982087827126913,156.0,152.0,609,-0.6568144499178982
21550,Gabriel Silva,Saint-Étienne,defender,1,0.09580395675236487,0.1150693365332008,0.025174995219951767,157.0,266.0,609,17.898193760262725
219350,A. Niane,Troyes,forward,8,0.09576581254568065,0.10275386289595936,-0.017652263005771652,164.0,198.0,287,11.846689895470384
352988,D. Upamecano,RB Leipzig,defender,3,0.09570801121597837,0.15351473963767562,-0.002320914131668011,158.0,103.0,609,-9.0311986863711
278288,Aritz Elustondo,Real Sociedad,defender,3,0.09553674140619019,0.1862354404350081,-0.009011423504752107,159.0,39.0,609,-19.704433497536947
25643,K. Théophile Catherine,Saint-Étienne,defender,0,0.09551724233793371,0.1684497135370197,0.020328925528581357,160.0,70.0,609,-14.77832512315271
37745,J. Lukaku,Lazio,defender,1,0.09540314569085206,0.15122539316717964,0.012005567759230368,161.0,113.0,609,-7.8817733990147785
50102,F. Schär,Deportivo La Coruña,defender,2,0.09535414088639856,0.08949466609328435,0.028605687045987656,162.0,420.0,609,42.364532019704434
14786,K. Bellarabi,Bayer Leverkusen,midfielder,1,0.09512866384441068,0.12980824318318504,-0.015971061644747583,236.0,277.0,598,6.8561872909699
70215,C. Atsu,Newcastle United,midfielder,2,0.09510000772085163,0.13643778350966335,0.0008823466391796428,237.0,256.0,598,3.177257525083612
344075,Iñigo Córdoba,Athletic Club,midfielder,1,0.09502549577218092,0.10395421067704805,-0.008429388943580704,238.0,390.0,598,25.418060200668897
9414,M. Phillips,West Bromwich Albion,midfielder,2,0.09490460250332772,0.1487534669400679,-0.01129742448728057,239.0,213.0,598,-4.3478260869565215
447804,F. Chiesa,Fiorentina,midfielder,6,0.09488561564871267,0.11803629426014978,-0.017918351966426493,240.0,325.0,598,14.214046822742475
247141,Iñaki Williams,Athletic Club,forward,7,0.09479566850723643,0.1016042151654717,-0.02583595188794569,165.0,199.0,287,11.846689895470384
62389,A. Mooy,Huddersfield Town,midfielder,4,0.09468915690218466,0.15417464336796874,0.007256567223550489,241.0,193.0,598,-8.02675585284281
224593,J. Kimmich,Bayern München,defender,1,0.0946577633783961,0.19589330812857583,0.012965705664886867,163.0,26.0,609,-22.495894909688012
7989,D. Gosling,AFC Bournemouth,midfielder,2,0.09465495523480368,0.0917944990713829,0.016160817796675987,242.0,438.0,598,32.77591973244147
302550,Brais Méndez,Celta de Vigo,midfielder,1,0.09464795470078735,0.10889784272239605,0.0013498654701726172,243.0,369.0,598,21.070234113712374
8628,F. Di Santo,Schalke 04,forward,3,0.09459707384104907,0.08094494038583783,-0.019444590903549615,166.0,215.0,287,17.073170731707318
346101,T. Alexander-Arnold,Liverpool,defender,1,0.09457272792307728,0.1637741787635746,0.006241362718540977,164.0,80.0,609,-13.793103448275861
5281,A. Nyom,West Bromwich Albion,defender,0,0.09439320167644598,0.12436219702628118,0.007733524082201136,165.0,214.0,609,8.045977011494253
3974,D. Suárez,Getafe,defender,1,0.09428577113274797,0.1306372412554569,0.005672538276783578,166.0,178.0,609,1.9704433497536946
16843,D. Heintz,Köln,defender,1,0.09423818529182441,0.13267161967345353,0.020155620939019916,167.0,175.0,609,1.3136288998357963
3795,H. Moreno,Real Sociedad,defender,1,0.09411197960355346,0.15127015955715642,0.008956906677629233,168.0,112.0,609,-9.195402298850574
56009,R. Durmisi,Real Betis,defender,2,0.09401621997341636,0.12127673428522504,-0.014501337846442901,169.0,232.0,609,10.344827586206897
50805,F. Helander,Bologna,defender,0,0.09401455356337086,0.11479051132956436,0.017265980364116425,170.0,271.0,609,16.58456486042693
25571,J. Ayew,Swansea City,forward,7,0.09384313756686204,0.0907079860914728,-0.018263604583489797,167.0,209.0,287,14.634146341463415
65254,K. Wimmer,Stoke City,defender,0,0.09382500176024354,0.12538970771191824,0.028627164796174664,171.0,206.0,609,5.747126436781609
21376,G. Caprari,Sampdoria,forward,5,0.09381768530264797,0.0769243025288197,-0.02272066517455366,168.0,219.0,287,17.770034843205575
25512,S. Haller,Eintracht Frankfurt,forward,9,0.09379120351003188,0.12170412755430753,-0.04962959668605333,169.0,187.0,287,6.2717770034843205
99410,M. Kamiński,Stuttgart,defender,0,0.09376045153600307,0.11633193469884429,0.016632046697921194,172.0,257.0,609,13.957307060755337
22732,F. Pisacane,Cagliari,defender,0,0.09370334420603552,0.11131603105791997,0.04105759247075477,173.0,297.0,609,20.361247947454842
64966,M. Suttner,Brighton & Hove Albion,defender,0,0.09369504136982061,0.11258769664436587,0.011835206952773666,174.0,288.0,609,18.7192118226601
20879,R. Nainggolan,Roma,midfielder,4,0.09353603400388237,0.16338292581585867,-0.0002074683586512034,244.0,166.0,598,-13.043478260869565
107,E. Pieters,Stoke City,defender,0,0.09351121990211365,0.11328407252959688,0.02163023196343435,175.0,284.0,609,17.898193760262725
284,M. van der Hoorn,Swansea City,defender,1,0.0934530358910313,0.1410691683557095,0.012210536607611564,176.0,139.0,609,-6.075533661740558
20441,E. Lamela,Tottenham Hotspur,midfielder,2,0.0934324792338234,0.12200482295301593,-0.004790625728916301,245.0,310.0,598,10.869565217391305
236528,N. Elvedi,Borussia M'gladbach,defender,2,0.0931670694703429,0.14019384329004275,0.01249195503521304,177.0,141.0,609,-5.911330049261084
295176,R. Gosens,Atalanta,defender,1,0.09315781210548747,0.12802511829657784,-0.003278084313635828,178.0,192.0,609,2.2988505747126435
135927,André Silva,Milan,forward,2,0.09287172100867841,-0.04017150584195544,-0.0038401454015800137,170.0,275.0,287,36.58536585365854
14853,C. Fuchs,Leicester City,defender,0,0.09269361758042614,0.126059783808558,0.023451675385333583,179.0,202.0,609,3.7766830870279144
99661,T. Cionek,SPAL,defender,1,0.09265818097397564,0.11452981101006911,-0.0009909420569238292,180.0,274.0,609,15.435139573070607
332605,Ramadan Sobhi,Stoke City,midfielder,2,0.09245804939009333,0.15167871347906614,-0.0044295236889409445,246.0,205.0,598,-6.8561872909699
3360,Pedro,Chelsea,forward,4,0.0924124448356687,0.19225739316858342,-0.005220154147103416,171.0,130.0,287,-14.285714285714286
395114,Zubeldía,Real Sociedad,midfielder,1,0.09217921793641716,0.12209694055799779,-0.011625373113605912,247.0,309.0,598,10.367892976588628
3408,Saborit,Athletic Club,defender,0,0.09213353598654216,0.11518099313670847,0.020590982938147522,181.0,265.0,609,13.793103448275861
14754,C. Gentner,Stuttgart,midfielder,2,0.09204227754405116,0.11239074272740142,-0.0009810387773137377,248.0,351.0,598,17.224080267558527
91702,J. Mojica,Girona,defender,0,0.09203236198608532,0.13318995343949233,0.005568468602699349,182.0,172.0,609,-1.6420361247947455
413582,Y. Bissouma,Lille,midfielder,2,0.09201383786580813,0.14704428923523177,0.00856744366614126,249.0,221.0,598,-4.682274247491639
8944,B. Mee,Burnley,defender,0,0.09194975135294095,0.1151884982321413,0.030550242721633154,183.0,264.0,609,13.300492610837438
209028,A. Thomasson,Nantes,midfielder,5,0.09176968521273864,0.11788814360121712,-0.01008364359237875,250.0,326.0,598,12.709030100334449
246946,E. Skhiri,Montpellier,midfielder,4,0.09169652109626247,0.14196405436726578,0.0012465441893088442,251.0,232.0,598,-3.177257525083612
14723,T. Kroos,Real Madrid,midfielder,5,0.091456613672241,0.24383266505162754,0.019148988714879592,252.0,48.0,598,-34.11371237458194
20812,A. Acquah,Torino,midfielder,1,0.09142105306344994,0.15943761972396336,0.0022106386968529885,253.0,178.0,598,-12.54180602006689
105619,A. Mehmedi,Bayer Leverkusen,forward,3,0.09141314426909967,0.23916504326942117,-0.012912941699246554,172.0,100.0,287,-25.087108013937282
447821,Y. En-Nesyri,Málaga,forward,4,0.09126024438517442,0.0975330284217395,-0.008394272489405826,173.0,202.0,287,10.104529616724738
20929,A. Gamberini,Chievo,defender,0,0.09117733177274559,0.1155912686997659,0.034483259442119614,184.0,261.0,609,12.64367816091954
15449,M. Mavraj,Hamburger SV,defender,0,0.09112873646150575,0.1334993489058952,0.029969373285521028,185.0,171.0,609,-2.2988505747126435
15772,M. Ostrzolek,Hannover 96,defender,0,0.09112825949071082,0.10811506700659461,0.015085856251395153,186.0,314.0,609,21.01806239737274
26528,R. Genevois,Caen,defender,0,0.0911051311536758,0.0995408462545491,0.014542510162125249,187.0,370.0,609,30.049261083743843
61967,V. Wanyama,Tottenham Hotspur,midfielder,1,0.09104126920246279,0.12948816722472598,0.0005067281998668449,254.0,281.0,598,4.51505016722408
8945,K. Trippier,Tottenham Hotspur,defender,0,0.0910123445004997,0.14429816854200841,0.00922749328280537,188.0,130.0,609,-9.523809523809524
20653,P. Hetemaj,Chievo,midfielder,3,0.09084543881257122,0.08683389736012438,-0.021629185773650837,255.0,457.0,598,33.779264214046826
3420,Susaeta,Athletic Club,midfielder,2,0.09075949090415017,0.13358645914514153,0.004680626477900774,256.0,266.0,598,1.6722408026755853
90268,E. Pulgar,Bologna,midfielder,2,0.09065235244555948,0.10898749344253321,0.005168839906521613,257.0,368.0,598,18.561872909698998
343951,T. Abraham,Swansea City,forward,5,0.0905117746948344,0.10777245439701442,-0.016463302398368986,174.0,195.0,287,7.317073170731708
254898,Kenedy,Newcastle United,midfielder,2,0.09029099302896725,0.15794409896939537,0.0005359025581148719,258.0,186.0,598,-12.040133779264215
341973,N. Mukiele,Montpellier,defender,0,0.09011526011781469,0.1133402979835283,0.01453855330314926,189.0,282.0,609,15.270935960591133
230862,Lekue,Athletic Club,defender,0,0.08997640457265497,0.11367910873622655,0.017584847554108517,190.0,280.0,609,14.77832512315271
7918,P. Jones,Manchester United,defender,0,0.0899754600075575,0.11947473053237295,0.024996272210814928,191.0,245.0,609,8.866995073891626
25846,Y. Andreu,Angers,defender,0,0.08997068352217967,0.11673472551110796,0.01103098958906756,192.0,255.0,609,10.344827586206897
7906,Juan Mata,Manchester United,midfielder,3,0.089948895701301,0.1118865162737491,-0.0022604322959146857,259.0,354.0,598,15.88628762541806
25647,J. Féret,Caen,midfielder,0,0.08990920326693036,0.12941486670252098,0.017081172467265225,260.0,282.0,598,3.678929765886288
26373,S. Souprayen,Hellas Verona,defender,0,0.08983681258421719,0.13470948000990599,0.018915772950913644,193.0,159.0,609,-5.582922824302135
296341,Bernardo,RB Leipzig,defender,1,0.08983107870655659,0.15725590301543965,0.024680109155115162,194.0,90.0,609,-17.077175697865353
20655,L. Rigoni,Genoa,midfielder,2,0.08977098908992005,0.14852370766345604,-0.007179677774434552,261.0,215.0,598,-7.6923076923076925
226200,M. Lazzari,SPAL,midfielder,2,0.0897699260619458,0.1262190929936617,0.00793688148438256,262.0,287.0,598,4.1806020066889635
270866,Diego Carlos,Nantes,defender,1,0.0897653053393494,0.07466499057931013,0.026183164074672687,195.0,502.0,609,50.410509031198686
4936,David Simón,Las Palmas,defender,0,0.08966409158108961,0.105269810630938,0.0051297913239154785,196.0,330.0,609,22.00328407224959
399676,Pablo Fornals,Villarreal,midfielder,3,0.08958119524591895,0.1257960653191671,-0.013553366406138585,263.0,291.0,598,4.682274247491639
86489,L. Alario,Bayer Leverkusen,forward,9,0.08941243214036103,0.16029606820532571,-0.03782752831324662,175.0,154.0,287,-7.317073170731708
223516,R. Bauer,Werder Bremen,defender,0,0.08938924329543649,0.12417850671273294,0.02714651246044419,197.0,215.0,609,2.955665024630542
11669,C. Wilson,AFC Bournemouth,forward,8,0.08935177415126881,0.09285317286816169,-0.041442669192335836,176.0,205.0,287,10.104529616724738
217031,Thomas,Atlético Madrid,midfielder,3,0.08933491301080254,0.145404932920927,0.008731634822219166,264.0,225.0,598,-6.521739130434782
14726,F. Ribéry,Bayern München,midfielder,5,0.08914571622330142,0.27610690886757283,-0.006402777402195528,265.0,29.0,598,-39.46488294314381
385273,Charles,Eibar,forward,8,0.08910541007642836,0.17685293529351545,-0.04905557467117763,177.0,140.0,287,-12.89198606271777
14938,M. Arnold,Wolfsburg,midfielder,2,0.08899424046141814,0.15348186132113248,0.007651065226019077,266.0,199.0,598,-11.20401337792642
350976,B. Chilwell,Leicester City,defender,0,0.08892235051711839,0.10195394705426598,0.020225970247506525,198.0,355.0,609,25.779967159277504
105622,A. Yarmolenko,Borussia Dortmund,forward,3,0.08886908716865158,0.11040496571646373,-0.016497657760527872,178.0,192.0,287,4.878048780487805
4238,Míchel,Las Palmas,defender,0,0.08878639665107202,0.1210043793105918,0.016425944500670052,199.0,236.0,609,6.075533661740558
346195,Fabián,Real Betis,midfielder,3,0.088768609304886,0.12376962637344836,0.00044714708713444723,267.0,298.0,598,5.183946488294314
70093,João Moutinho,Monaco,midfielder,1,0.08871018101857796,0.14249532813585575,0.01199976469861202,268.0,231.0,598,-6.187290969899665
272434,W. Anton,Hannover 96,defender,1,0.08857901771622277,0.11888486017710588,0.02036956316356182,200.0,247.0,609,7.717569786535304
20869,N. Murru,Sampdoria,defender,0,0.08843148286757639,0.11195407106474718,0.0022751892410549984,201.0,290.0,609,14.614121510673234
391606,T. Ito,Hamburger SV,midfielder,0,0.08840613293088832,0.09319929781304415,-0.007498234974819384,269.0,428.0,598,26.588628762541806
4360,Juanpe,Girona,defender,5,0.0884023536873624,0.22166370738984698,0.012140955928295918,202.0,16.0,609,-30.541871921182267
425925,K. Havertz,Bayer Leverkusen,midfielder,3,0.0883194507244979,0.13266656807961072,-0.0020106687929785432,270.0,269.0,598,-0.16722408026755853
25625,L. Baal,Rennes,defender,0,0.08829929372978909,0.10248258665273384,0.019601042776480802,203.0,349.0,609,23.973727422003282
15808,Roberto Firmino,Liverpool,forward,15,0.08827074540565599,0.22507615421214858,-0.023782697566375608,179.0,108.0,287,-24.738675958188153
14904,J. Sala,Sampdoria,defender,0,0.08820668005459163,0.1471308610454588,0.007546067837943105,204.0,121.0,609,-13.628899835796387
263614,N. Amiri,Hoffenheim,midfielder,2,0.08810375357867345,0.1494493173070928,-0.0011155058941003525,271.0,211.0,598,-10.033444816053512
93000,Antunes,Getafe,defender,0,0.08793789669205315,0.12190755176511586,0.017452161438893582,205.0,226.0,609,3.4482758620689653
25826,B. André,Rennes,midfielder,3,0.08793454902304997,0.095514250620505,0.002851386032389386,272.0,421.0,598,24.91638795986622
302799,R. Mandragora,Crotone,midfielder,2,0.08785317696931684,0.09637538296789121,-0.001045713286865546,273.0,420.0,598,24.581939799331103
14748,A. Rüdiger,Chelsea,defender,2,0.08775531736796997,0.13037307462250397,0.013515720867225795,206.0,181.0,609,-4.105090311986864
21094,D. D'Ambrosio,Internazionale,defender,2,0.0877233905466072,0.10425238634808814,0.0063992246653110955,207.0,337.0,609,21.346469622331693
40726,Allan,Napoli,midfielder,4,0.08770899499657259,0.13489612077424856,-0.003267026289865261,274.0,263.0,598,-1.839464882943144
28117,R. Ghezzal,Monaco,midfielder,2,0.0876592843327661,0.1903143366526045,-0.0025023042676012804,275.0,107.0,598,-28.093645484949832
102,Marcelo,Olympique Lyonnais,defender,3,0.08754844572130334,0.15246461706449954,0.028366633984484576,208.0,105.0,609,-16.912972085385878
14838,C. Kramer,Borussia M'gladbach,midfielder,3,0.08752213467715922,0.12708481993706422,-0.004044349266892127,276.0,286.0,598,1.6722408026755853
4094,Ander Capa,Eibar,defender,0,0.08752194308952349,0.12102582295265417,0.005867851281090116,209.0,235.0,609,4.269293924466338
3361,A. Sánchez,Arsenal,forward,9,0.0874070600229261,0.16488813436207483,-0.019131510754838557,180.0,149.0,287,-10.801393728222996
3434,Filipe Luis,Atlético Madrid,defender,1,0.08732692870793715,0.11897839871984418,0.010661321313075137,210.0,246.0,609,5.911330049261084
225022,Rubén Duarte,Deportivo Alavés,defender,0,0.08709016808770291,0.12621114835650757,0.02490826118681094,211.0,201.0,609,-1.6420361247947455
3816,Sergio García,Espanyol,forward,2,0.08688357347488636,0.09225318909576444,-0.024676452003034158,181.0,206.0,287,8.710801393728223
16432,Caiuby,Augsburg,midfielder,5,0.0868132456449391,0.12839611196521714,-0.011506066180465492,277.0,285.0,598,1.3377926421404682
16110,K. Kampl,RB Leipzig,midfielder,1,0.08662055857129863,0.15243198202067643,-0.0007343538791380659,278.0,204.0,598,-12.37458193979933
49919,F. Moubandje,Toulouse,defender,0,0.08659500115688457,0.12048655632176704,0.02958679133814269,212.0,239.0,609,4.433497536945813
8980,J. Hendrick,Burnley,midfielder,2,0.08657785948274255,0.06813685144951977,-0.008832629802652196,279.0,526.0,598,41.30434782608695
26384,G. Kakuta,Amiens SC,midfielder,6,0.08652081770837206,0.1385043150117255,-0.0032494951923156953,280.0,243.0,598,-6.187290969899665
8125,J. Cork,Burnley,midfielder,2,0.08647492961682227,0.10099892749438322,0.002034428368025274,281.0,407.0,598,21.070234113712374
225996,Diego Llorente,Real Sociedad,defender,3,0.08642967386138374,0.11462843370920371,-0.018666832470233548,213.0,272.0,609,9.688013136288998
21620,J. Kurtič,SPAL,midfielder,3,0.08634104518518387,0.10244798343928786,-0.004658435686758563,282.0,398.0,598,19.39799331103679
3421,De Marcos,Athletic Club,defender,1,0.08633964222995504,0.11090651109560634,-0.0021263670157062736,214.0,302.0,609,14.44991789819376
4452,Yuri Berchiche,PSG,defender,2,0.08602953662588465,0.16218455153696995,0.00974848153693131,215.0,84.0,609,-21.510673234811165
3576,Juanmi,Real Sociedad,forward,8,0.08602480991197146,0.3171828061476157,-0.035950136372553544,182.0,57.0,287,-43.55400696864111
7982,D. Santon,Internazionale,defender,0,0.085960927833656,0.1454793904202149,0.017692688170297437,216.0,125.0,609,-14.942528735632184
20395,M. De Sciglio,Juventus,defender,1,0.08592700616271916,0.16635133161710158,0.00474326040802923,217.0,75.0,609,-23.316912972085387
15798,A. Beck,Stuttgart,defender,1,0.08581800268307062,0.12311501910094806,0.004895432360203355,218.0,220.0,609,0.3284072249589491
14888,D. Diekmeier,Hamburger SV,defender,0,0.08580378749982222,0.10534194635718704,0.0024850824692613546,219.0,329.0,609,18.0623973727422
26120,T. Mangani,Angers,midfielder,2,0.08570812172796101,0.13076802552835531,0.004449879101393552,283.0,274.0,598,-1.5050167224080269
29588,E. Seka,Strasbourg,defender,1,0.08569939989902998,0.1150281877085989,0.012912452877347923,220.0,268.0,609,7.8817733990147785
8433,S. Ward,Burnley,defender,1,0.08558483307221076,0.1299852134189599,0.0025843826479179416,221.0,185.0,609,-5.911330049261084
15253,M. Lehmann,Köln,midfielder,0,0.08557511330672697,0.11698533351066395,0.015127480850947127,284.0,330.0,598,7.6923076923076925
64995,G. Burgstaller,Schalke 04,forward,11,0.08548633502454486,0.21848462094198562,-0.03559848058736863,183.0,112.0,287,-24.738675958188153
25942,G. Imbula,Toulouse,midfielder,1,0.08546596340305267,0.09958287392269782,0.009710972103428344,285.0,412.0,598,21.237458193979933
7938,A. Valencia,Manchester United,defender,3,0.08530147130183152,0.1302473821561854,0.006185457117257127,222.0,183.0,609,-6.403940886699507
3463,F. Fazio,Roma,defender,2,0.08529993192233845,0.10296918842900654,0.007705305300524618,223.0,345.0,609,20.032840722495894
49991,R. Freuler,Atalanta,midfielder,5,0.08525127034340997,0.12212515492552961,0.003700496895291262,286.0,308.0,598,3.678929765886288
248950,Samir,Udinese,defender,2,0.08513148282126273,0.158509103692231,-0.0003172358213457796,224.0,88.0,609,-22.33169129720854
25461,R. Boudebouz,Real Betis,midfielder,2,0.08497629614175146,0.12957789830866856,-0.010535196231481421,287.0,279.0,598,-1.3377926421404682
228639,Y. Gerhardt,Wolfsburg,defender,1,0.08492269477735469,0.12330043614721316,0.003552605536596692,225.0,219.0,609,-0.9852216748768473
286553,A. El Ghazi,Lille,forward,4,0.08490043292642556,0.15136182960141614,-0.015384008807699977,184.0,165.0,287,-6.620209059233449
127685,M. Jojić,Köln,midfielder,2,0.08485957516944762,0.1628314887487805,-0.002240785043815634,288.0,167.0,598,-20.234113712374583
279533,Mario Hermoso,Espanyol,defender,1,0.08482155324598623,0.07664271013638772,-0.0005121583273538945,226.0,491.0,609,43.51395730706076
105361,I. Strinić,Sampdoria,defender,0,0.0847835639679472,0.11262070497080606,0.00843164321220609,227.0,287.0,609,9.852216748768473
375001,I. Sangaré,Toulouse,midfielder,1,0.08466953960882258,0.11227923495133413,0.010197888580660569,289.0,352.0,598,10.535117056856187
15069,W. Orban,RB Leipzig,defender,3,0.0845279759096258,0.1465422180745465,0.008490824737714947,228.0,123.0,609,-17.24137931034483
356237,G. Lo Celso,PSG,midfielder,4,0.08451797772547061,0.17388408789587081,0.01078168366028723,290.0,140.0,598,-25.08361204013378
22377,I. M'baye,Bologna,defender,1,0.0844379782173257,0.13467793318244692,0.032261986728530034,229.0,160.0,609,-11.330049261083744
247248,S. March,Brighton & Hove Albion,midfielder,1,0.08442264631678995,0.10777063539882559,0.0009723648769788418,291.0,377.0,598,14.381270903010034
25786,D. Congré,Montpellier,defender,1,0.08441872422624551,0.10565396995012913,0.007410778357318739,230.0,326.0,609,15.763546798029557
25596,J. Plašil,Bordeaux,midfielder,0,0.084288936494117,0.12489240529904523,0.017735232431394507,292.0,295.0,598,0.5016722408026756
4009,M. Lacen,Málaga,midfielder,0,0.08418555009731152,0.12186752806578677,0.015799863292927353,293.0,312.0,598,3.177257525083612
20938,V. Behrami,Udinese,midfielder,1,0.08416772661219721,0.09325377987631837,-0.010644174930028031,294.0,426.0,598,22.073578595317727
3441,Gabi,Atlético Madrid,midfielder,0,0.08415348204878574,0.12226054302817113,0.011438602442102385,295.0,306.0,598,1.839464882943144
8186,S. Dann,Crystal Palace,defender,1,0.08404333466781022,0.11485527298603718,0.014894569259482262,231.0,269.0,609,6.239737274220033
16884,J. Korb,Hannover 96,defender,1,0.08392250022628965,0.09257716240444483,-0.0007877245085325214,232.0,405.0,609,28.407224958949097
21162,P. Cannavaro,Sassuolo,defender,0,0.083910173981306,0.08364726510174153,0.03257073514277543,233.0,450.0,609,35.632183908045974
25878,T. Heurtaux,Hellas Verona,defender,0,0.08388061800766308,0.12678385528335484,0.017026452049611285,234.0,198.0,609,-5.911330049261084
3667,De La Bella,Real Sociedad,defender,0,0.08371539663013791,0.13617813653235303,0.004866117737040103,235.0,155.0,609,-13.136288998357964
25861,J. Guilavogui,Wolfsburg,midfielder,3,0.08366947865749866,0.13573322762472767,-0.007064000767913551,296.0,260.0,598,-6.0200668896321075
365441,R. van Drongelen,Hamburger SV,defender,0,0.08345537276441424,0.10586265922075462,0.00014344332248060045,236.0,324.0,609,14.44991789819376
14727,A. Robben,Bayern München,midfielder,5,0.08344726829244355,0.20231408460151068,-0.003731664138823608,297.0,85.0,598,-35.45150501672241
3300,Albiol,Napoli,defender,3,0.08340919825888503,0.10634761171705676,0.01002226262633402,237.0,320.0,609,13.628899835796387
340646,B. Pavard,Stuttgart,defender,1,0.08335525570345505,0.13591213209542144,0.016518017178724444,238.0,156.0,609,-13.464696223316913
8268,B. Assou-Ekotto,Metz,defender,0,0.08334831267009592,0.12291591063985233,0.012295098862989285,239.0,221.0,609,-2.955665024630542
3414,Iturraspe,Athletic Club,midfielder,0,0.08328201360532006,0.12977401390427268,0.012688710918704358,298.0,278.0,598,-3.3444816053511706
344744,J. Ikoné,Montpellier,forward,1,0.08314250189465716,0.06208686204715845,-0.012859251377964205,185.0,229.0,287,15.331010452961673
269152,G. Simeone,Fiorentina,forward,14,0.08303982377469389,0.13308203378742425,-0.05067761613377093,186.0,177.0,287,-3.1358885017421603
703,M. Yoshida,Southampton,defender,2,0.08298741021082406,0.14221065462422014,0.027502956188316552,240.0,134.0,609,-17.4055829228243
3470,Campaña,Levante,midfielder,1,0.08297622338442771,0.09468851443627103,0.003939923550331699,299.0,424.0,598,20.903010033444815
393284,C. Traoré,Troyes,defender,0,0.0829596543210678,0.13284730073116896,0.013265215767200102,241.0,174.0,609,-11.001642036124794
20947,A. Cerci,Hellas Verona,forward,3,0.08264405601822647,0.12325711097816401,-0.009304880069159591,187.0,185.0,287,-0.6968641114982579
14803,S. Bender,Bayer Leverkusen,defender,2,0.08259272142205082,0.09800542916334129,0.014881850242851363,242.0,378.0,609,22.33169129720854
25526,J. Martins-Pereira,Guingamp,defender,0,0.08256783383599678,0.11783947250525025,0.008817770945719939,243.0,250.0,609,1.1494252873563218
25990,M. Deplagne,Troyes,defender,0,0.08252930258930623,0.11279145211544281,0.017306209158769854,244.0,285.0,609,6.732348111658457
7919,M. Keane,Everton,defender,0,0.08245340475197746,0.10840547840831308,0.009000642040127984,245.0,311.0,609,10.83743842364532
359847,Alfonso Pedraza,Deportivo Alavés,midfielder,3,0.08229733208776135,0.1670207465587372,-0.0035621435859300834,300.0,157.0,598,-23.91304347826087
65075,M. Hinteregger,Augsburg,defender,0,0.08227940935857556,0.12241472918386287,0.02007088347963708,246.0,223.0,609,-3.7766830870279144
49971,M. Bauer,Stoke City,defender,0,0.08226933305469146,0.12452782709429161,0.00643010170342568,247.0,213.0,609,-5.582922824302135
28529,Y. Sabaly,Bordeaux,defender,0,0.08219623724386332,0.12876268408539074,0.011008475722726733,248.0,189.0,609,-9.688013136288998
26512,M. Dossevi,Metz,midfielder,1,0.08209881526058133,0.12225893439633258,-0.009120501277423752,301.0,307.0,598,1.0033444816053512
14718,Rafinha,Bayern München,defender,1,0.08198379907622255,0.18613700197957012,0.008249728852792172,249.0,40.0,609,-34.31855500821018
134508,S. Fofana,Udinese,midfielder,3,0.08190478928373804,0.160178137531558,-0.0025615015591175677,302.0,175.0,598,-21.237458193979933
21025,R. Saponara,Fiorentina,midfielder,0,0.08186325163616877,0.12049403276833641,0.010308397158234867,303.0,318.0,598,2.508361204013378
3535,J. de Guzmán,Eintracht Frankfurt,midfielder,0,0.08177287216023087,0.11423065737660447,0.014339713230843027,304.0,345.0,598,6.8561872909699
16027,F. Bartels,Werder Bremen,midfielder,2,0.0817000998129002,0.11352173540037824,-0.016336710452680106,305.0,346.0,598,6.8561872909699
29474,R. Thomas,Angers,defender,2,0.08166863976097403,0.08807717698890719,0.02122619527670707,250.0,427.0,609,29.064039408866996
51004,C. Borges,Deportivo La Coruña,midfielder,3,0.08156770340719834,0.10573943562135893,0.008884454755300895,306.0,384.0,598,13.043478260869565
228928,A. Marušić,Lazio,midfielder,3,0.08155904426504997,0.14783320582928405,0.001997047814363831,307.0,218.0,598,-14.882943143812708
489488,Martín,Deportivo Alavés,defender,0,0.08146305657238317,0.1340896855748118,0.029879444836339475,251.0,165.0,609,-14.12151067323481
284960,L. Venuti,Benevento,defender,0,0.08143910861335953,0.11864756744586684,0.007855011218875444,252.0,249.0,609,-0.49261083743842365
20911,P. Schiattarella,SPAL,midfielder,1,0.08143645752252342,0.1154263697361879,0.0025866262969492437,308.0,335.0,598,4.51505016722408
135150,A. Cornelius,Atalanta,forward,3,0.08140202805457561,0.05823782299817309,-0.025976744736952512,188.0,235.0,287,16.37630662020906
65027,S. Ilsanker,RB Leipzig,midfielder,0,0.08130754651230486,0.1375864557416835,0.009875934448738381,309.0,249.0,598,-10.033444816053512
302518,L. Cook,AFC Bournemouth,midfielder,0,0.08124737038867387,0.10240345466655336,0.009507473433922163,310.0,399.0,598,14.882943143812708
8653,H. Maguire,Leicester City,defender,2,0.08118316664066245,0.1153264732126981,0.019460159096456514,253.0,263.0,609,1.6420361247947455
246866,A. Mawson,Swansea City,defender,2,0.08110088546970987,0.09138724089687858,0.016822846274922743,254.0,410.0,609,25.61576354679803
3270,Barragán,Real Betis,defender,0,0.08103682290342099,0.09868959586843243,-9.788118027172973e-05,255.0,374.0,609,19.54022988505747
18579,M. Halstenberg,RB Leipzig,defender,2,0.08098182018313343,0.17158749026654618,0.004406452721462874,256.0,68.0,609,-30.870279146141215
28922,T. Lemar,Monaco,midfielder,2,0.0809458375849642,0.13123711015695472,0.009941224250846424,311.0,273.0,598,-6.354515050167224
340,Cuco Martina,Everton,defender,0,0.08090981333265673,0.12662366362733987,0.014572370401516823,257.0,200.0,609,-9.35960591133005
6370,Eraso,Leganés,midfielder,4,0.08090903155894306,0.13489358885683336,-0.007832190507844559,312.0,264.0,598,-8.02675585284281
9097,L. Dunk,Brighton & Hove Albion,defender,1,0.08088942545908141,0.10351821432340925,0.026735789543166796,258.0,340.0,609,13.464696223316913
18670,L. Kübler,Freiburg,defender,0,0.08086129070672617,0.10009142420100534,0.005254701780843886,259.0,365.0,609,17.4055829228243
25393,D. Lovren,Liverpool,defender,2,0.0807682461102174,0.15467953790043681,0.011763786165775532,260.0,100.0,609,-26.272577996715928
9279,S. Francis,AFC Bournemouth,defender,0,0.08076223935408845,0.10472186071214525,0.006672384973930307,261.0,332.0,609,11.658456486042693
16443,L. Balogun,Mainz 05,defender,0,0.08071442257840353,0.11167684666691353,0.03171350166893033,262.0,293.0,609,5.090311986863711
22313,V. Laurini,Fiorentina,defender,0,0.08064842058655139,0.1375618423953897,0.008199001114944024,263.0,150.0,609,-18.555008210180624
20458,A. Barzagli,Juventus,defender,0,0.08057501336687138,0.10708910745135189,0.03617555299247385,264.0,317.0,609,8.70279146141215
8292,D. Rose,Tottenham Hotspur,defender,0,0.08054640557859936,0.12572524441014965,0.013615191403157277,265.0,203.0,609,-10.180623973727421
3327,Joselu,Newcastle United,forward,4,0.08053975504373005,0.11137277037069843,-0.012204874765264797,189.0,190.0,287,0.34843205574912894
247169,Diego González,Málaga,defender,1,0.08031496984829574,0.09410450806319781,-0.0010350565794108998,266.0,394.0,609,21.01806239737274
3671,Íñigo Martínez,Athletic Club,defender,1,0.08026602654874358,0.13352114072621224,0.014818766254699545,267.0,170.0,609,-15.92775041050903
344068,Unai Núñez,Athletic Club,defender,1,0.08008908295611877,0.10589122867758112,0.013669989544162153,268.0,322.0,609,8.866995073891626
256706,L. Phiri,Guingamp,midfielder,0,0.07964143030895766,0.1168520642145698,0.022150625306094365,313.0,331.0,598,3.0100334448160537
14687,S. Papastathopoulos,Borussia Dortmund,defender,2,0.07954567535666802,0.12504318163290778,-0.0012999753161523923,269.0,208.0,609,-10.016420361247947
8553,W. Reid,West Ham United,defender,0,0.07952836347181877,0.1252980802038605,0.024108118800539355,270.0,207.0,609,-10.344827586206897
25411,J. Briand,Guingamp,forward,11,0.07950929361110894,0.15454189163119258,-0.02584051352299168,190.0,160.0,287,-10.452961672473867
29640,M. Lemina,Southampton,midfielder,1,0.07916682387168472,0.10188817823336394,0.0178336766459781,314.0,401.0,598,14.548494983277592
227894,J. Giménez,Atlético Madrid,defender,1,0.07911338134298831,0.0985083971663381,0.027477189918654877,271.0,375.0,609,17.077175697865353
3496,Sergio Postigo,Levante,defender,1,0.07903879102319124,0.11118423642041014,0.020704229398789752,272.0,299.0,609,4.433497536945813
3344,Rafinha,Internazionale,midfielder,2,0.07898552420553563,0.16459036743708522,-0.001980707986838046,315.0,163.0,598,-25.418060200668897
56025,M. Krohn-Dehli,Sevilla,midfielder,1,0.07897199223211185,0.14677892884595445,-0.000887660414292087,316.0,223.0,598,-15.551839464882944
11156,M. Trotta,Crotone,forward,7,0.07861030372005058,0.17660086570343167,-0.01204573948575407,191.0,141.0,287,-17.421602787456447
258253,B. Henrichs,Bayer Leverkusen,defender,0,0.07849939260052692,0.11458536740078654,-0.00427208161995977,273.0,273.0,609,0.0
16025,M. Kruse,Werder Bremen,forward,6,0.07830624075723551,0.17460522492707028,-0.006004431802552031,192.0,143.0,287,-17.073170731707318
252365,D. Yedlin,Newcastle United,defender,0,0.0782936935386705,0.09794898673682717,0.0031679927150204306,274.0,379.0,609,17.24137931034483
136441,B. Davies,Tottenham Hotspur,defender,2,0.07796187060467376,0.13365356673265896,0.009184598879031418,275.0,168.0,609,-17.569786535303777
5383,Toño,Levante,defender,0,0.07781077300144305,0.0805230818728752,-0.004161354471692657,276.0,468.0,609,31.527093596059114
70122,N. Matić,Manchester United,midfielder,1,0.0777681969483617,0.09682295601076588,0.010389502262793013,317.0,419.0,598,17.05685618729097
15188,J. Baumgartlinger,Bayer Leverkusen,midfielder,1,0.07776286704631781,0.11704116875523046,0.011663028804550632,318.0,329.0,598,1.839464882943144
4501,Daniel Carvajal,Real Madrid,defender,0,0.07771085608815051,0.10612005561451787,-0.002155759741699724,277.0,321.0,609,7.22495894909688
261127,A. Januzaj,Real Sociedad,midfielder,3,0.07770188285220012,0.12339869239947994,-0.017004134054486312,319.0,300.0,598,-3.177257525083612
8221,J. Ward,Crystal Palace,defender,0,0.07762499611408255,0.10239804226416989,0.0073799884911542254,278.0,351.0,609,11.986863711001641
131184,Ali Adnan,Udinese,defender,0,0.0774822128429492,0.12703367004025054,0.004089419000834721,279.0,197.0,609,-13.464696223316913
20635,F. Acerbi,Sassuolo,defender,0,0.07743608196351544,0.10761886035453323,0.028265634816858988,280.0,315.0,609,5.747126436781609
14796,C. Löwe,Huddersfield Town,defender,0,0.07732773437117135,0.111369193251831,0.012472748657397389,281.0,295.0,609,2.2988505747126435
26633,A. Souquet,Nice,defender,0,0.07729768584704722,0.11560549207773221,0.02306218826944273,282.0,260.0,609,-3.61247947454844
69513,A. Budimir,Crotone,forward,6,0.07728203324652282,0.07049265589783157,-0.03752778825800851,193.0,225.0,287,11.149825783972126
8116,N. Redmond,Southampton,midfielder,1,0.07708174636279791,0.07684521466062043,-0.00867019032780675,320.0,489.0,598,28.26086956521739
3843,F. Orellana,Eibar,midfielder,3,0.07705677003725911,0.14252160166417077,-0.012744671124570516,321.0,230.0,598,-15.217391304347826
25537,G. Krychowiak,West Bromwich Albion,midfielder,0,0.07705411910840615,0.10789101229311224,0.019683793923449593,322.0,376.0,598,9.03010033444816
21077,A. Gómez,Atalanta,forward,6,0.07703360127840297,0.1771998043239953,0.0009463438836163665,194.0,139.0,287,-19.16376306620209
21100,A. Ogbonna,West Ham United,defender,1,0.076912949697847,0.12357044756543077,0.015497320936446615,283.0,218.0,609,-10.673234811165846
3534,Jaume Costa,Villarreal,defender,0,0.07688432346718169,0.1086381989575136,0.0017775647815701711,284.0,309.0,609,4.105090311986864
21288,Miguel Veloso,Genoa,midfielder,1,0.07686395134986278,0.12499776984933662,0.014764737551980538,323.0,294.0,598,-4.849498327759197
18550,E. Can,Liverpool,midfielder,3,0.07685982842489955,0.1375937898237083,0.001238079894556227,324.0,248.0,598,-12.709030100334449
9419,T. Ince,Huddersfield Town,midfielder,2,0.07685597485227894,0.05473318228434464,0.003414044486066121,325.0,563.0,598,39.79933110367893
99833,B. Bereszyński,Sampdoria,defender,0,0.07676417696882953,0.11278560267209987,0.0037520924803785484,285.0,286.0,609,0.16420361247947454
8245,P. Jagielka,Everton,defender,0,0.07674675330915207,0.11416420404277727,0.007956882515476046,286.0,278.0,609,-1.3136288998357963
26265,V. Manceau,Angers,defender,0,0.07667425564976507,0.11096285419902366,0.009847096686776568,287.0,301.0,609,2.2988505747126435
40657,Wendell,Bayer Leverkusen,defender,1,0.07666701071426779,0.09834098867224349,0.004356972768005832,288.0,376.0,609,14.44991789819376
43515,Andrei Girotto,Nantes,midfielder,1,0.07663224259773795,0.06378186662810452,-0.010679161783002438,326.0,538.0,598,35.45150501672241
5472,Luis Hernández,Málaga,defender,0,0.07657519966924634,0.09320973783257407,0.018126314090624013,289.0,399.0,609,18.0623973727422
222766,Bruno Gaspar,Fiorentina,defender,0,0.07645371846112324,0.10948034262645562,0.015780441190602974,290.0,306.0,609,2.6272577996715927
16303,D. Latza,Mainz 05,midfielder,2,0.07637316965605903,0.13661228213962343,0.0018993575476749427,327.0,255.0,598,-12.040133779264215
20680,F. Sørensen,Köln,defender,2,0.07636889093526435,0.13369180864660674,0.010562961347931702,291.0,167.0,609,-20.361247947454842
11078,T. Smith,Huddersfield Town,defender,0,0.07632132123542427,0.12083019097281147,0.005693145512871515,292.0,237.0,609,-9.0311986863711
51064,E. Krafth,Bologna,defender,0,0.07631976256492647,0.1112313913850326,-0.006711351884673452,293.0,298.0,609,0.8210180623973727
25864,L. Perrin,Saint-Étienne,defender,0,0.0762508724641681,0.11154112804039736,0.023159349764863283,294.0,294.0,609,0.0
25638,D. Foulquier,Strasbourg,defender,0,0.07621819200951206,0.0993332266968015,-0.003958871859845016,295.0,373.0,609,12.807881773399014
40550,Paulinho,Barcelona,midfielder,9,0.07620413188916315,0.2494323822029807,-0.00473138296315449,328.0,41.0,598,-47.9933110367893
3338,Sergi Gómez,Celta de Vigo,defender,1,0.07617978530217238,0.11865260092522185,0.013908998421743628,296.0,248.0,609,-7.8817733990147785
4272,Ximo Navarro,Las Palmas,defender,0,0.07605772862936064,0.09148014808075754,0.011516382535367294,297.0,409.0,609,18.39080459770115
12536,D. Gayle,Newcastle United,forward,6,0.07603967056443087,0.10514539341463705,-0.007111275777360585,195.0,196.0,287,0.34843205574912894
208694,Rodrigo Ely,Deportivo Alavés,defender,1,0.07598606969745637,0.12502606715821424,0.024669093484439217,298.0,209.0,609,-14.614121510673234
8471,A. Townsend,Crystal Palace,midfielder,2,0.07594049288906914,0.10185978407787676,-0.00425636922938995,329.0,402.0,598,12.207357859531772
14929,M. Hasebe,Eintracht Frankfurt,midfielder,0,0.07593242334786746,0.10660142115991511,0.018689460915611404,330.0,381.0,598,8.528428093645484
32959,P. Pekarík,Hertha BSC,defender,0,0.07590073006849976,0.10902966480532958,0.01619135534303452,299.0,308.0,609,1.477832512315271
8136,J. Stephens,Southampton,defender,2,0.0758799848424011,0.10323576492620132,0.0038071229731988054,300.0,342.0,609,6.896551724137931
20518,Juan Jesus,Roma,defender,0,0.07575636215777598,0.08768095503098702,0.023006059662841912,301.0,431.0,609,21.346469622331693
25706,I. Gueye,Everton,midfielder,2,0.07567021159217119,0.1229344109005861,0.009761965267034314,331.0,302.0,598,-4.849498327759197
20556,A. Candreva,Internazionale,midfielder,0,0.07563382299312793,0.10275885836985842,-0.002240216012695276,332.0,396.0,598,10.702341137123746
279734,V. Koziello,Nice,midfielder,1,0.07561655415038623,0.11078406615922567,0.008183423914478283,333.0,357.0,598,4.013377926421405
3416,Javi Martínez,Bayern München,midfielder,1,0.07557013724547645,0.12584965951559607,0.010310966565443414,334.0,290.0,598,-7.357859531772576
393214,V. Rosier,Dijon,defender,0,0.07556407434786071,0.09264215210738759,0.023484423149979814,302.0,403.0,609,16.58456486042693
20588,K. Asamoah,Juventus,midfielder,0,0.07554890591533157,0.10354460706375845,0.012969395302280534,335.0,391.0,598,9.364548494983278
14836,T. Inui,Eibar,midfielder,5,0.07553132470139906,0.1232842479489657,-0.013379949204218578,336.0,301.0,598,-5.852842809364549
3353,Iniesta,Barcelona,midfielder,1,0.07551726800547966,0.13831680936742397,-0.0030168130764757625,337.0,245.0,598,-15.384615384615385
134708,D. Origi,Wolfsburg,forward,6,0.07544115832021371,0.03682730705106085,-0.026554979086604417,196.0,248.0,287,18.118466898954704
38532,E. Zukanović,Genoa,defender,0,0.0754084490787189,0.08910071540439833,0.020167650478740865,303.0,423.0,609,19.704433497536947
134512,C. Jean,Toulouse,forward,1,0.07538958107339694,0.11976309241025934,-0.0011075779995898464,197.0,188.0,287,-3.1358885017421603
263091,Gumbau,Leganés,midfielder,1,0.0753465759370688,0.15296112716641436,0.012640596518264994,338.0,203.0,598,-22.5752508361204
146588,A. Romagnoli,Milan,defender,2,0.07533738105361182,0.12159805270061841,0.004327297661813331,304.0,230.0,609,-12.151067323481117
25785,S. Aurier,Tottenham Hotspur,defender,2,0.07530436336714419,0.17425019407174153,0.0006899943896643417,305.0,62.0,609,-39.90147783251231
70139,E. Insúa,Stuttgart,defender,0,0.07528141150794422,0.10167488575289405,0.008631639071992636,306.0,356.0,609,8.210180623973727
27958,T. Pellenard,Bordeaux,defender,0,0.07525616217030094,0.10467863941659165,0.017225659189010683,307.0,333.0,609,4.269293924466338
228963,H. Traoré,Rennes,defender,0,0.07518452116849077,0.1021706269434556,0.0178068481797136,308.0,354.0,609,7.553366174055829
86328,G. Pezzella,Fiorentina,defender,1,0.07518115643540885,0.10272903271889906,0.026678041360422244,309.0,347.0,609,6.239737274220033
14808,İ. Gündoğan,Manchester City,midfielder,4,0.07488522878887167,0.16681996032938917,-0.0048286781807723245,339.0,159.0,598,-30.100334448160535
8285,J. Livermore,West Bromwich Albion,midfielder,2,0.07488131412294133,0.10215018749247197,0.0026460678743952647,340.0,400.0,598,10.033444816053512
300669,A. Balić,Udinese,midfielder,0,0.07487234587849788,0.10865674110366466,0.009614014385277817,341.0,371.0,598,5.016722408026756
425926,A. Maier,Hertha BSC,midfielder,0,0.0748185062236224,0.08769584191722574,0.008657768978302286,342.0,452.0,598,18.39464882943144
333571,L. Torreira,Sampdoria,midfielder,4,0.07470619411464818,0.13600005690623204,0.008298138525966937,343.0,258.0,598,-14.214046822742475
25392,B. Koné,Strasbourg,defender,1,0.07456438606162298,0.075887730514207,0.0037010184633509587,310.0,496.0,609,30.541871921182267
49856,D. Abraham,Eintracht Frankfurt,defender,0,0.07455939725834672,0.09774432661149199,0.023082247916674223,311.0,380.0,609,11.330049261083744
8290,A. Pritchard,Huddersfield Town,midfielder,1,0.07450895681070324,0.10770061845001297,-0.00913209001358491,344.0,378.0,598,5.68561872909699
26134,P. Gouano,Amiens SC,defender,0,0.07447770889858993,0.11447577087894482,0.018123135903999263,312.0,275.0,609,-6.075533661740558
1712,K. Tete,Olympique Lyonnais,defender,1,0.07447173518361717,0.14845424039088656,0.010322141598489721,313.0,118.0,609,-32.01970443349754
134383,N. Süle,Bayern München,defender,2,0.07443519289030039,0.14517526405524533,0.015420697179072924,314.0,126.0,609,-30.870279146141215
4278,Borja García,Girona,midfielder,2,0.07437569545759895,0.1085014304834111,0.0009260501184624972,345.0,373.0,598,4.682274247491639
9080,A. Taarabt,Genoa,midfielder,2,0.07433713372390459,0.1064830122715699,-0.006167577248010958,346.0,382.0,598,6.0200668896321075
20943,R. Montolivo,Milan,midfielder,1,0.07431650372318666,0.16403252410145808,-0.003967761044382251,347.0,164.0,598,-30.60200668896321
279555,Iván Alejo,Eibar,midfielder,1,0.07426987028318133,0.12526234883213994,-0.02019700937093484,348.0,293.0,598,-9.19732441471572
25791,S. Yago,Toulouse,defender,0,0.07416496066326382,0.0814192937942548,0.0026482827221779542,315.0,463.0,609,24.302134646962234
112377,O. Vizcarrondo,Troyes,defender,0,0.07387941200297454,0.08326822369577726,-0.0032338312685591315,316.0,452.0,609,22.33169129720854
3282,Canales,Real Sociedad,midfielder,4,0.07386072692849673,0.22633122618260618,0.00044677306086710294,349.0,64.0,598,-47.65886287625418
286917,F. Touré,Lille,defender,0,0.07382576421610576,0.0926404758641567,0.022901661083610015,317.0,404.0,609,14.285714285714286
258252,L. Klostermann,RB Leipzig,defender,1,0.07374995647533299,0.09280819752594881,0.007283177031030566,318.0,401.0,609,13.628899835796387
8314,G. Barry,West Bromwich Albion,midfielder,1,0.07369496673327917,0.12233682773563331,0.0018158963901529607,350.0,305.0,598,-7.525083612040134
21279,E. Moretti,Torino,defender,0,0.07365841260630922,0.11703714821303775,0.028803835603063297,319.0,254.0,609,-10.673234811165846
15014,O. Wendt,Borussia M'gladbach,defender,1,0.07365159249444221,0.10131382250022537,0.00656073619152759,320.0,358.0,609,6.239737274220033
282799,S. Posch,Hoffenheim,defender,0,0.07361964911698594,0.10823757054950922,0.004460809784413861,321.0,312.0,609,-1.477832512315271
354123,Pol Lirola,Sassuolo,defender,0,0.07355070211548917,0.10001350632248243,0.009916050540490034,322.0,367.0,609,7.389162561576355
9283,H. Arter,AFC Bournemouth,midfielder,1,0.0733902543201814,0.1487414597247379,0.009119797326572764,351.0,214.0,598,-22.909698996655518
4086,Bóveda,Deportivo La Coruña,defender,0,0.07336762048142909,0.09201904269467372,0.021294539315308947,323.0,407.0,609,13.793103448275861
14869,S. Kolašinac,Arsenal,defender,2,0.07336620146411864,0.12161976619018902,0.010770380265193013,324.0,229.0,609,-15.599343185550081
7988,Y. Cabaye,Crystal Palace,midfielder,0,0.07335209018352443,0.11296179950078356,0.0027303221942236093,352.0,347.0,598,-0.8361204013377926
337682,F. Uduokhai,Wolfsburg,defender,1,0.07322215211155765,0.11050235406233509,-0.005448506096195419,325.0,304.0,609,-3.4482758620689653
26285,A. Gonçalves,Strasbourg,midfielder,0,0.072931253397803,0.1357775984152929,0.005708098977931224,353.0,259.0,598,-15.719063545150501
394006,M. Terrier,Strasbourg,forward,3,0.07291999714917614,0.11001860411383071,-0.011916823201644172,198.0,193.0,287,-1.7421602787456445
3269,Jordi Alba,Barcelona,defender,2,0.07291262785550441,0.13710366163190849,0.009936260578318564,326.0,151.0,609,-28.735632183908045
20808,E. Muñoz,Leganés,defender,0,0.07289661740831968,0.08102606840287593,0.023373548994764255,327.0,465.0,609,22.660098522167488
70156,A. Carrillo,Watford,midfielder,1,0.07277612597136048,0.09825596567561833,0.003418357787996338,354.0,415.0,598,10.200668896321071
144867,K. Malcuit,Lille,defender,0,0.0727350718063259,0.09421878130847092,0.004463434875833383,328.0,391.0,609,10.344827586206897
3806,Javi López,Espanyol,defender,0,0.07270070099204277,0.087288952624182,0.011558339816000289,329.0,433.0,609,17.077175697865353
49857,A. Ajeti,Crotone,defender,0,0.07269154910222256,0.1290719228343839,0.01222930045731414,330.0,188.0,609,-23.316912972085387
8192,M. Olsson,Swansea City,defender,0,0.07254371237943234,0.10696697898865451,0.008200284425249248,331.0,318.0,609,-2.134646962233169
3335,Bartra,Real Betis,defender,3,0.07249206001884584,0.1401244937616408,0.018322127596907146,332.0,142.0,609,-31.198686371100163
393247,I. Konaté,RB Leipzig,defender,0,0.07248225366714921,0.15949867411491672,0.013401833261149257,333.0,87.0,609,-40.39408866995074
4424,Jonny,Celta de Vigo,defender,2,0.07237843107765783,0.11005629500025696,-0.0035786502901868924,334.0,305.0,609,-4.761904761904762
99453,P. Nakoulma,Nantes,forward,3,0.07235444248251803,0.09424664951680979,-0.02437641027662251,199.0,204.0,287,1.7421602787456445
15806,J. Vestergaard,Borussia M'gladbach,defender,3,0.07228226610546663,0.12393585833089218,0.011958915235963987,335.0,216.0,609,-19.54022988505747
20529,A. Poli,Bologna,midfielder,2,0.0722131020419996,0.10545690679958815,-0.0019803527063008714,355.0,387.0,598,5.351170568561873
25534,I. Cissokho,Amiens SC,defender,0,0.07214129418003098,0.09992095731005875,0.019327240963880256,336.0,368.0,609,5.254515599343185
352986,K. Amian,Toulouse,defender,1,0.07207501812432875,0.1037929781802188,-0.0004981641697868393,337.0,339.0,609,0.3284072249589491
403449,Rogério,Sassuolo,defender,0,0.07206564218447337,0.10119367112911679,0.029467639477469783,338.0,359.0,609,3.4482758620689653
8319,J. Milner,Liverpool,midfielder,0,0.07199303511158929,0.14294899282854978,0.007181277119956934,356.0,229.0,598,-21.237458193979933
366563,V. Selimovic,Metz,defender,0,0.07175206437019244,0.10400518157000758,0.027834033826806402,339.0,338.0,609,-0.16420361247947454
3573,J. Toulalan,Bordeaux,midfielder,0,0.07157793074809245,0.09749865233210818,0.020326348597096765,357.0,418.0,598,10.200668896321071
70959,Edgar Ié,Lille,defender,1,0.07153306997565398,0.06875657578454525,0.01297036590468713,340.0,520.0,609,29.55665024630542
51013,R. Quaison,Mainz 05,midfielder,4,0.07147508049239588,0.16380611054674388,-0.014429520042606322,358.0,165.0,598,-32.274247491638796
15877,A. Hahn,Hamburger SV,forward,3,0.07124435261835171,0.09636459109780648,-0.008675072198795741,200.0,203.0,287,1.0452961672473868
213308,J. Alonso,Lille,defender,2,0.07124333157621375,0.0973472491640555,0.020038356121728246,341.0,381.0,609,6.568144499178982
32968,N. Amrabat,Leganés,forward,2,0.07124259663675096,0.06057720626623067,-0.03155457193648716,201.0,231.0,287,10.452961672473867
14917,R. Knoche,Wolfsburg,defender,1,0.07120418086210577,0.12257494865212921,0.01183488781837411,342.0,222.0,609,-19.704433497536947
235597,T. Baumgartl,Stuttgart,defender,0,0.07112567694768268,0.10431876965143233,0.019120064110216665,343.0,335.0,609,-1.3136288998357963
99902,P. Zieliński,Napoli,midfielder,4,0.07104154306948256,0.15559467406811384,-0.019362184518332135,359.0,188.0,598,-28.59531772575251
26021,S. Falette,Eintracht Frankfurt,defender,1,0.07100417460722279,0.1305869359923596,0.006992474293260634,344.0,179.0,609,-27.0935960591133
215281,A. Mbengue,Caen,defender,0,0.07093513945563393,0.11780858493991364,0.02230801750455574,345.0,251.0,609,-15.435139573070607
55990,T. Delaney,Werder Bremen,midfielder,3,0.07089404451043983,0.08572005066159163,-0.004041171579510747,360.0,458.0,598,16.387959866220736
112366,M. Layún,Sevilla,defender,2,0.07088973238156732,0.18225824382236575,-0.00738598153779091,346.0,46.0,609,-49.26108374384236
134392,K. Akpoguma,Hoffenheim,defender,0,0.07071314592796434,0.09473655147838425,0.0026486996058717985,347.0,389.0,609,6.896551724137931
245364,L. Sané,Manchester City,midfielder,10,0.07062239737756541,0.18191365989127894,-0.008576283294995168,361.0,123.0,598,-39.79933110367893
20550,Ş. Radu,Lazio,defender,0,0.07059823819050202,0.10273698512323731,0.01654424228166746,348.0,346.0,609,-0.3284072249589491
190167,L. Spinazzola,Atalanta,midfielder,0,0.07058427017364671,0.10848152584493448,0.005303356051409735,362.0,374.0,598,2.0066889632107023
14862,J. Draxler,PSG,midfielder,4,0.07027901667314808,0.20984441703913934,0.00765545119209234,363.0,78.0,598,-47.65886287625418
159,J. Gouweleeuw,Augsburg,defender,0,0.07011192088346897,0.11652316693559543,0.015079271583334823,349.0,256.0,609,-15.270935960591133
3531,C. Zapata,Milan,defender,0,0.0699626579621646,0.11543318377919157,0.016362771445035007,350.0,262.0,609,-14.44991789819376
11294,S. Arfield,Burnley,midfielder,2,0.06983805365262265,0.08390153367828927,-0.036459443705294046,364.0,464.0,598,16.722408026755854
38095,S. Gakpé,Amiens SC,forward,3,0.06982577104923388,0.14190667201192794,-0.005766145134268806,202.0,169.0,287,-11.498257839721255
415809,F. Depaoli,Chievo,midfielder,0,0.06978170263348253,0.09285643916710559,0.012679275854438694,365.0,430.0,598,10.869565217391305
8925,A. Westwood,Burnley,midfielder,0,0.06965187804529518,0.10352331468589272,0.01034780892605942,366.0,392.0,598,4.3478260869565215
7853,K. Gibbs,West Bromwich Albion,defender,0,0.06961607723201081,0.09688546018516256,0.013891644616595701,351.0,383.0,609,5.254515599343185
391530,C. Pulisic,Borussia Dortmund,midfielder,4,0.06959822340099144,0.06987207485501844,-0.024366867977313435,367.0,518.0,598,25.25083612040134
48,J. Vertonghen,Tottenham Hotspur,defender,0,0.06958207445223033,0.12211538000535642,0.017893186859144854,352.0,225.0,609,-20.85385878489327
282804,K. Laimer,RB Leipzig,midfielder,0,0.06956423574851867,0.11262643063017684,0.010840534327063297,368.0,349.0,598,-3.177257525083612
397168,T. Fosu-Mensah,Crystal Palace,defender,0,0.06953242623551711,0.07685266329541213,0.015157806308903803,353.0,485.0,609,21.67487684729064
20636,M. Andreolli,Cagliari,defender,0,0.0694839453723963,0.12484736312481302,0.037271857958843774,354.0,211.0,609,-23.48111658456486
286825,J. Kenny,Everton,defender,0,0.0694739606475895,0.1140894722644148,0.0011156815575189968,355.0,279.0,609,-12.479474548440066
424624,O. Etebo,Las Palmas,forward,0,0.06945834657126791,0.07777160181153127,0.008476903932050164,203.0,218.0,287,5.2264808362369335
14800,M. Schmelzer,Borussia Dortmund,defender,0,0.0693854348439873,0.08998776986825938,0.017128351142026182,356.0,418.0,609,10.180623973727421
4786,Iván Balliu,Metz,defender,0,0.06929307009442107,0.11586077541399016,0.012660952129472589,357.0,259.0,609,-16.091954022988507
214628,J. Amavi,Olympique Marseille,defender,0,0.06928633697065009,0.13031232604951157,0.018478138572675044,358.0,182.0,609,-28.89983579638752
3277,Víctor Ruíz,Villarreal,defender,2,0.0692718144305289,0.11172011141573579,0.0034643845898617988,359.0,291.0,609,-11.16584564860427
9285,C. Daniels,AFC Bournemouth,defender,1,0.06924807614331724,0.104268145856364,0.008491721480494213,360.0,336.0,609,-3.9408866995073892
26196,D. Sidibé,Monaco,defender,2,0.06910234155303181,0.13417187007603665,-2.8344188965877646e-05,361.0,164.0,609,-32.34811165845649
20561,S. Lulić,Lazio,midfielder,3,0.06910119429773684,0.14688683882396156,-0.001663844253332458,369.0,222.0,598,-24.581939799331103
23427,M. Fossati,Hellas Verona,midfielder,0,0.06905445595848742,0.08983238479869557,0.011434550231956268,370.0,446.0,598,12.709030100334449
240445,Andreas Pereira,Valencia,midfielder,1,0.06892944186415279,0.13664874856111695,0.001301214064606079,371.0,254.0,598,-19.565217391304348
14857,K. Papadopoulos,Hamburger SV,defender,1,0.0686994130689427,0.08253314320462721,0.014247395704748061,362.0,455.0,609,15.270935960591133
49876,G. Xhaka,Arsenal,midfielder,1,0.06848566936773746,0.09195885296761393,0.009976336730189635,372.0,435.0,598,10.535117056856187
134369,M. Meyer,Schalke 04,midfielder,0,0.06846994697835632,0.1094921569600402,0.005400790105735976,373.0,367.0,598,-1.0033444816053512
14775,B. Oczipka,Schalke 04,defender,0,0.06843319591384354,0.11736727437011904,-0.002582795120474729,363.0,253.0,609,-18.0623973727422
20866,D. Astori,Fiorentina,defender,1,0.0683601801936105,0.11484777043272072,0.02125963317335077,364.0,270.0,609,-15.435139573070607
94695,H. Sakai,Olympique Marseille,defender,0,0.06834844105681721,0.10862600263298283,0.016483218417945512,365.0,310.0,609,-9.0311986863711
15178,S. Bell,Mainz 05,defender,1,0.06832456107163222,0.09030966874691043,-0.0017703897419157118,366.0,415.0,609,8.045977011494253
4013,Rubén Pérez,Leganés,midfielder,0,0.0682786900496229,0.10000192507607042,0.00821102049063198,374.0,411.0,598,6.187290969899665
134502,A. Laporte,Athletic Club,defender,0,0.06825251595124397,0.12103449512881027,0.010957366394182549,367.0,234.0,609,-21.839080459770116
265673,Bernardo Silva,Manchester City,midfielder,6,0.06819476871196763,0.17932358142178442,-0.012341754590870469,375.0,129.0,598,-41.137123745819395
3339,Montoya,Valencia,defender,0,0.06819096361916202,0.10320249630411425,0.006436722593150661,368.0,343.0,609,-4.105090311986864
25995,B. Stambouli,Schalke 04,midfielder,0,0.06818252749407089,0.11466288480628839,0.017006426147084128,376.0,341.0,598,-5.852842809364549
25829,P. Lasne,Montpellier,midfielder,1,0.06815158855854167,0.07208354823548475,-5.154215569355115e-05,377.0,507.0,598,21.73913043478261
3476,I. Rakitić,Barcelona,midfielder,1,0.0681038684839538,0.11989801377224257,0.00802058084192197,378.0,321.0,598,-9.531772575250836
3347,Sergi Roberto,Barcelona,defender,1,0.06806723095490494,0.12545300556895514,-0.00880144483879356,369.0,205.0,609,-26.929392446633827
3529,Mario,Villarreal,defender,2,0.06796276097517119,0.08372884705984592,-0.002330986840285909,370.0,449.0,609,12.97208538587849
44510,Vitor Hugo,Fiorentina,defender,1,0.06795275894468081,0.08450862403077546,0.007234143114827189,371.0,443.0,609,11.822660098522167
383,D. Tadić,Southampton,midfielder,6,0.06784097005902238,0.12059501347140497,-0.02494986753142143,379.0,317.0,598,-10.367892976588628
334720,R. Bensebaini,Rennes,defender,0,0.06780868780397928,0.08812669075258396,0.018685945541281772,372.0,426.0,609,8.866995073891626
119951,Ahmed Hegazy,West Bromwich Albion,defender,2,0.06777717567518482,0.10439505621172669,0.031153644236664585,373.0,334.0,609,-6.403940886699507
8200,S. N'Zonzi,Sevilla,midfielder,1,0.06747313365975967,0.08348889149368129,0.01295022487121772,380.0,469.0,598,14.882943143812708
43051,Gabriel,Leganés,midfielder,5,0.06745233322922493,0.09829334790795007,-0.01579081502418212,381.0,414.0,598,5.518394648829432
3523,F. Lejeune,Newcastle United,defender,0,0.06744143053756092,0.11332511336955652,0.024538618207562094,374.0,283.0,609,-14.942528735632184
8416,G. Murray,Brighton & Hove Albion,forward,12,0.06733792930525938,0.19246162343578072,-0.04345168277869986,204.0,129.0,287,-26.13240418118467
21655,A. Stoian,Crotone,forward,2,0.06713472163135323,0.14247730205682338,0.0006189241439277424,205.0,168.0,287,-12.89198606271777
68085,C. Kabasele,Watford,defender,2,0.06711305734518358,0.10584903424486765,-0.004079742911428317,375.0,325.0,609,-8.210180623973727
58978,G. Cameron,Stoke City,defender,0,0.06704418505515815,0.10228814964262407,0.015697177247125837,376.0,352.0,609,-3.9408866995073892
258263,V. Jovanović,Bordeaux,defender,0,0.06687873356102353,0.10089719225668185,0.011223732729291142,377.0,360.0,609,-2.7914614121510675
3750,Balenziaga,Athletic Club,defender,0,0.06668245046554772,0.10035162322329845,0.007289299330562946,378.0,363.0,609,-2.4630541871921183
25503,G. Mandjeck,Metz,midfielder,0,0.06663841092425998,0.10798000616615377,0.013560607541494326,382.0,375.0,598,-1.1705685618729098
286448,M. Arambarri,Getafe,midfielder,1,0.06662987582366665,0.07124868930257561,0.0039021378106235197,383.0,512.0,598,21.57190635451505
189821,M. Zeegelaar,Watford,defender,0,0.06661791250456794,0.1008764743962469,0.007591124585837033,379.0,361.0,609,-2.955665024630542
213124,Chema,Levante,defender,1,0.06655487164790425,0.07572614224499515,0.002234633838175881,380.0,497.0,609,19.211822660098523
372915,A. Harit,Schalke 04,midfielder,3,0.06652568245510523,0.11271466743909153,-0.007348275944847937,384.0,348.0,598,-6.0200668896321075
3466,Alexis,Deportivo Alavés,defender,1,0.06645866203175854,0.06738817616310773,0.008961947846001555,381.0,525.0,609,23.645320197044335
302600,S. Serdar,Mainz 05,midfielder,2,0.06604831694025148,0.10280080557364464,-0.002830058766610252,385.0,394.0,598,1.5050167224080269
134427,D. Rugani,Juventus,defender,2,0.06603772106102057,0.09171078044501393,0.009486373743668335,382.0,408.0,609,4.269293924466338
4363,Vicente Gómez,Las Palmas,midfielder,0,0.0660260333035291,0.07135068930856193,0.0070303491155556536,386.0,511.0,598,20.903010033444815
167145,Bellerín,Arsenal,defender,2,0.06599096276344456,0.07181265107798115,0.0014025569678651748,383.0,513.0,609,21.346469622331693
22162,F. Magnanelli,Sassuolo,midfielder,0,0.06580991900925658,0.09769552298112132,0.00031003403984044273,387.0,417.0,598,5.016722408026756
404219,M. Cuisance,Borussia M'gladbach,midfielder,0,0.06580055792051247,0.09057687268965481,0.004374292119625234,388.0,443.0,598,9.19732441471572
25523,K. Djidji,Nantes,defender,0,0.06567597501278008,0.10334399414070033,-0.006813205426785975,384.0,341.0,609,-7.060755336617405
257899,J. Gomez,Liverpool,defender,0,0.06566332201694258,0.09940235445477574,0.007334205378918413,385.0,372.0,609,-2.134646962233169
26069,H. Bazile,Caen,forward,0,0.06555626689468022,0.08378676700830306,0.011191492001284865,206.0,213.0,287,2.4390243902439024
7964,J. Henderson,Liverpool,midfielder,1,0.0653531740533235,0.13518585470876515,0.0009363792541516309,389.0,261.0,598,-21.40468227424749
288663,M. Caldara,Atalanta,defender,3,0.06528565320544731,0.11430350943718497,0.015739552051381847,386.0,276.0,609,-18.0623973727422
3543,Borja Valero,Internazionale,midfielder,2,0.06514268902236718,0.11086045780486971,0.006868517369331837,390.0,356.0,598,-5.68561872909699
7885,R. Bertrand,Southampton,defender,0,0.06486993402047438,0.07676844633684811,0.005443625917322477,387.0,489.0,609,16.748768472906406
40538,Leandro Castán,Cagliari,defender,0,0.06479557762749664,0.04321270137742703,0.002089799678132948,388.0,576.0,609,30.870279146141215
25524,P. Djilobodji,Dijon,defender,0,0.06450070007177523,0.08626726933622945,0.00892688997097747,389.0,437.0,609,7.8817733990147785
272338,L. Klünter,Köln,defender,1,0.06430328876989527,0.04642526101778194,0.006028990766097286,390.0,568.0,609,29.22824302134647
14998,J. Schuster,Freiburg,midfielder,0,0.06413089812399884,0.10616893875876651,0.017788612199802184,391.0,383.0,598,-1.3377926421404682
3436,Javi Manquillo,Newcastle United,defender,0,0.0639178248274014,0.07067743900645616,0.013894681656753635,391.0,515.0,609,20.361247947454842
344178,P. Retsos,Bayer Leverkusen,defender,1,0.06391778770452698,0.09946619381743772,0.004614721124812694,392.0,371.0,609,-3.4482758620689653
14749,G. Sakai,Hamburger SV,defender,0,0.06388931656821592,0.08799942506586324,0.008398414027521155,393.0,428.0,609,5.747126436781609
25492,T. Monconduit,Amiens SC,midfielder,1,0.06388670987148834,0.08470966349102191,0.0022731856795965813,392.0,463.0,598,11.872909698996656
244357,B. Zungu,Amiens SC,midfielder,1,0.06382215162886552,0.09223285916657216,0.003659423597465333,393.0,434.0,598,6.8561872909699
25798,E. Capoue,Watford,midfielder,1,0.06364490222795806,0.1328511088474655,0.007203519756019184,394.0,268.0,598,-21.070234113712374
361807,R. Bentancur,Juventus,midfielder,0,0.0635667053194372,0.12542324314254572,0.005707883057998939,395.0,292.0,598,-17.224080267558527
15823,D. Williams,Huddersfield Town,midfielder,0,0.06356066084189455,0.1086112216612102,0.013683639987862132,396.0,372.0,598,-4.013377926421405
21315,Jorginho,Napoli,midfielder,2,0.06355496945682143,0.11453292045038174,0.0007509735193133709,397.0,342.0,598,-9.19732441471572
3409,San José,Athletic Club,midfielder,1,0.06351992689521141,0.08890781166865515,0.006898165167018503,398.0,449.0,598,8.528428093645484
14789,A. Schürrle,Borussia Dortmund,forward,1,0.06351213122994531,0.05168210595533784,-0.008206663264570032,207.0,238.0,287,10.801393728222996
86183,F. Roncaglia,Celta de Vigo,defender,0,0.06346243306785641,0.08663840597714727,0.014325201203890628,394.0,435.0,609,6.732348111658457
26138,J. Rivierez,Metz,defender,0,0.06344090432451065,0.09129118195568195,0.006948000521885091,395.0,411.0,609,2.6272577996715927
20465,S. Lichtsteiner,Juventus,defender,0,0.0634202183864,0.10217338912162653,0.005770407021319727,396.0,353.0,609,-7.060755336617405
3827,Hugo Mallo,Celta de Vigo,defender,0,0.06335940354130727,0.10271349079970402,0.010935250759779186,397.0,348.0,609,-8.045977011494253
20459,L. Bonucci,Milan,defender,2,0.06328178890281487,0.08399255066070567,0.006665714216363105,398.0,446.0,609,7.8817733990147785
29748,F. Chafik,Dijon,defender,0,0.06302413940781808,0.10061675831570921,0.002310911863442197,399.0,362.0,609,-6.075533661740558
26945,M. Poundjé,Bordeaux,defender,0,0.06301313281264802,0.09338683372082128,-0.00037935935918765326,400.0,398.0,609,-0.3284072249589491
21234,A. Belotti,Torino,forward,10,0.06298864588215337,0.13381382009460338,-0.02708532909796949,208.0,175.0,287,-11.498257839721255
278867,S. Janko,Saint-Étienne,defender,0,0.0627309218807989,0.07913368256286847,0.0018682021126587036,401.0,472.0,609,11.658456486042693
3797,Víctor Sánchez,Espanyol,midfielder,0,0.06272340011250695,0.09323518065829403,0.010166464531286112,399.0,427.0,598,4.682274247491639
263433,A. Ferrari,Hellas Verona,defender,1,0.06256307844053442,0.12110596252784842,0.015895231919329452,402.0,233.0,609,-27.750410509031198
54380,O. Selnæs,Saint-Étienne,midfielder,0,0.06253572080187683,0.10185050629398053,0.018508395455242386,400.0,403.0,598,0.5016722408026756
69400,M. Badelj,Fiorentina,midfielder,2,0.06242178792264618,0.08916356269538724,-0.003782995197042638,401.0,448.0,598,7.8595317725752505
149101,A. Touré,Monaco,defender,1,0.06239192011492747,0.17624472791242468,0.005043655723187258,403.0,55.0,609,-57.142857142857146
228980,J. Gbamin,Mainz 05,midfielder,1,0.06224467834978882,0.10867013141469256,0.008283419490712086,402.0,370.0,598,-5.351170568561873
28866,K. Azamoum,Troyes,midfielder,1,0.062116639407385495,0.09350157271306052,-0.00213517615815281,403.0,425.0,598,3.678929765886288
3337,Fontàs,Celta de Vigo,defender,0,0.06205461444282292,0.10010756985418126,0.013288940563793119,404.0,364.0,609,-6.568144499178982
15012,H. Nordtveit,Hoffenheim,midfielder,0,0.06204317576357517,0.11010359135678312,0.012383929742589296,404.0,363.0,598,-6.8561872909699
14778,Ö. Toprak,Borussia Dortmund,defender,0,0.06203428362753648,0.094038612382721,0.020857618235097023,405.0,395.0,609,-1.6420361247947455
28335,R. Aguilar,Montpellier,defender,0,0.06201669769492729,0.08245377898117141,0.008600296159804706,406.0,457.0,609,8.374384236453203
5542,Dani García,Eibar,midfielder,0,0.06200747330799224,0.08776769669303473,0.00568649839757385,405.0,451.0,598,7.6923076923076925
173,R. van La Parra,Huddersfield Town,midfielder,3,0.061912068583606414,0.1076128674557973,-0.011834809495890998,406.0,379.0,598,-4.51505016722408
27646,P. Capelle,Angers,midfielder,2,0.061719032605616085,0.11538849279787611,0.00674802720542536,407.0,336.0,598,-11.872909698996656
328488,P. Burner,Nice,defender,0,0.06171836278863764,0.09269853805658444,0.010774480319785408,407.0,402.0,609,-0.8210180623973727
4805,Arbilla,Eibar,defender,2,0.06171452290782423,0.12165684715781315,0.0030638851990572,408.0,228.0,609,-29.55665024630542
30320,O. El Hajjam,Amiens SC,defender,1,0.06149258103327634,0.062420884972285,0.005020135825276846,409.0,539.0,609,21.346469622331693
28528,J. Ikoko,Guingamp,defender,0,0.061471748357577086,0.09705639178962465,0.003961581564446455,410.0,382.0,609,-4.597701149425287
8501,J. Schlupp,Crystal Palace,defender,0,0.06131752502401496,0.07799874465522796,0.008516532171205925,411.0,478.0,609,11.001642036124794
255387,C. Salcedo,Eintracht Frankfurt,defender,0,0.06129742899271162,0.11981193313729248,0.0034217626890120784,412.0,243.0,609,-27.750410509031198
31528,N. Kanté,Chelsea,midfielder,1,0.06128393697231474,0.10966495695212165,0.009461873040215934,408.0,366.0,598,-7.023411371237458
20583,Danilo,Udinese,defender,1,0.061159606238088124,0.08183824490002829,0.009120592360886668,413.0,462.0,609,8.045977011494253
232822,A. Masina,Bologna,defender,0,0.06107157573598454,0.07591267017314397,0.00025206991991768267,414.0,495.0,609,13.300492610837438
15771,S. Langkamp,Hertha BSC,defender,0,0.06106872256324357,0.0853892880995454,0.013593902138839459,415.0,441.0,609,4.269293924466338
286390,O. Dembélé,Barcelona,forward,3,0.061065459718407274,0.1631118677734023,-0.015945011180515493,209.0,150.0,287,-20.557491289198605
20876,A. Ekdal,Hamburger SV,midfielder,0,0.06104086081327908,0.08312830972637145,0.025430981151198233,409.0,470.0,598,10.200668896321071
15051,L. Stindl,Borussia M'gladbach,forward,6,0.06097383652662408,0.08913453437113274,-0.019724916996911337,210.0,211.0,287,0.34843205574912894
8464,F. Delph,Manchester City,midfielder,1,0.060910156445585596,0.1387310402843356,0.007938034688827141,410.0,242.0,598,-28.093645484949832
293687,D. Calvert-Lewin,Everton,forward,4,0.06089473253257327,0.05850088289164157,-0.010479958833225085,211.0,234.0,287,8.013937282229966
5195,Omar Ramos,Leganés,midfielder,0,0.06084851952749283,0.08000293157866888,-0.012349553483589093,411.0,481.0,598,11.705685618729097
262,L. Fer,Swansea City,midfielder,1,0.06081962998186711,0.06053466959407278,0.0011118420127510665,412.0,546.0,598,22.40802675585284
253333,A. Blin,Toulouse,midfielder,1,0.06068627476056477,0.07075775150091237,0.0090260195102583,413.0,513.0,598,16.722408026755854
282550,F. Hadergjonaj,Huddersfield Town,defender,0,0.06062914854178912,0.09388594573459731,-0.00617048443884667,416.0,396.0,609,-3.284072249589491
131959,J. Seri,Nice,midfielder,2,0.06047394419042932,0.11498396589240267,0.010097599668419235,414.0,339.0,598,-12.54180602006689
3278,Bruno Saltor,Brighton & Hove Albion,defender,0,0.060430651224977254,0.08903770648040334,-0.005696649352785482,417.0,425.0,609,1.3136288998357963
135901,Pedro Rebocho,Guingamp,defender,0,0.0604202940631217,0.10636423027586592,0.01742994546861355,418.0,319.0,609,-16.25615763546798
273819,Xeka,Dijon,midfielder,2,0.06037940581564607,0.10457150800352707,-0.010022751960700694,415.0,388.0,598,-4.51505016722408
14903,T. Rincón,Torino,midfielder,1,0.06037303960709307,0.08219474231441261,-0.002610266187634458,416.0,473.0,598,9.531772575250836
7887,G. Cahill,Chelsea,defender,0,0.06032600796953829,0.08411889580777289,0.02653509928575816,419.0,444.0,609,4.105090311986864
25649,Y. M'Vila,Saint-Étienne,midfielder,0,0.06025101290183675,0.09237640215715798,0.018063555440937743,417.0,433.0,598,2.6755852842809364
25470,S. Prcić,Rennes,midfielder,1,0.06024619770767859,0.11938283612923821,0.0029306132873566882,418.0,322.0,598,-16.05351170568562
263803,T. Castagne,Atalanta,defender,0,0.060227155938320925,0.0821093233738522,0.0002143449926439154,420.0,460.0,609,6.568144499178982
83575,V. Chiricheș,Napoli,defender,0,0.06019827890205548,0.07684391725844272,0.01697539309451311,421.0,486.0,609,10.673234811165846
25764,Y. Cahuzac,Toulouse,midfielder,0,0.06017448478271252,0.07016512692997057,0.01747077528962911,419.0,516.0,598,16.220735785953178
8277,K. Walker,Manchester City,defender,0,0.06006116804790939,0.11135961868625036,0.004948374355600716,422.0,296.0,609,-20.689655172413794
41034,Rafael Tolói,Atalanta,defender,1,0.05997655165473216,0.09574297735261768,0.014933348790571543,423.0,387.0,609,-5.911330049261084
4511,Pedro Mosquera,Deportivo La Coruña,midfielder,0,0.05996957064305337,0.10163197810792994,0.002963938330841203,420.0,405.0,598,-2.508361204013378
26508,R. Cohade,Metz,midfielder,1,0.05992945112189599,0.08752468021184262,0.002702736930134389,421.0,454.0,598,5.518394648829432
7855,L. Koscielny,Arsenal,defender,2,0.05984636095040775,0.13221270778471844,0.013060431504245795,424.0,176.0,609,-40.722495894909684
21578,G. Di Chiara,Benevento,defender,0,0.05973242164703099,0.08775174021797773,-0.016876123128629555,425.0,430.0,609,0.8210180623973727
14724,D. Alaba,Bayern München,defender,2,0.05965552927343317,0.16060113787512564,0.0036142972363737034,426.0,86.0,609,-55.82922824302135
21296,R. Palacio,Bologna,forward,4,0.05960236171148806,0.06564019937086266,-0.03459749577161259,212.0,227.0,287,5.2264808362369335
25743,B. Sarr,Olympique Marseille,midfielder,0,0.059558788239453535,0.1119811028203504,0.007073923600443517,422.0,353.0,598,-11.538461538461538
3465,Fernando Navarro,Deportivo La Coruña,defender,0,0.05953437877847484,0.07027793264754467,0.01673612619171417,427.0,516.0,609,14.614121510673234
3503,Raúl García,Athletic Club,midfielder,10,0.05948623908864484,0.16690939311920097,-0.03876207417220241,423.0,158.0,598,-44.31438127090301
372753,Francis Guerrero,Real Betis,forward,1,0.059389967951142236,0.15291884037866155,0.010435999369469456,213.0,163.0,287,-17.421602787456447
3346,Sergio Busquets,Barcelona,midfielder,1,0.059382036907820825,0.09272319340682324,0.007505293338660744,424.0,431.0,598,1.1705685618729098
208652,V. Lazaro,Hertha BSC,midfielder,1,0.05937648293260618,0.08273544068995542,0.00046733090727059845,425.0,471.0,598,7.6923076923076925
4365,Roque Mesa,Swansea City,midfielder,0,0.059349232729780946,0.07400873465499458,0.00625727862683638,426.0,500.0,598,12.37458193979933
37732,L. Biglia,Milan,midfielder,1,0.05928728402050756,0.11035855913208249,0.009785627991050618,427.0,359.0,598,-11.37123745819398
343685,William,Wolfsburg,defender,0,0.05909316109254519,0.05425450931883061,-0.005955357259346405,428.0,554.0,609,20.689655172413794
14988,O. Sorg,Hannover 96,defender,0,0.05900970971072859,0.09419218769631615,0.010315400460838928,429.0,393.0,609,-5.911330049261084
25883,J. Sorbon,Guingamp,defender,0,0.05898289138820616,0.07679189596523409,0.01705777389274392,430.0,488.0,609,9.523809523809524
15054,M. Diouf,Stoke City,forward,6,0.05893727477820521,0.11042016936866232,-0.003550224199821792,214.0,191.0,287,-8.013937282229966
3885,L. Cabrera,Getafe,defender,0,0.05887608411745814,0.1056471584053688,0.03954516659153189,431.0,327.0,609,-17.077175697865353
25557,J. Morel,Olympique Lyonnais,defender,0,0.05885425396402632,0.10296921415267546,0.028046046097839214,432.0,344.0,609,-14.44991789819376
327009,Walace,Hamburger SV,midfielder,1,0.05878749793348109,0.09096565051064107,-0.011553231397910351,428.0,442.0,598,2.3411371237458196
26311,R. Amalfitano,Dijon,midfielder,0,0.05876437607038062,0.08174893063306543,-0.003357481038381598,429.0,475.0,598,7.6923076923076925
7965,Lucas Leiva,Lazio,midfielder,2,0.05875573377480596,0.12610953650611467,0.01179285579199731,430.0,289.0,598,-23.578595317725753
15487,J. Haberer,Freiburg,midfielder,3,0.058745526946468715,0.05577412666114586,-0.008951611146546863,431.0,561.0,598,21.73913043478261
275384,Jorge Meré,Köln,defender,1,0.058695262228690766,0.09045641282614442,-0.007021836498781304,433.0,414.0,609,-3.1198686371100166
14870,J. Matip,Liverpool,defender,1,0.05862264734829316,0.12134905207221368,0.02418903206529644,434.0,231.0,609,-33.333333333333336
9433,J. Tarkowski,Burnley,defender,0,0.058595476983014545,0.06868744749210291,0.005645381462732092,435.0,521.0,609,14.12151067323481
3325,Juanfran,Deportivo La Coruña,defender,0,0.05846453015900212,0.07560233621569602,-0.006804612257885415,436.0,500.0,609,10.50903119868637
20776,L. Rossettini,Genoa,defender,0,0.05832244711344412,0.08721360501118686,0.005892074955597855,437.0,434.0,609,-0.49261083743842365
7899,Oriol Romeu,Southampton,midfielder,1,0.05826390956963182,0.0819545521077144,0.011633896950260954,432.0,474.0,598,7.023411371237458
7920,Rafael,Olympique Lyonnais,defender,1,0.05822445971265655,0.12732650306529106,0.004593662738105025,438.0,195.0,609,-39.90147783251231
105339,Fernandinho,Manchester City,midfielder,5,0.058202972457795224,0.14358727271407137,0.0032076718640561604,433.0,226.0,598,-34.61538461538461
69404,M. Kovačić,Real Madrid,midfielder,0,0.058041713735594254,0.10334883334286432,0.014903453352992757,434.0,393.0,598,-6.8561872909699
4908,Alberto Moreno,Liverpool,defender,0,0.058004271276086254,0.08751206966760951,0.005811432212309039,439.0,432.0,609,-1.1494252873563218
26086,I. Traoré,Angers,defender,3,0.05792731862419034,0.12978254975384293,0.0010833154925534109,440.0,186.0,609,-41.70771756978654
15777,D. Baier,Augsburg,midfielder,0,0.057903745493997634,0.08350245942683333,0.00664485802744647,435.0,468.0,598,5.518394648829432
14812,I. Perišić,Internazionale,midfielder,11,0.05783682434530293,0.18589707811791192,-0.011830400984102544,436.0,115.0,598,-53.67892976588629
3828,Raúl Navas,Real Sociedad,defender,0,0.05782136653280462,0.09346111699927802,0.015264230143770575,441.0,397.0,609,-7.22495894909688
146569,M. Kempf,Freiburg,defender,0,0.057798614999406465,0.07384596562921951,-0.0013461978919259694,442.0,504.0,609,10.180623973727421
3650,Tomás Pina,Deportivo Alavés,midfielder,1,0.05775015139180418,0.10064340768474785,0.011975926488370998,437.0,409.0,598,-4.682274247491639
25745,A. Delort,Toulouse,forward,5,0.05769132508984708,0.10284162315008274,-0.03927482028274016,215.0,197.0,287,-6.2717770034843205
279717,A. Maitland-Niles,Arsenal,midfielder,0,0.05754917860340208,0.0814258597524508,-0.0009333705987971633,438.0,477.0,598,6.521739130434782
25397,S. Umtiti,Barcelona,defender,1,0.05753027237130462,0.10818311699493995,-0.0007856844647529379,443.0,313.0,609,-21.346469622331693
26499,A. Masuaku,West Ham United,defender,0,0.05743693632409967,0.07626443267022834,0.011608985233476319,444.0,494.0,609,8.210180623973727
22889,D. Zappacosta,Chelsea,defender,1,0.05737405157607117,0.11359752160735893,0.012424534960983271,445.0,281.0,609,-26.929392446633827
360992,D. Zakaria,Borussia M'gladbach,midfielder,2,0.057276053899628164,0.07975759080316035,-0.02126033551766014,439.0,484.0,598,7.525083612040134
20749,A. Bertolacci,Genoa,midfielder,1,0.057187807932694124,0.07517453748732209,-0.013263361502928084,440.0,497.0,598,9.531772575250836
22107,Mário Rui,Napoli,defender,2,0.057171026153938015,0.0892924342898388,0.001264766452563616,446.0,421.0,609,-4.105090311986864
3308,Pedro Mendes,Montpellier,defender,1,0.05714654680238371,0.051732116080123375,0.003931809277077866,447.0,557.0,609,18.0623973727422
3566,Camacho,Wolfsburg,midfielder,0,0.057067934316900285,0.07680020710993446,0.013402443990079936,441.0,491.0,598,8.361204013377927
263105,Pablo Maffeo,Girona,defender,0,0.05688915177967237,0.08921249729258514,-0.004087529339068983,448.0,422.0,609,-4.269293924466338
3345,Thiago Alcântara,Bayern München,midfielder,2,0.05688047937744609,0.12042332332612486,0.00329373748614423,442.0,319.0,598,-20.568561872909697
26543,J. Blayac,Strasbourg,forward,3,0.05683985889235753,0.13405484427523245,-0.011333156681501358,216.0,174.0,287,-14.634146341463415
89559,C. Aránguiz,Bayer Leverkusen,midfielder,1,0.056808406951695485,0.08062515923809215,0.0038362068052951942,443.0,479.0,598,6.0200668896321075
132,T. Kongolo,Huddersfield Town,defender,0,0.05680562838337209,0.11108352068577604,0.023524448117015706,449.0,300.0,609,-24.46633825944171
26368,A. Bamba,Angers,defender,0,0.05673404421173466,0.07331370324212519,0.01020003910266015,450.0,507.0,609,9.35960591133005
235555,R. Loftus-Cheek,Crystal Palace,midfielder,2,0.056729204770693195,0.10253910304684542,-0.002900475843613693,444.0,397.0,598,-7.8595317725752505
21314,E. Hallfreðsson,Udinese,midfielder,0,0.05666141726901165,0.10183884267006034,0.004065356004010386,445.0,404.0,598,-6.8561872909699
86366,J. Palomino,Atalanta,defender,1,0.05661341910201295,0.04166796006708903,0.006876137624135125,451.0,580.0,609,21.182266009852217
20609,A. Costa,Benevento,defender,0,0.05649706700173203,0.08071102943078336,0.016126857390654833,452.0,467.0,609,2.4630541871921183
377071,Richarlison,Watford,forward,5,0.056357859001331265,0.01435019039908828,-0.005444832636631261,217.0,256.0,287,13.588850174216027
8897,J. Hogg,Huddersfield Town,midfielder,0,0.056357762813124476,0.08986299263664327,0.012692952837345254,446.0,445.0,598,-0.16722408026755853
56026,J. Stryger Larsen,Udinese,defender,1,0.056336960704551776,0.0981660237351798,0.011290990474816728,453.0,377.0,609,-12.479474548440066
26495,G. Bong,Brighton & Hove Albion,defender,0,0.05614169822515163,0.07995723357087912,0.013109684596948223,454.0,470.0,609,2.6272577996715927
114,K. Strootman,Roma,midfielder,1,0.05612921088318631,0.08482067490671695,0.00883869562654844,447.0,461.0,598,2.3411371237458196
15937,D. Demme,RB Leipzig,midfielder,0,0.05555302357759688,0.09291697832142691,0.006269827750413104,448.0,429.0,598,-3.177257525083612
21001,E. Hysaj,Napoli,defender,0,0.05553868004661437,0.08980096643289566,0.006706914885523775,455.0,419.0,609,-5.911330049261084
274435,E. Ünal,Villarreal,forward,6,0.055493070614501816,0.0725635157616486,-0.04829217542970437,218.0,222.0,287,1.3937282229965158
229427,A. Djiku,Caen,defender,0,0.05546323804123807,0.06803119247393888,0.015246486500432931,456.0,522.0,609,10.83743842364532
70086,N. Otamendi,Manchester City,defender,4,0.05544623446663361,0.10245882820093904,0.008517307594182753,457.0,350.0,609,-17.569786535303777
8240,S. Coleman,Everton,defender,0,0.055443265300403805,0.07732863172494941,0.01697512110619867,458.0,482.0,609,3.9408866995073892
20401,A. Aquilani,Las Palmas,midfielder,0,0.0553185485887197,0.08147019893167777,0.01486791657360355,449.0,476.0,598,4.51505016722408
116349,M. Vecino,Internazionale,midfielder,3,0.055237269768166015,0.10991566503718024,-0.002075372044478252,450.0,364.0,598,-14.381270903010034
49997,S. Zuber,Hoffenheim,midfielder,1,0.05518469734988394,0.10971919161235032,0.006512856450623536,451.0,365.0,598,-14.381270903010034
14688,S. Prödl,Watford,defender,0,0.05517694721985617,0.07269671794444872,0.027175107162845137,459.0,508.0,609,8.045977011494253
8677,M. Antonio,West Ham United,forward,3,0.05516952495292791,0.15361740099012017,-0.0031248889049948826,219.0,162.0,287,-19.860627177700348
14943,M. Mandžukić,Juventus,forward,5,0.05509146500205536,0.052808569375010266,-0.01621346169146674,220.0,236.0,287,5.574912891986063
292991,M. Lemos,Las Palmas,defender,1,0.05489906001099444,0.06442512455571284,0.018993633231349328,460.0,535.0,609,12.31527093596059
211853,Rúben Vezo,Valencia,defender,0,0.05488687595802111,0.07264540368350361,0.018299100283912767,461.0,509.0,609,7.8817733990147785
372752,Carlos Soler,Valencia,midfielder,1,0.054835410905450334,0.0917263427835319,-0.006955202890916758,452.0,439.0,598,-2.1739130434782608
3866,M. Iturra,Málaga,midfielder,0,0.05476871751543115,0.0870446879657161,0.008550925691077804,453.0,455.0,598,0.33444816053511706
30427,J. Marié,Dijon,midfielder,1,0.054710943569119354,0.07633352657190158,-0.008312631288973943,454.0,492.0,598,6.354515050167224
8336,K. Naughton,Swansea City,defender,0,0.05448084338074521,0.07756141983859276,0.005990587224405538,462.0,481.0,609,3.1198686371100166
356903,S. Özcan,Köln,midfielder,0,0.05441446298374175,0.06297408606539283,0.0036674544264024373,455.0,541.0,598,14.381270903010034
22163,S. Missiroli,Sassuolo,midfielder,1,0.054410984352866155,0.06991381223982257,0.004121231256894184,456.0,517.0,598,10.200668896321071
280115,M. Lopez,Olympique Marseille,midfielder,0,0.05429380375978882,0.10755106023617719,0.0009733325943360646,457.0,380.0,598,-12.876254180602007
41127,Pablo,Bordeaux,defender,0,0.0542225031808324,0.04113132633713831,0.030421366164621225,463.0,582.0,609,19.54022988505747
14852,Sergio Escudero,Sevilla,defender,0,0.054202562763817894,0.09113714492506594,0.0049627868088165435,464.0,412.0,609,-8.538587848932677
293862,Nacho Gil,Las Palmas,forward,0,0.054159208834676745,0.06052677133370721,-0.002722149182177832,221.0,232.0,287,3.832752613240418
55979,M. Jørgensen,Huddersfield Town,defender,0,0.05402942337705015,0.09284364899851787,0.01435798307507932,465.0,400.0,609,-10.673234811165846
328333,L. Pellegrini,Roma,midfielder,3,0.0539275366647261,0.16073095238201693,-0.005002103289855685,458.0,174.0,598,-47.491638795986624
167641,S. Lobotka,Celta de Vigo,midfielder,0,0.05392504310892328,0.0798964889432846,0.005259640324310313,459.0,483.0,598,4.013377926421405
20723,B. Salamon,SPAL,defender,0,0.05391561966273294,0.0802946315850682,0.017736246793235436,466.0,469.0,609,0.49261083743842365
8460,A. Smith,AFC Bournemouth,defender,1,0.053866355877174005,0.09588677487937022,0.007659440574303706,467.0,385.0,609,-13.464696223316913
3704,P. Diop,Eibar,midfielder,0,0.053806204662834894,0.05616129471043962,0.003684990519683151,460.0,560.0,598,16.722408026755854
8307,V. Kompany,Manchester City,defender,1,0.05380326339743251,0.08128556885250753,0.008742421231210678,468.0,464.0,609,-0.6568144499178982
8086,D. Stephens,Brighton & Hove Albion,midfielder,0,0.0537877157553091,0.08687382534686551,0.002316241864864564,461.0,456.0,598,-0.8361204013377926
134540,L. Kurzawa,PSG,defender,2,0.05375253920536215,0.12168097071706421,0.007037444445091246,469.0,227.0,609,-39.73727422003284
15215,C. Schindler,Huddersfield Town,defender,0,0.05358398039197264,0.09419347304614686,0.00895486794994436,470.0,392.0,609,-12.807881773399014
149053,R. Walter,Troyes,midfielder,1,0.05333972332434835,0.11141863300709991,0.013603093209166132,462.0,355.0,598,-17.892976588628763
3803,Sergi Darder,Espanyol,midfielder,1,0.053309871283630045,0.07995261694020589,-0.004155095170640751,463.0,482.0,598,3.177257525083612
4371,Dani Castellano,Las Palmas,defender,0,0.053187990330231756,0.07756722539702947,-0.0015822236396198415,471.0,480.0,609,1.477832512315271
20928,Felipe,SPAL,defender,1,0.0530331556136773,0.07950529144949091,0.012719912924747483,472.0,471.0,609,-0.16420361247947454
260002,V. Rongier,Nantes,midfielder,1,0.052927391862018704,0.06590630021897734,0.00385426213441513,464.0,533.0,598,11.538461538461538
25427,C. Jallet,Nice,defender,0,0.05285960968522101,0.08905725185543183,0.008184175247535848,473.0,424.0,609,-8.045977011494253
165425,D. Kohr,Bayer Leverkusen,midfielder,1,0.05281627552891797,0.06908230967097378,-0.009537374746594822,465.0,522.0,598,9.531772575250836
36,T. Alderweireld,Tottenham Hotspur,defender,0,0.05271375804635284,0.06549877777262973,0.003889477207521633,474.0,530.0,609,9.195402298850574
286226,M. Locatelli,Milan,midfielder,0,0.05268777063319847,0.12876056252605067,0.016121146268859576,466.0,284.0,598,-30.434782608695652
86828,G. Pizarro,Sevilla,midfielder,1,0.052630972090082946,0.06969359541428741,0.008255317524178508,467.0,519.0,598,8.695652173913043
15781,Ja-Cheol Koo,Augsburg,midfielder,2,0.05255147655967135,0.06930238759838374,-0.010511675281818946,468.0,521.0,598,8.862876254180602
25405,M. Gonalons,Roma,midfielder,0,0.05253390555331591,0.09180290900595897,0.011161467142002744,469.0,437.0,598,-5.351170568561873
26332,P. Baysse,Málaga,defender,1,0.05252623489373274,0.1202802175705114,-0.0033249535149585947,475.0,241.0,609,-38.423645320197046
339791,Álex Berenguer,Torino,forward,1,0.05248077476960969,0.046538676517509966,-0.011135098210856969,222.0,243.0,287,7.317073170731708
15214,A. Rukavina,Villarreal,defender,0,0.05243677465947243,0.08084707106811788,-0.00987532952276269,476.0,466.0,609,-1.6420361247947455
285109,F. Kessié,Milan,midfielder,5,0.052219294173326665,0.07249152809914602,-0.025563241740889756,470.0,505.0,598,5.852842809364549
3407,Ramalho,Girona,defender,0,0.05197286422090504,0.07655966206906362,0.006403065067008039,477.0,492.0,609,2.4630541871921183
8311,S. Savić,Atlético Madrid,defender,0,0.05177467185808973,0.05041275961163292,0.01745829374180755,478.0,564.0,609,14.12151067323481
379209,D. Rice,West Ham United,defender,0,0.051759163776273036,0.08245748443357351,0.0012573978937468657,479.0,456.0,609,-3.7766830870279144
25947,B. Sankoh,Caen,defender,0,0.051641482373715034,0.08393680610847866,0.010556134170326354,480.0,447.0,609,-5.41871921182266
86486,G. Poblete,Metz,midfielder,0,0.05163269581755045,0.08498714898918094,0.004517272499529658,471.0,459.0,598,-2.0066889632107023
208716,A. Schöpf,Schalke 04,midfielder,0,0.05163248935833523,0.06505695137211615,0.0224943598789307,472.0,536.0,598,10.702341137123746
149091,M. Tisserand,Wolfsburg,defender,0,0.05162527965803641,0.0756509983009512,-0.00737544245162184,481.0,499.0,609,2.955665024630542
7936,P. Pogba,Manchester United,midfielder,6,0.051442795403365514,0.14546466456715113,-0.015637020134377597,473.0,224.0,598,-41.63879598662207
14997,J. Schmid,Augsburg,midfielder,0,0.051376502225662354,0.07578647831638564,0.008899380152220531,474.0,493.0,598,3.177257525083612
14770,G. Castro,Borussia Dortmund,midfielder,0,0.05117572399098014,0.059600088055657065,-0.003003518157265533,475.0,549.0,598,12.37458193979933
209400,D. Berardi,Sassuolo,forward,4,0.05113393198349198,0.08422105395362194,-0.027417431857586546,223.0,212.0,287,-3.832752613240418
301013,J. Gelin,Rennes,defender,0,0.05110869595772795,0.0653361985389927,0.006000029250521833,482.0,532.0,609,8.210180623973727
3413,Ander Herrera,Manchester United,midfielder,0,0.050953179993152894,0.08226068697459005,0.01722245794667502,476.0,472.0,598,-0.6688963210702341
290119,M. Niakhaté,Metz,defender,0,0.050928553942504624,0.08792049198116236,0.01445686863060441,483.0,429.0,609,-8.866995073891626
4361,Javi Castellano,Las Palmas,midfielder,0,0.05085031616632932,0.059380848011723365,0.003148694917074401,477.0,550.0,598,12.207357859531772
71703,V. Lindelöf,Manchester United,defender,0,0.0507509660286518,0.11235441435131567,0.011411100163618543,484.0,289.0,609,-32.01970443349754
40614,Guilherme,Deportivo La Coruña,midfielder,0,0.05070719124683662,0.06965391532159027,0.017970176286662684,478.0,520.0,598,7.023411371237458
212644,G. Escalante,Eibar,midfielder,1,0.05067998573858315,0.06511886741188813,0.006194475362843413,479.0,535.0,598,9.364548494983278
8242,S. Duffy,Brighton & Hove Albion,defender,0,0.05066731586437078,0.06802997060203783,0.007407195175556649,485.0,523.0,609,6.239737274220033
5677,Bruno,Getafe,defender,0,0.050623765276354614,0.08192302916483438,-0.0019963448017982794,486.0,461.0,609,-4.105090311986864
20393,D. Bonera,Villarreal,defender,0,0.05041673949065411,0.05080556979304648,0.03166296368350211,487.0,563.0,609,12.479474548440066
14745,C. Molinaro,Torino,defender,0,0.050395368920400065,0.08386051628215185,-0.010822236349294852,488.0,448.0,609,-6.568144499178982
21280,M. Sampirisi,Crotone,defender,0,0.05036446152913649,0.08620790101188056,-0.008112568474083362,489.0,438.0,609,-8.374384236453203
28291,T. Bakayoko,Chelsea,midfielder,2,0.05028186465322796,0.05567861247649819,-0.009864161140156499,480.0,562.0,598,13.7123745819398
339964,Y. Salmier,Strasbourg,defender,0,0.0500810802445571,0.0666971292964815,0.0025665228149530065,490.0,528.0,609,6.239737274220033
8291,Sandro,Benevento,midfielder,1,0.05000841384629278,0.07709833169092721,-0.009614848631436792,481.0,488.0,598,1.1705685618729098
8889,A. Mariappa,Watford,defender,0,0.049968017014357484,0.08405022212999082,0.01977940722640326,491.0,445.0,609,-7.553366174055829
15276,M. Weiser,Hertha BSC,midfielder,1,0.04982832493989053,0.08924587976089574,-0.0030332582811229626,482.0,447.0,598,-5.852842809364549
276979,F. Mendy,Olympique Lyonnais,defender,0,0.0497346083324394,0.085772483545101,-0.0064135357746304454,492.0,439.0,609,-8.70279146141215
344140,A. Ndiaye,Getafe,forward,3,0.049604993335171196,0.07332119466738041,-0.014598833742369621,224.0,221.0,287,-1.0452961672473868
86220,G. Mercado,Sevilla,defender,0,0.049552086605989726,0.07233171266069824,0.010022699409470615,493.0,511.0,609,2.955665024630542
134102,N. Aké,AFC Bournemouth,defender,2,0.049547423899445636,0.07717347242420115,0.013717850975712681,494.0,483.0,609,-1.80623973727422
20748,N. Tomović,Chievo,defender,0,0.0495299662388997,0.06226909660242115,0.010316572537799943,495.0,540.0,609,7.389162561576355
344132,T. Hernández,Real Madrid,defender,0,0.04942933653484098,0.09445437777212262,0.008892481447041144,496.0,390.0,609,-17.4055829228243
13484,D. Alli,Tottenham Hotspur,midfielder,9,0.04940330896354972,0.09105067745391424,-0.031131376546033335,483.0,441.0,598,-7.023411371237458
246175,A. Petagna,Atalanta,forward,4,0.04938020922133749,-0.02528238006133152,-0.04935737371607083,225.0,270.0,287,15.679442508710801
134503,C. Lenglet,Sevilla,defender,3,0.049205956722485907,0.08219607315890534,0.016915678364228477,497.0,459.0,609,-6.239737274220033
20579,M. Benatia,Juventus,defender,2,0.04911110072811666,0.06536211861273353,0.015714651166303748,498.0,531.0,609,5.41871921182266
140125,N. Radoja,Celta de Vigo,midfielder,0,0.04900580011146383,0.07821627723693537,0.009962921361471856,484.0,487.0,598,0.5016722408026756
247220,Jason,Levante,midfielder,1,0.0489973556598361,0.07683521018690682,-0.012127462200198174,485.0,490.0,598,0.8361204013377926
21072,N. Spolli,Genoa,defender,0,0.04890844829531149,0.06475392598901929,0.025126290717515223,499.0,533.0,609,5.582922824302135
20434,A. Rosi,Genoa,defender,0,0.048865022643887,0.052500995489749146,0.0029438589729703438,500.0,556.0,609,9.195402298850574
25957,K. Adénon,Amiens SC,defender,0,0.048811693534255164,0.07873785075713245,0.013678728275852224,501.0,476.0,609,-4.105090311986864
247222,Medrán,Deportivo Alavés,midfielder,2,0.0487965775739684,0.17194012037026846,-0.000623654197064568,486.0,144.0,598,-57.19063545150502
410055,Rober,Levante,defender,0,0.04875392494067825,0.08554058256003534,0.01714722596286254,502.0,440.0,609,-10.180623973727421
37739,D. Praet,Sampdoria,midfielder,1,0.048708515186683544,0.0746223080310748,-0.0004647201515724748,487.0,499.0,598,2.0066889632107023
136011,M. Gaćinović,Eintracht Frankfurt,midfielder,1,0.04866475522130283,0.05177626550385749,-0.00509680031330044,488.0,564.0,598,12.709030100334449
247219,Víctor Camarasa,Real Betis,midfielder,1,0.048651896723265316,0.07520602052126527,-0.001480655948736401,489.0,496.0,598,1.1705685618729098
272363,M. Dahoud,Borussia Dortmund,midfielder,0,0.04862087239401146,0.07561873203590254,-0.0016638534286941469,490.0,495.0,598,0.8361204013377926
20823,F. Vázquez,Sevilla,midfielder,4,0.04854558905015491,0.0737356462981183,-0.01715035670265479,491.0,502.0,598,1.839464882943144
289359,Y. Aït Bennasser,Caen,midfielder,0,0.048527176483447704,0.05706897669923714,0.0035278496815225216,492.0,556.0,598,10.702341137123746
22093,A. Caracciolo,Hellas Verona,defender,2,0.0483825480675482,0.057261548698327815,-0.01589012540089787,503.0,547.0,609,7.22495894909688
149062,T. Dingomé,Troyes,midfielder,0,0.04832807341822202,0.07192015192187037,0.013075898508558888,493.0,509.0,598,2.6755852842809364
14842,K. Vogt,Hoffenheim,defender,0,0.048244296295566466,0.06897179688598107,0.005108735584678723,504.0,518.0,609,2.2988505747126435
20816,É. Barreto,Sampdoria,midfielder,1,0.04796017531010029,0.0647449261763554,-0.01143865964346949,494.0,537.0,598,7.190635451505017
29616,P. Martinez,Strasbourg,defender,0,0.047779671382809044,0.09007502622928976,-0.004016070484533768,505.0,417.0,609,-14.44991789819376
210044,E. Dier,Tottenham Hotspur,midfielder,0,0.047739386174347954,0.08381744495113581,0.023116564084439302,495.0,465.0,598,-5.016722408026756
25919,J. Palmieri,Metz,defender,0,0.047557476082988916,0.09648240921324923,-0.00414811628276725,506.0,384.0,609,-20.032840722495894
274344,B. Santamaria,Angers,midfielder,0,0.04742890904776666,0.06351393170356215,0.005420438267833016,496.0,539.0,598,7.190635451505017
77546,A. Williams,Everton,defender,1,0.047311834395855096,0.09561889364938575,0.018417872137815178,507.0,388.0,609,-19.54022988505747
32577,Sidnei,Deportivo La Coruña,defender,1,0.047306201246645786,0.10747342456621356,0.012095831322913857,508.0,316.0,609,-31.527093596059114
3315,L. Diarra,PSG,midfielder,0,0.047259559702277014,0.08367732461956251,0.011492601578968914,497.0,467.0,598,-5.016722408026756
138174,K. Linetty,Sampdoria,midfielder,3,0.04696823945196882,0.1192774384618029,-0.005317703567196809,498.0,324.0,598,-29.096989966555185
25439,T. Motta,PSG,midfielder,1,0.04685218824047123,0.08484722072002293,0.01003300600906888,499.0,460.0,598,-6.521739130434782
70389,Cédric Soares,Southampton,defender,0,0.04655069225997585,0.07654600446203032,-0.006214234467792866,509.0,493.0,609,-2.6272577996715927
134420,F. Costa,SPAL,defender,0,0.046527356547807965,0.07258710889998345,-0.019593246047204863,510.0,510.0,609,0.0
345707,B. Özcan,Stuttgart,midfielder,1,0.046526973667956675,0.0952655982841596,0.005237894318113415,500.0,422.0,598,-13.043478260869565
241564,O. Zinchenko,Manchester City,midfielder,0,0.04645495360054949,0.11033867721174097,0.007814597100737591,501.0,360.0,598,-23.578595317725753
413737,S. Ascacíbar,Stuttgart,midfielder,0,0.04628955369035035,0.0746820217978921,-0.0016436085936826013,502.0,498.0,598,-0.6688963210702341
8313,P. Zabaleta,West Ham United,defender,0,0.046239086844312674,0.07360252394509958,-0.0019100437583098513,511.0,506.0,609,-0.8210180623973727
263766,Jemerson,Monaco,defender,2,0.04614468112131459,0.07875462291114389,-0.0001842346206063355,512.0,475.0,609,-6.075533661740558
94831,Y. Ōsako,Köln,forward,4,0.04613786070483032,0.08270616850075412,-0.030462054381242762,226.0,214.0,287,-4.181184668989547
70120,Javi García,Real Betis,midfielder,1,0.04577975186534902,0.08110171233526342,0.002963269581789748,503.0,478.0,598,-4.1806020066889635
20438,D. De Rossi,Roma,midfielder,1,0.04565111647027289,0.11257219229194143,-0.009449276549075543,504.0,350.0,598,-25.752508361204015
26307,A. Mandi,Real Betis,defender,1,0.0456265581937015,0.05160814639263299,0.008170830911651975,513.0,559.0,609,7.553366174055829
14866,Jurado,Espanyol,midfielder,0,0.04557737085017134,0.03962966770039866,0.00018584673872337477,505.0,576.0,598,11.872909698996656
3538,M. Wakaso,Deportivo Alavés,midfielder,0,0.04557465531854814,0.095055620455998,-0.017390857579130812,506.0,423.0,598,-13.879598662207357
14990,F. Diagne,Metz,defender,1,0.04542580506102197,0.07831064624603234,0.0013205751233212094,514.0,477.0,609,-6.075533661740558
8488,W. Morgan,Leicester City,defender,0,0.04533248179787304,0.06721289839386507,0.014172634270720727,515.0,526.0,609,1.80623973727422
20932,M. Nastasić,Schalke 04,defender,0,0.04505884029713791,0.07887052625169322,0.012645230928405403,516.0,474.0,609,-6.896551724137931
7860,T. Vermaelen,Barcelona,defender,0,0.04502114588305403,0.12050412709081382,0.005622097200333574,517.0,238.0,609,-45.8128078817734
77548,J. Allen,Stoke City,midfielder,2,0.044831166641957326,0.05644567192160577,-0.008299616930419921,507.0,558.0,598,8.528428093645484
70981,Marçal,Olympique Lyonnais,defender,0,0.04471170376075223,0.08452918790902854,0.007617386894656245,518.0,442.0,609,-12.479474548440066
3572,Portillo,Getafe,midfielder,2,0.04462365865704534,0.09812768607491579,-0.005547549158163603,508.0,416.0,598,-15.384615384615385
370,V. van Dijk,Liverpool,defender,0,0.04454200813846795,0.07230641677380872,0.012943123416083339,519.0,512.0,609,-1.1494252873563218
282772,B. Embolo,Schalke 04,forward,3,0.04438915812365605,0.15763507685077371,-0.05707998229164325,227.0,156.0,287,-24.738675958188153
25943,C. Kerbrat,Guingamp,defender,1,0.04438568337156985,0.07771533883126909,0.009076791751184681,520.0,479.0,609,-6.732348111658457
38377,L. Depoitre,Huddersfield Town,forward,6,0.044352633129184416,0.09000343214398984,-0.029756687487200322,228.0,210.0,287,-6.2717770034843205
25403,J. Ferri,Olympique Lyonnais,midfielder,0,0.044332173838655606,0.15488609760962424,0.015126781816689453,509.0,190.0,598,-53.34448160535117
21370,M. Capuano,Crotone,defender,0,0.04422082057811449,0.042435414860774665,0.007425414865082967,521.0,578.0,609,9.35960591133005
20677,A. Raggi,Monaco,defender,1,0.04405800466305241,0.11055593074837022,0.001464286166408585,522.0,303.0,609,-35.960591133004925
69409,Š. Vrsaljko,Atlético Madrid,defender,0,0.04405565923118894,0.0738438226413774,-0.02236147682197767,523.0,505.0,609,-2.955665024630542
209117,A. Rabiot,PSG,midfielder,1,0.04389887412120054,0.080106171044035,0.0012040962985548004,510.0,480.0,598,-5.016722408026756
14863,M. Höger,Köln,midfielder,0,0.043860460634802756,0.0787768742955025,0.006132454339370427,511.0,486.0,598,-4.1806020066889635
22933,L. Pavoletti,Cagliari,forward,11,0.04342687988943636,0.06904491356331434,-0.041003376063862104,229.0,226.0,287,-1.0452961672473868
257750,Thiago Maia,Lille,midfielder,0,0.04323724400358863,0.06633061135509867,0.008693382312323777,512.0,530.0,598,3.0100334448160537
292310,L. Mazzitelli,Sassuolo,midfielder,0,0.04316967629315921,0.05919224816455766,0.021212506469811414,513.0,551.0,598,6.354515050167224
396475,A. Hakimi,Real Madrid,defender,2,0.04312256025593527,0.2236143427762168,0.011182196529317423,524.0,15.0,609,-83.57963875205255
21097,K. Glik,Monaco,defender,3,0.04292977424394539,0.07669272502280378,0.009025469987490762,525.0,490.0,609,-5.747126436781609
466,D. Pröpper,Brighton & Hove Albion,midfielder,0,0.042602461490794774,0.05616372517352305,0.0029795142538378947,514.0,559.0,598,7.525083612040134
222220,A. Robertson,Liverpool,defender,1,0.04256218940810438,0.09580884097955399,0.0018690070581867306,526.0,386.0,609,-22.988505747126435
105338,H. Mkhitaryan,Manchester United,midfielder,3,0.042527490628985726,0.11015750922890817,-0.010103910122803752,515.0,362.0,598,-25.585284280936456
127928,D. Brašanac,Leganés,midfielder,2,0.042508103065987124,0.17017534276334315,-0.0002783554482810528,516.0,146.0,598,-61.87290969899666
15018,P. Herrmann,Borussia M'gladbach,midfielder,0,0.04248389347379376,0.04550177847977756,0.006204936210960197,517.0,570.0,598,8.862876254180602
364644,A. Dioussé,Saint-Étienne,midfielder,1,0.04214057645348265,0.09180641239967614,0.014789753594931546,518.0,436.0,598,-13.7123745819398
230020,A. Iwobi,Arsenal,midfielder,3,0.04199196539377556,0.12278054701671196,-0.009750271480763198,519.0,303.0,598,-36.12040133779264
257762,D. Sánchez,Tottenham Hotspur,defender,0,0.041898831904723995,0.07141303224421622,0.007206300181645106,527.0,514.0,609,-2.134646962233169
297957,M. Akanji,Borussia Dortmund,defender,0,0.041813770770871325,0.04470827775438951,0.008578523156360613,528.0,571.0,609,7.060755336617405
38015,S. Peeters,Caen,midfielder,0,0.041778272342015726,0.07564199998244647,0.005428325229714582,520.0,494.0,598,-4.3478260869565215
279545,L. Hernández,Atlético Madrid,defender,0,0.04155561168788622,0.0690083554478858,0.015753649202458586,529.0,517.0,609,-1.9704433497536946
28232,I. Amadou,Lille,midfielder,0,0.04148346468852186,0.06181538509306402,0.01173446059996838,521.0,543.0,598,3.678929765886288
25641,K. Mangane,Strasbourg,defender,1,0.04145673313289443,0.025419706207374528,-0.006180060927685721,530.0,598.0,609,11.16584564860427
295569,Otávio,Bordeaux,midfielder,0,0.0414291316448965,0.06857350908780178,0.015403925048689558,522.0,525.0,598,0.5016722408026756
16826,R. Khedira,Augsburg,midfielder,1,0.04128503777801615,0.06545718272185476,0.0033583301450371686,523.0,534.0,598,1.839464882943144
146590,F. Mattiello,SPAL,defender,0,0.04080667827126921,0.08279058713513718,0.0008767317548997801,531.0,454.0,609,-12.64367816091954
366401,A. Zambo Anguissa,Olympique Marseille,midfielder,0,0.04070601970838555,0.0847428163019872,0.011238549561276906,524.0,462.0,598,-10.367892976588628
7986,M. Abeid,Dijon,midfielder,0,0.04056816992366805,0.04714860423517906,0.007498144876934716,525.0,569.0,598,7.357859531772576
70125,Nolito,Sevilla,forward,4,0.040563137651982044,0.12800046126756165,-0.01746799164673953,230.0,183.0,287,-16.37630662020906
11152,M. Dembélé,Tottenham Hotspur,midfielder,0,0.04055684722651264,0.0614718874127025,0.0044216680305032615,526.0,544.0,598,3.0100334448160537
4488,Saúl,Atlético Madrid,midfielder,2,0.04043763554457124,0.07036803368056962,-0.003954191315707172,527.0,515.0,598,-2.0066889632107023
394,B. Nuytinck,Udinese,defender,1,0.040341166515573235,0.09012410966072573,-0.0021517655754725532,532.0,416.0,609,-19.047619047619047
364005,F. Valverde,Deportivo La Coruña,midfielder,0,0.04027549992490085,0.07956455958193635,0.00951454890479104,528.0,485.0,598,-7.190635451505017
28314,C. Hérelle,Troyes,defender,0,0.04015942015832726,0.03120432005782426,0.024074623895844287,533.0,594.0,609,10.016420361247947
3341,Piqué,Barcelona,defender,2,0.040064773092698895,0.09241839432100044,-0.0029654438328313537,534.0,406.0,609,-21.01806239737274
70088,Rolando,Olympique Marseille,defender,1,0.04002918452124223,0.075702888551811,0.015329200139274112,535.0,498.0,609,-6.075533661740558
29291,J. Giraudon,Troyes,defender,0,0.03989707809365417,0.06747060174659693,0.01079253365706899,536.0,524.0,609,-1.9704433497536946
26135,M. Le Marchand,Nice,defender,0,0.039896325677156896,0.06694079445301133,0.00882502624414661,537.0,527.0,609,-1.6420361247947455
330387,M. Coco,Guingamp,midfielder,2,0.03964298056513263,0.0733195577102614,-0.009859550206528291,529.0,503.0,598,-4.3478260869565215
224677,J. Weigl,Borussia Dortmund,midfielder,1,0.03944689855301938,0.10560743071402649,0.0022649311422259888,530.0,386.0,598,-24.08026755852843
3281,Juan Bernat,Bayern München,defender,0,0.0394274682148279,0.03391548962647107,0.01047869782567157,538.0,589.0,609,8.374384236453203
22020,A. Galabinov,Genoa,forward,3,0.03942427925627822,0.007695502019674406,-0.03714889271518074,231.0,259.0,287,9.75609756097561
3340,Muniesa,Girona,defender,0,0.03939406349039655,0.0550598396183429,-0.004256338301547201,539.0,552.0,609,2.134646962233169
25399,M. Zeffane,Rennes,defender,0,0.039105885476048124,0.05764507169952073,-0.007649466988586405,540.0,545.0,609,0.8210180623973727
228902,J. Calleri,Las Palmas,forward,9,0.038747986863628604,0.00899422156636646,-0.036445700804748564,232.0,258.0,287,9.059233449477352
8135,L. Shaw,Manchester United,defender,0,0.038513414308847534,0.07477601036798692,0.005442989098410921,541.0,501.0,609,-6.568144499178982
70975,Bruma,RB Leipzig,forward,4,0.03849467422105699,0.13486679952188754,-0.0014371850666406295,233.0,173.0,287,-20.905923344947734
20811,M. Silvestre,Sampdoria,defender,1,0.038468886795325,0.045557807677420604,0.013310061437393692,542.0,570.0,609,4.597701149425287
20855,E. Schelotto,Brighton & Hove Albion,defender,0,0.03839792129213471,0.06628335010114439,0.003607918821561075,543.0,529.0,609,-2.2988505747126435
222770,Nélson Semedo,Barcelona,defender,0,0.03825421929602462,0.09966191736271632,0.00869587968054088,544.0,369.0,609,-28.735632183908045
3306,Sergio Ramos,Real Madrid,defender,4,0.03814654848988787,0.0633115036048477,0.009372179555633587,545.0,536.0,609,-1.477832512315271
9380,J. Stones,Manchester City,defender,0,0.03807052099436117,0.08653013892815618,0.010571257549221814,546.0,436.0,609,-18.0623973727422
396616,R. Pierre-Gabriel,Saint-Étienne,defender,0,0.03801903290373403,0.09080222221692333,-0.013631025225545082,547.0,413.0,609,-22.00328407224959
82487,P. Kadeřábek,Hoffenheim,defender,2,0.03792841780496883,0.10938402767634949,-0.005870525378499638,548.0,307.0,609,-39.57307060755337
4911,Jozabed,Celta de Vigo,midfielder,0,0.03779744453517157,0.06590727089886432,0.007324909553467688,531.0,532.0,598,0.16722408026755853
241966,G. Jung,Hamburger SV,defender,1,0.037790435955473954,0.0823201607990536,-7.310163999079768e-05,549.0,458.0,609,-14.942528735632184
22677,G. Angella,Udinese,defender,0,0.03778084017461131,0.021830062854868798,0.008168998551512228,550.0,600.0,609,8.210180623973727
135103,A. Christensen,Chelsea,defender,0,0.03766859690741136,0.059521771979104444,0.017712546006588666,551.0,541.0,609,-1.6420361247947455
21004,V. Regini,Sampdoria,defender,0,0.03759454002376525,0.04433077722918303,-0.008813493330381526,552.0,572.0,609,3.284072249589491
25440,J. Pastore,PSG,midfielder,4,0.03751699941192973,0.18162295246070018,-0.009716606199382936,532.0,124.0,598,-68.22742474916387
3276,A. Rami,Olympique Marseille,defender,1,0.037289137224096276,0.04697688892676132,0.004560541186222463,553.0,567.0,609,2.2988505747126435
85113,A. Toșca,Benevento,defender,0,0.0372667850648956,0.06881780405788938,0.008371807616974892,554.0,519.0,609,-5.747126436781609
3309,R. Varane,Real Madrid,defender,0,0.03714502799852358,0.05832982474663799,0.016574486261917074,555.0,543.0,609,-1.9704433497536946
28122,Y. Benzia,Lille,forward,1,0.03707635066544695,0.07372797748920794,-0.004375097334059689,234.0,220.0,287,-4.878048780487805
294695,T. Ndombèlé,Olympique Lyonnais,midfielder,0,0.03690433152223018,0.07198497437062112,-0.0029403521325820307,533.0,508.0,598,-4.1806020066889635
135114,P. Højbjerg,Southampton,midfielder,0,0.036613177476149526,0.066288946547664,0.009239952870117451,534.0,531.0,598,-0.5016722408026756
22099,M. Büchel,Hellas Verona,midfielder,0,0.036367478999346184,0.05688405625179981,-0.0024301283600900825,535.0,557.0,598,3.678929765886288
20470,C. Marchisio,Juventus,midfielder,0,0.036363272582023536,0.10562897857658257,0.011224231603397732,536.0,385.0,598,-25.25083612040134
208089,I. Fossum,Hannover 96,midfielder,1,0.03633567235420079,0.0671782794724165,-0.014993691336932843,537.0,527.0,598,-1.6722408026755853
220341,R. Chibsah,Benevento,midfielder,0,0.0363143107173455,0.014431487804311456,0.009343289120177067,538.0,593.0,598,9.19732441471572
8287,L. Modrić,Real Madrid,midfielder,1,0.03592926310747101,0.09844014345227542,-0.006266364404106226,539.0,413.0,598,-21.070234113712374
25898,M. Niang,Torino,forward,4,0.035807705158174954,0.10091748750712534,-0.021853718301127888,235.0,200.0,287,-12.195121951219512
25437,B. Matuidi,Juventus,midfielder,3,0.03577442696948605,0.11020234798536445,-0.006183934385433353,540.0,361.0,598,-29.933110367892976
240070,H. Winks,Tottenham Hotspur,midfielder,0,0.03563796331094704,0.09038202767241585,0.0030312329517030515,541.0,444.0,598,-16.220735785953178
56441,L. Lerager,Bordeaux,midfielder,3,0.03555348234622558,0.09243091846725313,-0.0010894452863073984,542.0,432.0,598,-18.39464882943144
14905,P. Skjelbred,Hertha BSC,midfielder,0,0.03538096791572179,0.06278459314343166,-0.005353052097616182,543.0,542.0,598,-0.16722408026755853
229124,A. Hunou,Rennes,midfielder,5,0.03536546233709406,0.16988311438247986,-0.021940428677285437,544.0,147.0,598,-66.38795986622074
256478,D. Cataldi,Benevento,midfielder,1,0.03527812659391356,0.06115548070001013,-0.005630874529631207,545.0,545.0,598,0.0
24964,M. Pucciarelli,Chievo,forward,2,0.03482256491646762,0.04000655189709786,-0.016324791566165932,236.0,244.0,287,2.7874564459930316
21528,F. Ceccherini,Crotone,defender,1,0.034696472811329704,0.05433062715867966,-0.006240641036158862,556.0,553.0,609,-0.49261083743842365
82518,V. Darida,Hertha BSC,midfielder,0,0.03463618416562953,0.04017862170323147,0.0022433932417553815,546.0,575.0,598,4.849498327759197
70507,Paulo Oliveira,Eibar,defender,0,0.03437926968709285,0.0513323849951137,0.008060725453933852,557.0,562.0,609,0.8210180623973727
471348,W. McKennie,Schalke 04,midfielder,0,0.034378783343206806,0.06037882503857666,0.0078623447992936,547.0,547.0,598,0.0
3680,Zurutuza,Real Sociedad,midfielder,0,0.034091198289704416,0.06670755200751581,0.00324699778538842,548.0,528.0,598,-3.3444816053511706
364860,Rodri,Villarreal,midfielder,1,0.03408000758783276,0.057633569930035426,0.0030851769873767665,549.0,553.0,598,0.6688963210702341
134542,N. Mendy,Nice,midfielder,0,0.03396938163392286,0.05971215570283157,0.000412777795459953,550.0,548.0,598,-0.33444816053511706
116283,D. Rolán,Málaga,forward,5,0.03305539866279666,0.09765428188540465,-0.02823045310570926,237.0,201.0,287,-12.543554006968641
22270,G. Ferrari,Sampdoria,defender,2,0.03279601546651585,0.07431938182255346,-0.012370615374186688,558.0,503.0,609,-9.0311986863711
293686,J. Murphy,Newcastle United,midfielder,1,0.03278107929582782,0.0876895311616289,-0.0015950502606129026,551.0,453.0,598,-16.387959866220736
15695,M. Heller,Augsburg,midfielder,0,0.03267492942498382,0.02801708931500961,0.0012220510991996412,552.0,589.0,598,6.187290969899665
21169,B. Džemaili,Bologna,midfielder,1,0.03267096873121951,0.10160995910360257,-0.022845863752347078,553.0,406.0,598,-24.581939799331103
70112,E. Garay,Valencia,defender,0,0.03246440787756524,0.048208107458477215,0.03161395933974873,559.0,566.0,609,1.1494252873563218
14795,M. Hummels,Bayern München,defender,1,0.03202476476220258,0.06446852981722924,0.01596831482340006,560.0,534.0,609,-4.269293924466338
207001,J. Correa,Sevilla,midfielder,1,0.03201725664251365,0.04229988947934791,-0.01183705883453009,554.0,573.0,598,3.177257525083612
25835,F. Sammaritano,Dijon,midfielder,0,0.03199760497480199,0.01961515803498294,-0.005665236807452884,555.0,592.0,598,6.187290969899665
15811,S. Rudy,Bayern München,midfielder,1,0.03191920246367951,0.11933671541161453,0.0016049913607449043,556.0,323.0,598,-38.96321070234114
25701,L. Digne,Barcelona,defender,0,0.0319160851788738,0.06255623120573463,-0.002944343992928092,561.0,538.0,609,-3.7766830870279144
9280,S. Malone,Huddersfield Town,defender,0,0.03183025577428328,0.07686467506729494,0.004400599920132299,562.0,484.0,609,-12.807881773399014
50007,B. Djimsiti,Benevento,defender,0,0.03179597807510209,0.03451619675248636,0.016105467305505508,563.0,587.0,609,3.9408866995073892
22383,A. Duncan,Sassuolo,midfielder,0,0.03177791221612808,0.03725958840202493,-0.013162633791547576,557.0,579.0,598,3.678929765886288
7302,Albentosa,Deportivo La Coruña,defender,1,0.031453048502922375,0.03492793845328711,0.010953619219868564,564.0,586.0,609,3.61247947454844
283832,F. Romagna,Cagliari,defender,0,0.03130547768503054,0.05145442834067279,-0.000805641992347496,565.0,561.0,609,-0.6568144499178982
21385,L. Insigne,Napoli,forward,8,0.031299930209165466,0.04887152504980622,-0.013828607891904205,238.0,241.0,287,1.0452961672473868
15533,M. Terrazzino,Freiburg,forward,0,0.031205195352967546,0.051155750382795497,0.0002929241858450804,239.0,240.0,287,0.34843205574912894
366581,J. Gnagnon,Rennes,defender,2,0.03117650392290612,0.07894713390942766,0.018619353147380155,566.0,473.0,609,-15.270935960591133
230895,Pere Pons,Girona,midfielder,0,0.031058788180592996,0.04290334755482817,-0.004448286859592554,558.0,572.0,598,2.3411371237458196
376362,Luiz Felipe,Lazio,defender,0,0.031038932329220992,0.02080347084376614,-0.008523958213481593,567.0,601.0,609,5.582922824302135
77552,N. Dyer,Swansea City,midfielder,0,0.030830135527502987,0.028375205214717748,-0.005733453846386881,559.0,588.0,598,4.849498327759197
20689,G. Ramírez,Sampdoria,midfielder,3,0.03076006300504652,0.0837334158427609,-0.009742529597624875,560.0,466.0,598,-15.719063545150501
268776,W. Hoedt,Southampton,defender,0,0.03036312140004991,0.05756375164882735,0.005784653783041783,568.0,546.0,609,-3.61247947454844
70711,Mexer,Rennes,defender,0,0.03003943252146664,0.08300427984725203,-0.021481432176787125,569.0,453.0,609,-19.047619047619047
355937,M. Holgate,Everton,defender,0,0.029968772049938697,0.057975908974874715,-0.016064368496412927,570.0,544.0,609,-4.269293924466338
4303,David López,Espanyol,defender,1,0.029776938778218884,0.031395159624490375,-0.0020780456538718865,571.0,593.0,609,3.61247947454844
15942,L. Rupp,Hoffenheim,midfielder,3,0.02977459028046218,0.1881886766215058,-0.003081005152742063,561.0,112.0,598,-75.08361204013377
241676,R. Gagliardini,Internazionale,midfielder,0,0.029706237726189404,0.05748383527295121,-0.0031535129519719364,562.0,554.0,598,-1.3377926421404682
3705,Adrián,Málaga,midfielder,3,0.029625022721399098,0.05843111120326475,-0.018659393944229583,563.0,552.0,598,-1.839464882943144
393228,M. Sarr,Nice,defender,0,0.029513761339612265,0.053720673118716644,0.025743121129628843,572.0,555.0,609,-2.7914614121510675
328336,M. Fares,Hellas Verona,forward,0,0.029491291312805677,0.03235574343820772,-0.012462902310768622,240.0,252.0,287,4.181184668989547
16094,S. Terodde,Köln,forward,7,0.029396107412168034,0.039720980624112036,-0.028094601696915068,241.0,246.0,287,1.7421602787456445
231138,P. Kimpembe,PSG,defender,0,0.02936065385917202,0.05593040120647976,0.013824329141310092,573.0,548.0,609,-4.105090311986864
353236,T. Davies,Everton,midfielder,2,0.02930043291936953,0.10059189569936205,-0.017505918261927413,564.0,410.0,598,-25.752508361204015
14802,M. Bakalorz,Hannover 96,midfielder,0,0.028903059677844366,0.03181541438889679,-0.0067567799152815754,565.0,583.0,598,3.0100334448160537
16122,E. Kachunga,Huddersfield Town,forward,1,0.028706895422466926,0.02142390172737757,-0.011703556393168493,242.0,254.0,287,4.181184668989547
14798,Ł. Piszczek,Borussia Dortmund,defender,0,0.0286036655278893,0.07681148045335978,-1.40333285248313e-05,574.0,487.0,609,-14.285714285714286
25937,F. Bellugou,Troyes,defender,0,0.028295978140655216,0.051603723288856804,0.006511165238154093,575.0,560.0,609,-2.4630541871921183
215869,M. Bani,Chievo,defender,0,0.02808858434538241,0.04159618204066737,0.012510823097360365,576.0,581.0,609,0.8210180623973727
4332,Javi Fuego,Espanyol,midfielder,0,0.0280489828552928,0.057439041958533096,0.001257749508017798,566.0,555.0,598,-1.839464882943144
272440,M. Eggestein,Werder Bremen,midfielder,2,0.02759523805374617,0.03707075614947647,0.0011911929418843522,567.0,580.0,598,2.1739130434782608
263802,Y. Tielemans,Monaco,midfielder,0,0.027416326499898887,0.06893062707187457,-0.0011098938699340127,568.0,524.0,598,-7.357859531772576
260250,Wallace,Lazio,defender,0,0.02738919690240739,0.034111202548300704,-0.01029047421590503,577.0,588.0,609,1.80623973727422
3695,Álvaro González,Villarreal,defender,0,0.02729947222616928,0.045732692061683754,0.0321010473084953,578.0,569.0,609,-1.477832512315271
9293,M. Pugh,AFC Bournemouth,midfielder,0,0.027166198901858417,0.028725120399999082,-0.0019142079072981832,569.0,587.0,598,3.0100334448160537
454457,E. Brignola,Benevento,forward,3,0.027029017199183273,0.1354423453403728,-0.024199718930715264,243.0,172.0,287,-24.738675958188153
3788,Jordi Amat,Real Betis,defender,0,0.02701788603250644,0.04305530800093442,-0.0005173719137070934,579.0,577.0,609,-0.3284072249589491
91064,D. Torres,Deportivo Alavés,midfielder,0,0.026964164882830287,0.04719510105579006,0.008730073389141708,570.0,568.0,598,-0.33444816053511706
28230,A. Tameze,Nice,midfielder,0,0.02696096669621439,0.04499018138908544,-0.0006547401755133443,571.0,571.0,598,0.0
25923,N. de Préville,Bordeaux,forward,6,0.026845196289475168,0.08028288700926337,-0.027751506544386247,244.0,216.0,287,-9.75609756097561
3692,Bernardo Espinosa,Girona,defender,0,0.026820251817473925,0.04423965980647604,0.022458310703576505,580.0,574.0,609,-0.9852216748768473
8143,M. Schneiderlin,Everton,midfielder,0,0.026777339638244278,0.04933112463322476,0.0005259693587031398,572.0,565.0,598,-1.1705685618729098
239295,V. Parigini,Benevento,forward,0,0.026623768440265858,0.01602353961187317,-0.0029732048063482925,245.0,255.0,287,3.484320557491289
258162,Renato Sanches,Swansea City,midfielder,0,0.02653956781972921,0.04736853120309304,-0.0006805780609273459,573.0,567.0,598,-1.0033444816053512
14806,M. Götze,Borussia Dortmund,midfielder,2,0.02622192829161812,0.06893528322287733,-0.01448577910118009,574.0,523.0,598,-8.528428093645484
5290,Mikel Rico,Athletic Club,midfielder,0,0.026055443900336914,0.04143807546754503,0.0015932633578240952,575.0,574.0,598,-0.16722408026755853
388398,G. Pezzella,Udinese,defender,0,0.025873736054893758,0.06256115174392646,-0.023928873542958057,581.0,537.0,609,-7.22495894909688
370224,R. Holding,Arsenal,defender,0,0.02531197519703735,0.05904076800957572,0.00872013690240764,582.0,542.0,609,-6.568144499178982
120339,Mohamed Elneny,Arsenal,midfielder,0,0.025091965140148657,0.07388569496776846,0.006634183824123356,576.0,501.0,598,-12.54180602006689
171283,C. Chambers,Arsenal,defender,0,0.024924221323039744,0.04993448022616572,-0.0019184633413697639,583.0,565.0,609,-2.955665024630542
21383,M. Verratti,PSG,midfielder,0,0.024818413286293237,0.07177153696325843,-0.008520516301770848,577.0,510.0,598,-11.20401337792642
4065,J. Murillo,Valencia,defender,0,0.024755959250636138,0.051643408937419526,0.005472599695525117,584.0,558.0,609,-4.269293924466338
3348,Deulofeu,Barcelona,forward,2,0.024597036385635363,0.047309740781644516,-0.0035562837245694525,246.0,242.0,287,-1.3937282229965158
3324,Álvaro Morata,Chelsea,forward,11,0.024318480593918546,0.06264872492686517,-0.049153987685375926,247.0,228.0,287,-6.620209059233449
280419,H. Hateboer,Atalanta,defender,0,0.02396330729189089,0.05574752032448104,0.004826488166828719,585.0,549.0,609,-5.911330049261084
255738,J. Lerma,Levante,midfielder,0,0.023752354636371015,0.03160454863534674,-0.00639614236514681,578.0,584.0,598,1.0033444816053512
266286,Marlon,Nice,defender,0,0.023718129324131948,0.04428984586413893,0.012302129517210752,586.0,573.0,609,-2.134646962233169
116,G. Wijnaldum,Liverpool,midfielder,1,0.023472695050050427,0.06299152393758117,-0.005101954621488548,579.0,540.0,598,-6.521739130434782
21164,F. Fernández,Swansea City,defender,1,0.02307598898631199,0.04055510786909124,-0.002631368660801555,587.0,583.0,609,-0.6568144499178982
15010,Dante,Nice,defender,1,0.022975688300378237,0.02061073286601556,0.01590144462321021,588.0,602.0,609,2.2988505747126435
25413,A. Lacazette,Arsenal,forward,14,0.02293418226770076,0.2212168763216943,-0.05606396675856373,248.0,110.0,287,-48.08362369337979
26381,B. Corgnet,Strasbourg,midfielder,0,0.02286407555122276,0.025818322075850213,-0.013639907638506225,580.0,591.0,598,1.839464882943144
3526,M. Musacchio,Milan,defender,0,0.022757303081568835,0.05525584754172441,-0.013970338635964863,589.0,551.0,609,-6.239737274220033
37725,C. Kouyaté,West Ham United,midfielder,2,0.022525953176211293,0.06639375826187115,-0.006643116680086949,581.0,529.0,598,-8.695652173913043
424241,N. Milenković,Fiorentina,defender,0,0.02241021995627086,0.05536722211891707,-0.004504622633872009,590.0,550.0,609,-6.568144499178982
250956,F. Ricci,Crotone,forward,1,0.02205864956046502,0.09105166431773659,-0.0038121605993132676,249.0,208.0,287,-14.285714285714286
7857,Miquel,Málaga,defender,0,0.021504046209403164,0.015597084584993655,0.001315908397499831,591.0,605.0,609,2.2988505747126435
26042,K. Monnet-Paquet,Saint-Étienne,forward,2,0.020686326090054538,0.000308133355013042,-0.015747700498379365,250.0,264.0,287,4.878048780487805
115933,G. Lapadula,Genoa,forward,6,0.02051728758595118,-0.047785091432292,-0.047109684033798935,251.0,277.0,287,9.059233449477352
43196,Somália,Toulouse,midfielder,1,0.02048378579658008,0.035735921064230486,-0.012090833117212279,582.0,582.0,598,0.0
20461,G. Chiellini,Juventus,defender,0,0.02047443019517017,0.0327016699650438,0.002237890334632845,592.0,591.0,609,-0.16420361247947454
18591,J. Hofmann,Borussia M'gladbach,midfielder,0,0.02026742124490504,0.026289609406469367,-0.013569234791999693,583.0,590.0,598,1.1705685618729098
125286,G. González,Bologna,defender,0,0.019831817457900015,0.036458174858162294,0.003762649988237525,593.0,584.0,609,-1.477832512315271
20449,F. Borini,Milan,forward,2,0.01971377501790258,0.07923605951099806,0.005496089455418344,252.0,217.0,287,-12.195121951219512
10663,A. Gray,Watford,forward,5,0.019260417247761095,0.128674607055133,-0.03020673282118522,253.0,180.0,287,-25.43554006968641
26276,N. Pallois,Nantes,defender,0,0.019111341595555217,0.036412977997102094,0.033177885693249094,594.0,585.0,609,-1.477832512315271
3874,Kike García,Eibar,forward,8,0.019106301686963523,0.0065400436385770625,-0.0425463750564603,254.0,260.0,287,2.0905923344947737
3433,D. Godín,Atlético Madrid,defender,0,0.018867593344074073,0.02607579523110502,0.011017447480212692,595.0,597.0,609,0.3284072249589491
265366,W. Ndidi,Leicester City,midfielder,0,0.018352226738334206,0.037391017039033636,0.00011526641198718954,584.0,578.0,598,-1.0033444816053512
26167,C. Beauvue,Leganés,forward,2,0.018312286025132563,-0.031220043913429384,-0.026767728728059305,255.0,273.0,287,6.2717770034843205
20638,D. Dainelli,Chievo,defender,0,0.01828065238179659,0.005601934238715457,0.00487970715375533,596.0,608.0,609,1.9704433497536946
20623,R. Soriano,Villarreal,midfielder,0,0.018173597560176818,0.030929982655024755,-0.016013720270110766,585.0,585.0,598,0.0
372904,K. Dabila,Lille,defender,0,0.017512991388366518,0.03346086572929365,0.00391123796555993,597.0,590.0,609,-1.1494252873563218
21350,M. Parolo,Lazio,midfielder,4,0.016996897926984954,0.08872286584902703,-0.01527734989655505,586.0,450.0,598,-22.74247491638796
40539,Marquinhos,PSG,defender,0,0.016924090158895837,0.0150140447478643,0.02105908255625209,598.0,606.0,609,1.3136288998357963
21865,M. Sau,Cagliari,forward,2,0.016797126751740016,0.03570558974576178,-0.02018017366568276,256.0,251.0,287,-1.7421602787456445
3431,João Miranda,Internazionale,defender,0,0.016621541517979038,0.025026352609506235,0.012097433150811163,599.0,599.0,609,0.0
23314,Diego Farias,Cagliari,forward,1,0.016257897024076914,0.00467271736720094,-0.015389799451074984,257.0,261.0,287,1.3937282229965158
25504,S. Meïté,Bordeaux,midfielder,1,0.0162089082763611,0.07233183964652114,0.009418916799158917,587.0,506.0,598,-13.545150501672241
174,F. Đuričić,Benevento,midfielder,0,0.015297842696659849,0.03615163121218272,-0.007292728706508526,588.0,581.0,598,-1.1705685618729098
41363,Gabriel,Valencia,defender,0,0.014905713056952916,0.017537269180696043,0.015508824575467883,600.0,604.0,609,0.6568144499178982
4375,Vitolo,Las Palmas,midfielder,2,0.014707346857126387,0.07282438787195515,-0.0015070651047464389,589.0,504.0,598,-14.214046822742475
342743,L. Tousart,Olympique Lyonnais,midfielder,0,0.01465857168559068,0.04911054624484115,-0.008775440152842536,590.0,566.0,598,-4.013377926421405
192748,M. James,Leicester City,midfielder,0,0.013260989824034362,0.007079165410015416,-0.004625435579619283,591.0,595.0,598,0.6688963210702341
7892,David Luiz,Chelsea,defender,1,0.012753250659249902,0.08336337689848505,-0.0241735482012136,601.0,451.0,609,-24.63054187192118
3644,Bigas,Las Palmas,defender,0,0.012604313812525105,0.03203195606788775,-0.00567180006691707,602.0,592.0,609,-1.6420361247947455
22323,L. Memushaj,Benevento,midfielder,0,0.012043090800765944,0.02965089978206821,-0.010226132888745774,592.0,586.0,598,-1.0033444816053512
26518,C. Sánchez,Espanyol,midfielder,1,0.012014549358305255,0.07039874797305926,-0.0031289217792538422,593.0,514.0,598,-13.210702341137123
276211,A. Saint-Maximin,Nice,forward,3,0.011626884502119756,0.06119052358542155,-0.016071959586276892,258.0,230.0,287,-9.75609756097561
56274,Y. Poulsen,RB Leipzig,forward,4,0.01090333504625523,0.03590687613735887,-0.02334259150542951,259.0,250.0,287,-3.1358885017421603
259292,F. Di Francesco,Bologna,forward,1,0.010703864315131126,0.03998701911414502,-0.019343885485964274,260.0,245.0,287,-5.2264808362369335
149019,D. Simpson,Leicester City,defender,0,0.010598212726011264,0.04383527868008282,-0.022833420897401407,603.0,575.0,609,-4.597701149425287
21894,Keko,Málaga,midfielder,0,0.009630573797919659,0.013163049386186421,-0.01437445840231757,594.0,594.0,598,0.0
224080,G. Maripán,Deportivo Alavés,defender,0,0.008363270997665349,0.029895221953101105,-0.0015854804398784863,604.0,596.0,609,-1.3136288998357963
20394,Thiago Silva,PSG,defender,1,0.0073782623094451215,0.04227086076689059,0.011434151131740703,605.0,579.0,609,-4.269293924466338
50073,A. Ioniţă,Cagliari,midfielder,0,0.007177150901256229,-0.00018791939197666162,-0.01337274730408421,595.0,597.0,598,0.33444816053511706
228765,T. Kleindienst,Freiburg,forward,2,0.004398119994743214,0.05148241605209169,-0.0054502124352328075,261.0,239.0,287,-7.665505226480836
15004,I. Santini,Caen,forward,11,0.003492111774204755,0.013530281277811104,-0.05319317902364719,262.0,257.0,287,-1.7421602787456445
223560,L. Öztunali,Mainz 05,midfielder,0,0.00317986731051954,0.005316289400843223,-0.007553185304471687,596.0,596.0,598,0.0
20429,N. Burdisso,Torino,defender,0,0.0031080941618559887,0.011428369213145767,0.0028358711457272035,606.0,607.0,609,0.16420361247947454
20922,Neto,Valencia,goalkeeper,0,0.002694107115052583,-0.05878750739485886,0.22931774247731737,1.0,4.0,95,3.1578947368421053
252589,B. Petković,Hellas Verona,forward,0,0.0009529849279394056,-0.031597708983948855,-0.002775575605112334,263.0,274.0,287,3.832752613240418
8284,A. Lennon,Burnley,midfielder,0,0.00039517984772076403,-0.011004492605756123,-0.015408538305952995,597.0,598.0,598,0.16722408026755853
8384,S. Long,Southampton,forward,2,-0.001758679790899011,-0.029282503212730085,-0.021370360468912622,264.0,272.0,287,2.7874564459930316
134249,Rubén Sobrino,Deportivo Alavés,forward,3,-0.0019268170270007863,0.10909003372698631,-0.01905010986613071,265.0,194.0,287,-24.738675958188153
263432,F. Vicari,SPAL,defender,0,-0.002440949625995062,0.018561022546473738,0.0018308212219177353,607.0,603.0,609,-0.6568144499178982
301017,M. Thuram,Guingamp,forward,3,-0.002817223564292627,0.025194354793262753,-0.03270103054750458,266.0,253.0,287,-4.529616724738676
25804,M. Sissoko,Tottenham Hotspur,midfielder,1,-0.007367110350469183,0.03810220613244245,-0.01167696215425618,598.0,577.0,598,-3.511705685618729
338249,Gil Dias,Fiorentina,forward,2,-0.00815326489221349,0.07211912548324241,-0.00771575951552556,267.0,223.0,287,-15.331010452961673
417231,C. Adjapong,Sassuolo,defender,0,-0.008369264607959295,-0.02007793377092479,-0.033830336997606604,608.0,609.0,609,0.16420361247947454
3321,K. Benzema,Real Madrid,forward,5,-0.01132397393048505,0.0010091297706816412,-0.021753397231889585,268.0,263.0,287,-1.7421602787456445
105376,N. Kalinić,Milan,forward,6,-0.012736607076918345,-0.016797755173786743,-0.057409795938166946,269.0,268.0,287,-0.34843205574912894
20692,I. Belfodil,Werder Bremen,forward,4,-0.013448981723498067,0.0036393562431547557,-0.03831763237925924,270.0,262.0,287,-2.7874564459930316
3577,S. Rondón,West Bromwich Albion,forward,7,-0.015763507658058586,-1.2473467668130086e-06,-0.02943971921191264,271.0,265.0,287,-2.0905923344947737
272878,A. Nalini,Crotone,forward,0,-0.01672778827768038,-0.0009594688535255599,-0.027860205603319213,272.0,266.0,287,-2.0905923344947737
3605,Jorge Molina,Getafe,forward,7,-0.01702574130056577,-0.0029955983618170237,-0.04083292907266325,273.0,267.0,287,-2.0905923344947737
25418,A. Aréola,PSG,goalkeeper,0,-0.017792179535555855,-0.13603770239922383,0.1618822165212098,2.0,25.0,95,24.210526315789473
120631,Y. Bounou,Girona,goalkeeper,0,-0.021776086958491214,-0.11198329389592103,0.1963856433041237,3.0,20.0,95,17.894736842105264
16436,C. Quaner,Huddersfield Town,forward,0,-0.02440003740575572,-0.027276688747600347,-0.00886602840990497,274.0,271.0,287,-1.0452961672473868
8425,W. Hennessey,Crystal Palace,goalkeeper,0,-0.024720271891783337,-0.000890552503999166,0.2094382267702272,4.0,1.0,95,-3.1578947368421053
8731,R. Shawcross,Stoke City,defender,1,-0.02648097867474231,0.030124253443991666,-0.014139703676830548,609.0,595.0,609,-2.2988505747126435
3267,Guaita,Getafe,goalkeeper,0,-0.026529521366986858,-0.05948356392653628,0.23957949755474045,5.0,5.0,95,0.0
25572,A. Ayew,Swansea City,forward,3,-0.03227761072965174,-0.016838900828717838,-0.009979373747595905,275.0,269.0,287,-2.0905923344947737
20949,Ryder Matos,Hellas Verona,forward,0,-0.033953366505543356,-0.05842658989251575,-0.002457828815599403,276.0,279.0,287,1.0452961672473868
82690,T. Koubek,Rennes,goalkeeper,0,-0.036574367967609864,-0.0454350280528565,0.23310669419271465,6.0,2.0,95,-4.2105263157894735
70273,J. Oblak,Atlético Madrid,goalkeeper,0,-0.037167022002096796,-0.19245638457407982,0.28235690046112105,7.0,38.0,95,32.63157894736842
3582,Adrián,West Ham United,goalkeeper,0,-0.037619206070693106,-0.08006885468489015,0.2026716323691443,8.0,7.0,95,-1.0526315789473684
4338,Diego Costa,Atlético Madrid,forward,3,-0.03930251158213252,0.03612357586490322,-0.0713436889502785,277.0,249.0,287,-9.75609756097561
25809,E. Rivière,Metz,forward,5,-0.039524052056066704,-0.11005995024664746,-0.048041274167691994,278.0,286.0,287,2.7874564459930316
38031,C. Benteke,Crystal Palace,forward,3,-0.039653499902551174,-0.06150129133471773,-0.015464255312031931,279.0,280.0,287,0.34843205574912894
134413,A. Cragno,Cagliari,goalkeeper,0,-0.04102969023595036,-0.048832741642995614,0.23044773540420171,9.0,3.0,95,-6.315789473684211
135747,D. Subašić,Monaco,goalkeeper,0,-0.041742399148245436,-0.15278509884082447,0.20612663106796433,10.0,31.0,95,22.105263157894736
28965,O. Nguette,Metz,forward,0,-0.04504528725393326,-0.07236407153545059,-0.027335458079928186,280.0,282.0,287,0.6968641114982579
50849,E. Berisha,Atalanta,goalkeeper,0,-0.04519320744050222,-0.10839527236278017,0.20580217878931573,11.0,18.0,95,7.368421052631579
3299,Fernando Pacheco,Deportivo Alavés,goalkeeper,0,-0.04586158913767745,-0.07030734132169529,0.20904688948614988,12.0,6.0,95,-6.315789473684211
15232,B. Wood,Hamburger SV,forward,2,-0.052190150384781524,-0.07841732336886958,-0.015921763846991868,281.0,283.0,287,0.6968641114982579
4048,Sergi Enrich,Eibar,forward,3,-0.053483306211531044,-0.04593217371757636,-0.05971052570257046,282.0,276.0,287,-2.0905923344947737
10131,J. Pickford,Everton,goalkeeper,0,-0.05498461475948584,-0.11066119224308724,0.23533264878813498,13.0,19.0,95,6.315789473684211
12242,N. Pope,Burnley,goalkeeper,0,-0.05784522324896067,-0.1017489404321939,0.21953529472872124,14.0,14.0,95,0.0
3330,Oier,Levante,goalkeeper,0,-0.06251501507368915,-0.0959584195580552,0.23983032672426588,15.0,11.0,95,-4.2105263157894735
21861,D. Falcinelli,Sassuolo,forward,2,-0.06764784685990725,-0.07111715394899287,-0.050512616277617314,283.0,281.0,287,-0.6968641114982579
25930,M. Samassa,Troyes,goalkeeper,0,-0.07109047285604163,-0.09653353706855856,0.202032359949647,16.0,12.0,95,-4.2105263157894735
234359,P. Schick,Roma,forward,2,-0.07259270856200332,-0.08488941135342816,-0.03079030404392689,284.0,284.0,287,0.0
37896,E. Kawashima,Metz,goalkeeper,0,-0.07452954419430045,-0.1431557207621103,0.15506883180817888,17.0,29.0,95,12.631578947368421
21494,A. Cordaz,Crotone,goalkeeper,0,-0.07678731724238995,-0.09579596556677294,0.17781245954151914,18.0,10.0,95,-8.421052631578947
8358,B. Foster,West Bromwich Albion,goalkeeper,0,-0.07936666717594987,-0.13133492671218863,0.21943128598963935,19.0,24.0,95,5.2631578947368425
20802,E. Viviano,Sampdoria,goalkeeper,0,-0.07966396918350924,-0.2114781578208236,0.1774073064077135,20.0,47.0,95,28.42105263157895
143189,C. Ninga,Montpellier,forward,1,-0.08321264871778215,-0.05199103672982583,-0.025967791629905142,285.0,278.0,287,-2.4390243902439024
404213,A. Lafont,Toulouse,goalkeeper,0,-0.08988779361469951,-0.09983006146946692,0.14214755887913874,21.0,13.0,95,-8.421052631578947
275032,E. Crivelli,Angers,forward,3,-0.09226415459469307,-0.1024142087498876,-0.09289459510935337,286.0,285.0,287,-0.34843205574912894
20540,A. Bizzarri,Udinese,goalkeeper,0,-0.0927096923967689,-0.1946074355812594,0.15305890039905523,22.0,40.0,95,18.94736842105263
86745,W. Benítez,Nice,goalkeeper,0,-0.0960300026727651,-0.21188769666206422,0.23203684587489307,23.0,48.0,95,26.31578947368421
25521,E. Zelazny,Troyes,goalkeeper,0,-0.09623678510608781,-0.08612979771587044,0.17279415925332917,24.0,8.0,95,-16.842105263157894
26583,R. Gurtner,Amiens SC,goalkeeper,0,-0.09641381738693541,-0.10731406718512808,0.21601624519644186,25.0,17.0,95,-8.421052631578947
23705,M. Sportiello,Fiorentina,goalkeeper,0,-0.09706766367899339,-0.24819123331664705,0.16307117610783659,26.0,62.0,95,37.89473684210526
8266,Gomes,Watford,goalkeeper,0,-0.09719887345553116,-0.2075371401450502,0.125667135174235,27.0,44.0,95,17.894736842105264
25632,B. Costil,Bordeaux,goalkeeper,0,-0.0980762770917028,-0.26077013508693697,0.1959905388112137,28.0,65.0,95,38.94736842105263
3428,Sergio Asenjo,Villarreal,goalkeeper,0,-0.09905644498909875,-0.2499072663350214,0.18395563208415272,29.0,63.0,95,35.78947368421053
3458,Sergio Rico,Sevilla,goalkeeper,0,-0.10243875686830514,-0.20012337956571813,0.19726907682085956,30.0,42.0,95,12.631578947368421
3719,Roberto,Málaga,goalkeeper,0,-0.10558636408618895,-0.10425579003112585,0.18425284850077453,31.0,16.0,95,-15.789473684210526
350999,G. Donnarumma,Milan,goalkeeper,0,-0.11232220191763446,-0.30784469982427903,0.1902054856138886,32.0,74.0,95,44.21052631578947
8726,A. Begović,AFC Bournemouth,goalkeeper,0,-0.11506399488352512,-0.12002355846535495,0.17201818626536583,33.0,21.0,95,-12.631578947368421
83574,C. Tătărușanu,Nantes,goalkeeper,0,-0.11813545827948893,-0.179046254357564,0.19061957093434737,34.0,36.0,95,2.1052631578947367
14914,M. Hitz,Augsburg,goalkeeper,0,-0.1232029275051552,-0.1993623022118955,0.1610468696065425,35.0,41.0,95,6.315789473684211
20633,S. Sorrentino,Chievo,goalkeeper,0,-0.1239538932705364,-0.12435140228528696,0.21902797035580762,36.0,22.0,95,-14.736842105263158
14847,R. Fährmann,Schalke 04,goalkeeper,0,-0.1271692857833577,-0.22292790127458229,0.1746635125385887,37.0,54.0,95,17.894736842105264
8480,K. Schmeichel,Leicester City,goalkeeper,0,-0.12808315383771132,-0.1758977687616677,0.17745938633989086,38.0,35.0,95,-3.1578947368421053
3554,Rubén,Deportivo La Coruña,goalkeeper,0,-0.12820159531403863,-0.10184988645015638,0.1749085095218653,39.0,15.0,95,-25.263157894736842
21098,A. Gomis,SPAL,goalkeeper,0,-0.1288813295767307,-0.12464327553174566,0.1877991689451537,40.0,23.0,95,-17.894736842105264
61390,M. Ryan,Brighton & Hove Albion,goalkeeper,0,-0.12927918377075912,-0.15523751835865118,0.17603826874528625,41.0,32.0,95,-9.473684210526315
26016,B. Lecomte,Montpellier,goalkeeper,0,-0.12954867919227273,-0.2129562833583721,0.19659506450546918,42.0,50.0,95,8.421052631578947
20832,A. Consigli,Sassuolo,goalkeeper,0,-0.13088700437296588,-0.21247697880751037,0.2327232817582953,43.0,49.0,95,6.315789473684211
8094,J. Butland,Stoke City,goalkeeper,0,-0.13326417386654077,-0.1565094654711519,0.14700695186871124,44.0,33.0,95,-11.578947368421053
20632,C. Puggioni,Benevento,goalkeeper,0,-0.13597427117816763,-0.23289681443957644,0.15723949660371142,45.0,57.0,95,12.631578947368421
21298,Nicolas,Hellas Verona,goalkeeper,0,-0.13744108688000484,-0.15225897550431472,0.12879819323348937,46.0,30.0,95,-16.842105263157894
20422,Maxi López,Udinese,forward,2,-0.1388132411004074,-0.1443762109282964,-0.06251885919439361,287.0,287.0,287,0.0
15032,R. Zieler,Stuttgart,goalkeeper,0,-0.13942782876253662,-0.23814469657533444,0.17499109360601378,47.0,60.0,95,13.68421052631579
25382,A. Lopes,Olympique Lyonnais,goalkeeper,0,-0.1423901461214238,-0.42309805900861847,0.1208567394919517,48.0,89.0,95,43.1578947368421
49968,R. Bürki,Borussia Dortmund,goalkeeper,0,-0.14375878859516436,-0.27647060688625946,0.1204983888732646,49.0,69.0,95,21.05263157894737
7847,Ł. Fabiański,Swansea City,goalkeeper,0,-0.1446127579586152,-0.09513839732569497,0.17652471034144787,50.0,9.0,95,-43.1578947368421
7882,P. Čech,Arsenal,goalkeeper,0,-0.14495035344493887,-0.23718419233083,0.13620828381269912,51.0,59.0,95,8.421052631578947
247206,Pau López,Espanyol,goalkeeper,0,-0.14517268531579589,-0.21999448372194472,0.19644773191157924,52.0,53.0,95,1.0526315789473684
7910,David de Gea,Manchester United,goalkeeper,0,-0.14580653410783212,-0.3321770530125453,0.17343155336151309,53.0,76.0,95,24.210526315789473
25552,S. Mandanda,Olympique Marseille,goalkeeper,0,-0.1467057015911308,-0.35039583540414043,0.13800382139067668,54.0,81.0,95,28.42105263157895
8301,J. Hart,West Ham United,goalkeeper,0,-0.1476162328154713,-0.13888352579865454,0.17584074858804782,55.0,26.0,95,-30.526315789473685
15265,T. Horn,Köln,goalkeeper,0,-0.1477816918617792,-0.14172295806356516,0.12287283229992887,56.0,28.0,95,-29.473684210526315
18704,C. Mathenia,Hamburger SV,goalkeeper,0,-0.15297399000520306,-0.14094673875546426,0.16027077715049215,57.0,27.0,95,-31.57894736842105
20571,S. Handanovič,Internazionale,goalkeeper,0,-0.1534017371848424,-0.28186314680072033,0.18124015576967434,58.0,70.0,95,12.631578947368421
25421,S. Sirigu,Torino,goalkeeper,0,-0.1534951427814001,-0.21061486505501922,0.19259129913687137,59.0,46.0,95,-13.68421052631579
56038,J. Lössl,Huddersfield Town,goalkeeper,0,-0.1537439684128532,-0.23635523087726046,0.12794937589799704,60.0,58.0,95,-2.1052631578947367
25381,H. Lloris,Tottenham Hotspur,goalkeeper,0,-0.15380885436639924,-0.34421441367853806,0.12464584797558334,61.0,78.0,95,17.894736842105264
140046,M. Dmitrović,Eibar,goalkeeper,0,-0.15606364384603635,-0.22978743035101878,0.10910257378074886,62.0,56.0,95,-6.315789473684211
50771,K. Johnsson,Guingamp,goalkeeper,0,-0.15610742096154354,-0.20451487736020618,0.16366606482725246,63.0,43.0,95,-21.05263157894737
55951,L. Hradecky,Eintracht Frankfurt,goalkeeper,0,-0.16105394142507512,-0.2558708213502415,0.1505859747330105,64.0,64.0,95,0.0
20483,A. Mirante,Bologna,goalkeeper,0,-0.16251149058065312,-0.19382471892242012,0.1730093149152454,65.0,39.0,95,-27.36842105263158
134496,M. Maignan,Lille,goalkeeper,0,-0.1634672929918369,-0.2284768472847168,0.12383590263080063,66.0,55.0,95,-11.578947368421053
166534,T. Strakosha,Lazio,goalkeeper,0,-0.16529939006135522,-0.34483644594805396,0.14115025442083362,67.0,79.0,95,12.631578947368421
71654,Ederson,Manchester City,goalkeeper,0,-0.16548394885291606,-0.5429764335341054,0.09263511838883769,68.0,94.0,95,27.36842105263158
9611,P. Gulácsi,RB Leipzig,goalkeeper,0,-0.1660812632974656,-0.3194504820600001,0.15831250359231003,69.0,75.0,95,6.315789473684211
3397,Arrizabalaga,Athletic Club,goalkeeper,0,-0.16887322123339857,-0.264580630283574,0.20486350407457413,70.0,66.0,95,-4.2105263157894735
301635,B. Kamara,Strasbourg,goalkeeper,0,-0.1722421838552292,-0.2149305200400283,0.14048018464188658,71.0,51.0,95,-21.05263157894737
49855,Y. Sommer,Borussia M'gladbach,goalkeeper,0,-0.17672729555290992,-0.2994699777106842,0.12410843526121841,72.0,73.0,95,1.0526315789473684
3963,Cuéllar,Leganés,goalkeeper,0,-0.17966770508399274,-0.19089877029102398,0.17018379912293052,73.0,37.0,95,-37.89473684210526
15008,M. ter Stegen,Barcelona,goalkeeper,0,-0.1808120102887779,-0.437053186045087,0.11674402172935736,74.0,90.0,95,16.842105263157894
21468,M. Perin,Genoa,goalkeeper,0,-0.18134536515319927,-0.1721650258137079,0.21082550118105828,75.0,34.0,95,-43.1578947368421
214220,Alisson,Roma,goalkeeper,0,-0.18489773412054206,-0.33893989710153116,0.13544286180545437,76.0,77.0,95,1.0526315789473684
253822,J. Pavlenka,Werder Bremen,goalkeeper,0,-0.1883475409059295,-0.20908403130638828,0.18068585119733008,77.0,45.0,95,-33.68421052631579
7949,Pepe Reina,Napoli,goalkeeper,0,-0.18924930907863524,-0.47845262654111603,0.1395114706497314,78.0,91.0,95,13.68421052631579
19525,A. Schwolow,Freiburg,goalkeeper,0,-0.19480382932282395,-0.21761185301689784,0.1531464033698851,79.0,52.0,95,-28.42105263157895
26365,B. Reynet,Dijon,goalkeeper,0,-0.2024502643612024,-0.2650665072776024,0.12555537012968096,80.0,67.0,95,-13.68421052631579
3915,K. Navas,Real Madrid,goalkeeper,0,-0.20739757811818207,-0.38752313477721695,0.11548099111196719,81.0,85.0,95,4.2105263157894735
3821,Sergio Álvarez,Celta de Vigo,goalkeeper,0,-0.21557023565115202,-0.39409004354898236,0.11699118938575778,82.0,86.0,95,4.2105263157894735
15795,K. Casteels,Wolfsburg,goalkeeper,0,-0.2194727553483042,-0.2899929109103136,0.14559153109341905,83.0,72.0,95,-11.578947368421053
25845,S. Ruffier,Saint-Étienne,goalkeeper,0,-0.2225474515062112,-0.35653376603546866,0.14896670582047145,84.0,82.0,95,-2.1052631578947367
16010,P. Tschauner,Hannover 96,goalkeeper,0,-0.23202593402822871,-0.2837216968489019,0.15301829959322952,85.0,71.0,95,-14.736842105263158
14979,O. Baumann,Hoffenheim,goalkeeper,0,-0.23342348818346212,-0.36422730298406947,0.13414406117602765,86.0,83.0,95,-3.1578947368421053
25384,R. Vercoutre,Caen,goalkeeper,0,-0.2347795515872266,-0.24762278046757327,0.14451323227990243,87.0,61.0,95,-27.36842105263158
54579,R. Jarstein,Hertha BSC,goalkeeper,0,-0.24331942934788983,-0.37482944682846747,0.15511970921594878,88.0,84.0,95,-4.2105263157894735
3296,Adán,Real Betis,goalkeeper,0,-0.244414534776901,-0.34543506394171086,0.1397590737320991,89.0,80.0,95,-9.473684210526315
14768,B. Leno,Bayer Leverkusen,goalkeeper,0,-0.24993856663143954,-0.40924672320679584,0.12281803198334475,90.0,87.0,95,-3.1578947368421053
3429,T. Courtois,Chelsea,goalkeeper,0,-0.25062196937054415,-0.4101259352580707,0.1334995993847989,91.0,88.0,95,-3.1578947368421053
86319,L. Chichizola,Las Palmas,goalkeeper,0,-0.26148372582114354,-0.2758793164663906,0.13883111009024365,92.0,68.0,95,-25.263157894736842
86212,G. Rulli,Real Sociedad,goalkeeper,0,-0.2870164261830546,-0.48735161940307,0.09603418463082676,93.0,92.0,95,-1.0526315789473684
14736,S. Ulreich,Bayern München,goalkeeper,0,-0.3021158539758288,-0.6616513276775644,0.04542648313777683,94.0,95.0,95,1.0526315789473684
3822,Rubén Blanco,Celta de Vigo,goalkeeper,0,-0.3134407979724891,-0.5307371927336392,0.11582467341848884,95.0,93.0,95,-2.1052631578947367
