player_id,name,team,league,position_group,goals,CPI,ci_low,ci_high,median_rank,P(top 10),rank
4358,Laguardia,Deportivo Alavés,Spain,defender,2,0.30065767662780624,0.08525707039495466,0.5577250088131637,3.0,0.743,1.0
25700,M. Debuchy,Saint-Étienne,France,defender,4,0.2517015244042745,0.10014764266933729,0.41564490972752355,5.0,0.676,2.0
3642,Ramis,Eibar,Spain,defender,3,0.22254557530275623,0.07525697638049737,0.4386190162950053,10.5,0.5,3.0
26399,D. Da Silva,Caen,France,defender,4,0.2072867760476922,0.1016769354125053,0.3592129037093776,13.0,0.424,4.0
454,P. van Aanholt,Crystal Palace,England,defender,5,0.2056380173213569,0.09512677898966762,0.34223385754317603,15.0,0.395,5.0
14923,M. Russ,Eintracht Frankfurt,Germany,defender,1,0.19915960240906952,0.09976034681146685,0.3463541786171357,16.0,0.366,6.0
37824,T. Meunier,PSG,France,defender,4,0.19231996294441134,0.05698157020880418,0.403976296764522,19.0,0.382,7.0
221411,P. Max,Augsburg,Germany,defender,2,0.19180817894855498,0.1408767434798939,0.24142416335282815,17.0,0.193,8.0
20460,M. Cáceres,Hellas Verona,Italy,defender,4,0.18878986039555157,0.07476545166132689,0.32228450966399413,17.0,0.349,9.0
8833,J. Lascelles,Newcastle United,England,defender,3,0.18817381202974454,0.07191046027409655,0.33843572166175273,19.5,0.335,10.0
21639,L. Ceppitelli,Cagliari,Italy,defender,3,0.18324320486818566,0.07321618852717326,0.31604852560180774,21.0,0.304,11.0
130,S. de Vrij,Lazio,Italy,defender,6,0.1806369893402602,0.09540953230895334,0.2784538538093931,22.0,0.235,12.0
160,D. Janmaat,Watford,England,defender,3,0.17692965145661313,0.07554922018837457,0.32919309297567423,24.0,0.272,13.0
364850,J. Firpo,Real Betis,Spain,defender,2,0.17321997249946525,0.03983690475248482,0.38391759706647577,30.0,0.299,14.0
7858,B. Sagna,Benevento,Italy,defender,1,0.1728917039653508,0.07730477893214942,0.3109124630719103,25.5,0.222,15.0
9164,C. Taylor,Burnley,England,defender,0,0.15913917194919056,0.09080701192733188,0.2412358982824166,32.0,0.1,16.0
3460,Coke,Levante,Germany,defender,3,0.1586621590358488,0.02721982074735172,0.33005756826952776,40.0,0.225,17.0
3791,Z. Feddal,Real Betis,Spain,defender,3,0.1583484865039157,0.037961915646869834,0.35821176355950973,38.5,0.237,18.0
25430,M. Sakho,Crystal Palace,England,defender,1,0.15771518625870148,0.030570081006386807,0.35349936226544065,42.0,0.217,19.0
366217,K. Danso,Augsburg,Germany,defender,2,0.1564340198247437,0.045106741525387864,0.2924360087787817,40.0,0.159,20.0
8239,L. Baines,Everton,England,defender,2,0.1563428996369864,0.07360717432195481,0.2713775024807718,38.0,0.13,21.0
364772,C. Awaziem,Nantes,France,defender,1,0.15552279813993844,0.07336395698820412,0.2796534575849796,39.0,0.145,22.0
50069,S. Widmer,Udinese,Italy,defender,3,0.15380102056713366,0.07848357805208835,0.26314782511115087,38.0,0.106,23.0
203113,I. Sylla,Toulouse,France,defender,1,0.15350350164091112,0.09513641145370362,0.23076668281807647,39.0,0.061,24.0
25849,F. Ghoulam,Napoli,Italy,defender,2,0.1532145965703679,0.055654977233957195,0.30962069850030344,43.0,0.176,25.0
7922,C. Smalling,Manchester United,England,defender,4,0.15143683541471614,0.06586997242142995,0.2595068250806662,42.5,0.114,26.0
242446,L. Dubois,Nantes,France,defender,3,0.15116962279787832,0.10304915050156331,0.21123083528680525,38.0,0.028,27.0
40301,Lucas Lima,Nantes,France,defender,2,0.15103440167285234,0.07568225939373774,0.27202629678764073,46.0,0.116,28.0
20516,D. Faraoni,Crotone,Italy,defender,2,0.1485347670001593,0.054420744543950565,0.2876466669667039,51.0,0.139,29.0
14991,M. Ginter,Borussia M'gladbach,Germany,defender,5,0.1480371223608276,0.07584825854656635,0.23586800946245634,43.0,0.066,30.0
221172,A. Hack,Mainz 05,Germany,defender,1,0.14624220995954737,0.09870378910669954,0.18951673468714014,44.5,0.007,31.0
105523,Danilo Avelar,Amiens SC,France,defender,1,0.14578066754029034,0.08957107673537913,0.2220568596088526,49.0,0.044,32.0
110,J. Willems,Eintracht Frankfurt,Germany,defender,0,0.14199955950241033,0.09285852991674803,0.20285766992689544,53.0,0.014,33.0
14689,Naldo,Schalke 04,Germany,defender,7,0.14140999877652258,0.050942448127249296,0.25664285537833653,57.0,0.089,34.0
15039,K. Rausch,Köln,Germany,defender,0,0.14126090029081706,0.07715416186384055,0.26220025580182027,54.0,0.082,35.0
15399,D. Brosinski,Mainz 05,Germany,defender,1,0.13930440733686508,0.08721513436366929,0.20096955433025346,55.0,0.014,36.0
20927,L. De Silvestri,Torino,Italy,defender,5,0.1380113126596368,0.06125791246865779,0.2147993343450208,54.0,0.034,37.0
14801,N. Subotić,Saint-Étienne,France,defender,2,0.13779470040392583,0.05857886866188767,0.24931889337781216,59.0,0.087,38.0
410062,J. Koundé,Bordeaux,France,defender,2,0.13764097531741318,0.0605094609114836,0.24270010041872006,63.0,0.06,39.0
208865,Bastos,Lazio,Italy,defender,4,0.1374588707004883,0.0474707983725104,0.25516009131561457,61.0,0.086,40.0
336829,R. Koch,Freiburg,Germany,defender,2,0.13449584322358132,0.06079531138793927,0.25216822981659015,73.0,0.08,41.0
15719,B. Hübner,Hoffenheim,Germany,defender,3,0.13168424173886248,0.06136505087178538,0.2139949919084013,69.0,0.031,42.0
26498,K. Lala,Strasbourg,France,defender,3,0.1303121823177489,0.06792225815994286,0.21956613495069852,72.0,0.035,43.0
169002,Diego Rico,Leganés,Spain,defender,2,0.12963130237875178,0.08379900513908148,0.19211473145273023,74.0,0.008,44.0
215036,C. Yamberé,Dijon,France,defender,3,0.1288621431990461,0.05926970841879609,0.2095798885315386,68.0,0.028,45.0
8306,A. Kolarov,Roma,Italy,defender,2,0.12807336401452804,0.08249451948780699,0.18845665969025968,72.0,0.003,46.0
8032,Marcos Alonso,Chelsea,England,defender,7,0.12747997815743226,0.05333961138968539,0.22224235709881252,76.0,0.037,47.0
286915,F. Eboa Eboa,Guingamp,France,defender,1,0.1274511098257791,0.06619771133669608,0.2094256230489951,76.0,0.029,48.0
25457,J. Roussillon,Montpellier,France,defender,3,0.12731595201868928,0.04547792612407627,0.23807816984526334,87.0,0.058,49.0
7914,J. Evans,West Bromwich Albion,England,defender,2,0.12654000500803037,0.058609210681495064,0.21142361230831264,77.0,0.028,50.0
74,R. Klavan,Liverpool,England,defender,1,0.12625679215629784,0.0388141287915802,0.28340904903412495,85.0,0.099,51.0
143566,Douglas Santos,Hamburger SV,Germany,defender,1,0.12591111945745143,0.08958924941691082,0.17201190217189827,78.0,0.001,52.0
7939,A. Young,Manchester United,England,defender,2,0.12571393085763954,0.07768830106685615,0.2062675947985357,86.0,0.011,53.0
25710,A. Soumaoro,Lille,France,defender,0,0.12568409415389054,0.07464035146917912,0.1891432393756824,79.0,0.006,54.0
18669,J. Hector,Köln,Germany,defender,2,0.12552844722037287,0.057938615302932754,0.209263564203356,80.0,0.021,55.0
20436,José Ángel,Eibar,Spain,defender,0,0.1249098634647908,0.09272564671932455,0.1529443857646072,76.0,0.0,56.0
20803,M. Aguirregaray,Las Palmas,Spain,defender,0,0.12451188398554815,0.0711222564911837,0.18092902490089308,82.0,0.003,57.0
3560,Nacho Monreal,Arsenal,England,defender,5,0.1236574822565509,0.059385628634005566,0.20059200405683103,88.0,0.012,58.0
21607,F. Cacciatore,Chievo,Italy,defender,2,0.12353760968037825,0.07609568224878255,0.18580749691449516,82.0,0.003,59.0
254,R. Rosales,Málaga,Spain,defender,1,0.12245435140480151,0.091074130150223,0.1620662647807248,81.0,0.0,60.0
341751,Marc Navarro,Espanyol,Spain,defender,1,0.12240730447643446,0.026859940816316822,0.2477757818650355,94.0,0.061,61.0
11095,M. Veljkovic,Werder Bremen,Germany,defender,1,0.12240220241476328,0.07847410997366147,0.17415797873386685,86.0,0.001,62.0
26115,S. Sané,Hannover 96,Germany,defender,4,0.1219974629146555,0.07410128693228595,0.17887144865212024,87.0,0.004,63.0
22883,A. Izzo,Genoa,Italy,defender,1,0.12156247902235465,0.07484433819766749,0.1822436236645663,88.0,0.004,64.0
14885,D. Aogo,Stuttgart,Germany,defender,0,0.12152540777355228,0.08575046414720872,0.16753231906707033,85.0,0.001,65.0
15139,T. Chandler,Eintracht Frankfurt,Germany,defender,2,0.12087895451038588,0.05878745016049204,0.19732243989661916,91.0,0.02,66.0
6365,Bustinza,Leganés,Spain,defender,2,0.12087232370082315,0.045459812585424496,0.2194170948034763,79.5,0.03,67.0
25558,N. N'Koulou,Torino,Italy,defender,2,0.12074932071650449,0.052963821419652404,0.20164807015633562,89.0,0.013,68.0
15125,M. Plattenhardt,Hertha BSC,Germany,defender,0,0.11972882408695491,0.1035607227958133,0.13508425923748743,86.0,0.0,69.0
14887,J. Bruma,Wolfsburg,Germany,defender,0,0.11971197941471284,0.06327987784273754,0.18712205087508452,84.0,0.01,70.0
20433,S. Kjær,Sevilla,Spain,defender,2,0.11920386830542123,0.007391724450055031,0.2890105661478329,104.5,0.117,71.0
15122,D. Maroh,Köln,Germany,defender,0,0.11882840159363947,0.049209228982888605,0.2155196705465096,92.5,0.026,72.0
21842,C. Biraghi,Fiorentina,Italy,defender,1,0.1184528095142005,0.08112490724390459,0.16491954554150728,96.0,0.0,73.0
3920,Pedro López,Levante,Spain,defender,0,0.11793370947051557,0.06642900809106246,0.17880485896131637,102.0,0.005,74.0
192,J. Vuković,Hellas Verona,Italy,defender,1,0.11752943833066047,0.02888067082564945,0.2658447496533576,101.5,0.084,75.0
3468,Juan Cala,Getafe,Spain,defender,2,0.11741726975057468,0.007374069509030405,0.2801049642996447,123.5,0.093,76.0
286380,I. Diop,Toulouse,France,defender,3,0.11682583153279619,0.046899758037838385,0.20520696962611146,99.5,0.023,77.0
235450,A. Diallo,Mainz 05,Germany,defender,2,0.11611248837733286,0.055106734209886765,0.19648760756033734,108.0,0.013,78.0
3310,Marcelo,Real Madrid,Spain,defender,2,0.1148330118935952,0.07981500816030351,0.14929935110058332,100.0,0.0,79.0
138408,M. Škriniar,Internazionale,Italy,defender,4,0.114359726050072,0.05871382035359907,0.18587116013848917,109.5,0.004,80.0
19720,M. Gulde,Freiburg,Germany,defender,1,0.11413817467384269,0.07191493380173034,0.16557328483829292,101.0,0.0,81.0
14715,H. Badstuber,Stuttgart,Germany,defender,2,0.11327484720299345,0.03697103083332754,0.21516855109654026,119.0,0.023,82.0
6281,Zaldúa,Leganés,Spain,defender,1,0.11296293058002403,0.06784618766949208,0.17477143678049267,119.0,0.003,83.0
6513,Raúl García,Leganés,Spain,defender,0,0.11271955748891152,0.0752646818435586,0.15845679468022883,109.0,0.0,84.0
120717,O. Haddadi,Dijon,France,defender,1,0.11264621865252895,0.07438693689998407,0.1601882483504679,109.0,0.001,85.0
7978,P. Dummett,Newcastle United,England,defender,0,0.11249801699533828,0.05950896805993956,0.1698864802357684,109.5,0.002,86.0
6210,Aday,Girona,Spain,defender,2,0.11235228574510603,0.06799306588972961,0.16067346967395515,107.0,0.0,87.0
20390,I. Abate,Milan,Italy,defender,1,0.11228745282316206,0.06750688970770707,0.1701167886977224,114.0,0.0,88.0
25993,Hilton,Montpellier,France,defender,0,0.11193727727722136,0.06673696539348724,0.1586271863638808,111.5,0.001,89.0
92899,J. Holebas,Watford,England,defender,0,0.11167293528281716,0.08114686244871394,0.1439380039394157,111.0,0.0,90.0
15775,P. Verhaegh,Wolfsburg,Germany,defender,2,0.11141984388257915,0.0756595874871914,0.1504010418507866,115.0,0.0,91.0
209012,Kévin Rodrigues,Real Sociedad,Spain,defender,1,0.11081208402510871,0.052133259961971205,0.18996114893595706,125.0,0.01,92.0
14772,D. da Costa,Eintracht Frankfurt,Germany,defender,1,0.11077114623641235,0.019012800379207804,0.2339855769976158,123.5,0.048,93.0
3916,G. Cabral,Celta de Vigo,Spain,defender,1,0.11073534290973261,0.06567836570150042,0.1854798899927883,118.0,0.006,94.0
272378,P. Stenzel,Freiburg,Germany,defender,1,0.11065754596608064,0.07969849501532676,0.14180383192239135,114.0,0.0,95.0
300784,Jorge,Monaco,France,defender,1,0.109490494203425,0.0652382571940902,0.17941714057718938,126.0,0.006,96.0
10108,K. Long,Burnley,England,defender,1,0.10934934583267586,0.0506773121106354,0.18775476633272728,119.0,0.008,97.0
22185,B. Martella,Crotone,Italy,defender,1,0.10911553482368168,0.05365458457755304,0.1857411041709534,133.0,0.006,98.0
77,N. Moisander,Werder Bremen,Germany,defender,2,0.1088883012541969,0.06301180501216216,0.1659824456392527,131.5,0.001,99.0
20841,A. Masiello,Atalanta,Italy,defender,4,0.10739392294506414,0.04717679394885851,0.18570955637853398,130.0,0.008,100.0
216074,C. Günter,Freiburg,Germany,defender,1,0.10734861325347299,0.0776316180750662,0.14238617682176272,129.0,0.0,101.0
149389,J. Toljan,Borussia Dortmund,Germany,defender,1,0.10723979224522745,0.04240379896562672,0.20219237114625127,128.0,0.019,102.0
21469,G. Donati,Mainz 05,Germany,defender,0,0.10719257441639601,0.07788222485982538,0.13665217119697762,126.0,0.0,103.0
101742,C. Ansaldi,Torino,Italy,defender,1,0.10672909465577933,0.0697330957497183,0.14400882051986927,123.0,0.0,104.0
4892,José Gayá,Valencia,Spain,defender,0,0.10669978382782119,0.07866130379862021,0.13959636531073089,126.0,0.0,105.0
25854,K. Zouma,Stoke City,England,defender,1,0.10622741592415197,0.04954288397996195,0.17210273717589428,134.0,0.004,106.0
92966,K. Manolas,Roma,Italy,defender,2,0.10605028973242178,0.039706901036315224,0.19808400018810474,150.0,0.016,107.0
344864,C. Söyüncü,Freiburg,Germany,defender,1,0.10570102448063834,0.05634821768055548,0.1622770611942582,141.5,0.001,108.0
206318,D. Biraschi,Genoa,Italy,defender,0,0.10533869708352954,0.07516295021603678,0.1393918759398483,127.0,0.0,109.0
25553,Azpilicueta,Chelsea,England,defender,2,0.10514329490288617,0.0670172483049587,0.161083202017903,140.0,0.0,110.0
235606,T. Kehrer,Schalke 04,Germany,defender,2,0.1049740401572522,0.0542599019559081,0.1669486310728919,151.0,0.001,111.0
20495,M. Gobbi,Chievo,Italy,defender,0,0.10451929600739766,0.07062108561132842,0.14068473949282048,132.0,0.0,112.0
8582,A. Cresswell,West Ham United,England,defender,1,0.10439854818609401,0.05764538875849264,0.16340643171080202,135.0,0.001,113.0
282438,Aarón,Espanyol,Spain,defender,0,0.10438294214342766,0.07443125065555976,0.13759907507181912,134.5,0.0,114.0
3464,Luna,Levante,Spain,defender,0,0.10388876995955795,0.06891797078732904,0.14123857929577946,140.0,0.0,115.0
82340,T. Gebre Selassie,Werder Bremen,Germany,defender,3,0.10362433289576783,0.010320294518691266,0.23094489356821665,159.0,0.044,116.0
3351,Kiko Femenía,Watford,England,defender,1,0.10353715850305246,0.05636829357112001,0.17574463270218474,147.5,0.003,117.0
8360,C. Dawson,West Bromwich Albion,England,defender,2,0.10348171376331049,0.06774056882887423,0.1402709874393088,138.0,0.0,118.0
24838,G. Letizia,Benevento,Italy,defender,1,0.1033608118866917,0.060790363397715305,0.15717313882214468,152.0,0.0,119.0
135903,João Cancelo,Internazionale,Italy,defender,1,0.10215538632895119,0.06428478168870223,0.145739203448363,150.0,0.0,120.0
20842,F. Peluso,Sassuolo,Italy,defender,1,0.10184398495185927,0.03553104371043135,0.20247073356338824,177.0,0.016,121.0
70083,Danilo,Manchester City,England,defender,3,0.10149869632185872,0.0316507828795597,0.1969326832445136,157.5,0.013,122.0
51217,L. Augustinsson,Werder Bremen,Germany,defender,1,0.10124652689167611,0.05712287563829874,0.1584755888489416,161.0,0.0,123.0
8554,J. Tomkins,Crystal Palace,England,defender,3,0.1010645986185864,0.037780495961938484,0.17786564791708165,140.0,0.002,124.0
8004,C. Clark,Newcastle United,England,defender,2,0.10082723726613951,0.038511364399075106,0.1733727993382213,154.5,0.002,125.0
144884,C. Jullien,Toulouse,France,defender,1,0.1006918257675164,0.05573370042995542,0.16789255999790312,166.0,0.003,126.0
228768,J. Tah,Bayer Leverkusen,Germany,defender,0,0.1004666098692909,0.06681505439443927,0.13567425070081957,156.0,0.0,127.0
44251,Bruno Peres,Roma,Italy,defender,0,0.10038602778587323,0.05491342025432036,0.16171411040825517,154.0,0.002,128.0
4780,David Juncà,Eibar,Spain,defender,0,0.10031261076233472,0.06434350379839718,0.13415141586810128,149.0,0.0,129.0
8516,P. Bardsley,Burnley,England,defender,0,0.10005711623592403,0.0746420298446181,0.12717781455625238,152.0,0.0,130.0
3334,Dani Alves,PSG,France,defender,1,0.10004073487580646,0.05753114553170275,0.17427261042004252,168.0,0.003,131.0
397028,D. Zagadou,Borussia Dortmund,Germany,defender,1,0.09974445708685875,0.008803710839825715,0.2396117563169203,189.5,0.051,132.0
278007,F. Ricca,Málaga,Spain,defender,0,0.09961440366569865,0.04977666970876092,0.1564354608509664,165.5,0.0,133.0
3447,Juanfran,Atlético Madrid,Spain,defender,0,0.09959471334604425,0.05419193271477073,0.1483115939163494,158.0,0.0,134.0
38079,D. Opare,Augsburg,Germany,defender,0,0.09903167016586906,0.05734630549866851,0.14181327871355964,164.0,0.0,135.0
8643,M. Lowton,Burnley,England,defender,0,0.09901342498128436,0.0678606504820133,0.13018620028749017,151.5,0.0,136.0
70084,Alex Sandro,Juventus,Italy,defender,4,0.09900944132892187,0.04933327895153668,0.15909763382436057,168.0,0.001,137.0
20707,S. De Maio,Bologna,Italy,defender,2,0.09870903183008453,0.0590243906744089,0.14758460595345765,162.0,0.0,138.0
25726,K. Koulibaly,Napoli,Italy,defender,5,0.09830811672186647,0.03579346371359662,0.18128951612847993,162.0,0.002,139.0
3970,Gálvez,Las Palmas,Spain,defender,1,0.0982077730087119,0.044860617074681114,0.17327162977616173,188.0,0.003,140.0
69525,M. Pavlović,Angers,France,defender,2,0.0981971195895719,0.030923404161034552,0.17173094621457963,185.0,0.003,141.0
9277,S. Cook,AFC Bournemouth,England,defender,2,0.09806401153420388,0.031558727625505927,0.19243392082645408,187.0,0.01,142.0
8309,K. Rekik,Hertha BSC,Germany,defender,2,0.09797404934398071,0.03886319461316362,0.1641039980061442,160.0,0.001,143.0
214710,B. Dibassy,Amiens SC,France,defender,1,0.09758813944506738,0.05631055888555879,0.14841774031984656,170.0,0.0,144.0
278289,Odriozola,Real Sociedad,Spain,defender,0,0.09733584597233451,0.06237778405041696,0.13335504043961477,169.0,0.0,145.0
257028,D. Calabria,Milan,Italy,defender,1,0.09732287475378446,0.058104336674165424,0.13840763603998674,171.0,0.0,146.0
70451,Luisinho,Deportivo La Coruña,Spain,defender,1,0.09726303873110137,0.05590246587262248,0.15048248067134137,174.0,0.0,147.0
14716,J. Boateng,Bayern München,Germany,defender,1,0.09708467997092768,0.0530904537970185,0.15424748505284114,171.0,0.0,148.0
3304,Nacho,Real Madrid,Spain,defender,3,0.09697226887981499,0.022124915799163484,0.1918746424730771,168.5,0.017,149.0
250805,Djené,Getafe,Spain,defender,1,0.09663150256384097,0.055446438864041304,0.14154461704898086,177.0,0.0,150.0
14922,R. Rodríguez,Milan,Italy,defender,1,0.09639091519185455,0.06608876184498455,0.1349842724564013,170.5,0.0,151.0
15103,F. Lustenberger,Hertha BSC,Germany,defender,0,0.0963598003712794,0.06007349670927736,0.13275103597675533,175.0,0.0,152.0
173212,N. Stark,Hertha BSC,Germany,defender,1,0.09629395512193245,0.04968706182456437,0.16025790233628304,180.0,0.001,153.0
20612,S. Mustafi,Arsenal,England,defender,3,0.09604875926285053,0.04182192912973573,0.15731324385542153,172.0,0.002,154.0
93003,D. Siovas,Leganés,Spain,defender,1,0.09599197539042914,0.013239385709368511,0.18809820652055792,171.0,0.011,155.0
28908,F. Guilbert,Caen,France,defender,1,0.09589382202247448,0.07218120911279828,0.12135680152641752,177.0,0.0,156.0
21550,Gabriel Silva,Saint-Étienne,France,defender,1,0.09580395675236487,0.05211677850039596,0.15712117093165093,198.0,0.0,157.0
352988,D. Upamecano,RB Leipzig,Germany,defender,3,0.09570801121597837,0.04737078946785194,0.16421418784614736,166.0,0.001,158.0
278288,Aritz Elustondo,Real Sociedad,Spain,defender,3,0.09553674140619019,0.0485581112901072,0.16002389749810061,195.5,0.003,159.0
25643,K. Théophile Catherine,Saint-Étienne,France,defender,0,0.09551724233793371,0.07277001478348338,0.12080272818155831,170.0,0.0,160.0
37745,J. Lukaku,Lazio,Italy,defender,1,0.09540314569085206,0.03275824715930616,0.18526122358420571,193.5,0.009,161.0
50102,F. Schär,Deportivo La Coruña,Spain,defender,2,0.09535414088639856,-0.010269750468819129,0.21897057785284135,174.0,0.038,162.0
224593,J. Kimmich,Bayern München,Germany,defender,1,0.0946577633783961,0.07183187277944857,0.1224849574202845,175.0,0.0,163.0
346101,T. Alexander-Arnold,Liverpool,England,defender,1,0.09457272792307728,0.04537903913335901,0.162818108750932,184.0,0.0,164.0
5281,A. Nyom,West Bromwich Albion,England,defender,0,0.09439320167644598,0.061229768365554146,0.12918055307616394,181.0,0.0,165.0
3974,D. Suárez,Getafe,Spain,defender,1,0.09428577113274797,0.0520923355805349,0.1493760566945896,183.0,0.0,166.0
16843,D. Heintz,Köln,Germany,defender,1,0.09423818529182441,0.05307975629886843,0.1391343058021358,191.5,0.0,167.0
3795,H. Moreno,Real Sociedad,Italy,defender,1,0.09411197960355346,0.029002958953980012,0.19312940442940954,200.5,0.013,168.0
56009,R. Durmisi,Real Betis,Spain,defender,2,0.09401621997341636,0.02815831522468989,0.19375256493692855,206.0,0.013,169.0
50805,F. Helander,Bologna,Italy,defender,0,0.09401455356337086,0.06633601130388246,0.12355766560408775,177.0,0.0,170.0
65254,K. Wimmer,Stoke City,England,defender,0,0.09382500176024354,0.0541112962555018,0.14018724195823892,180.0,0.0,171.0
99410,M. Kamiński,Stuttgart,Germany,defender,0,0.09376045153600307,0.05612173146329793,0.13707043384121373,178.0,0.0,172.0
22732,F. Pisacane,Cagliari,Italy,defender,0,0.09370334420603552,0.03499090794341357,0.1638339710045971,187.0,0.001,173.0
64966,M. Suttner,Brighton & Hove Albion,England,defender,0,0.09369504136982061,0.06589406471975572,0.12275845241767286,186.0,0.0,174.0
107,E. Pieters,Stoke City,England,defender,0,0.09351121990211365,0.05482015599940649,0.13580685071259288,192.0,0.0,175.0
284,M. van der Hoorn,Swansea City,England,defender,1,0.0934530358910313,0.0541426146390359,0.1344968439329837,179.0,0.0,176.0
236528,N. Elvedi,Borussia M'gladbach,Germany,defender,2,0.0931670694703429,0.05267601820845099,0.14243778935242465,203.5,0.002,177.0
295176,R. Gosens,Atalanta,Italy,defender,1,0.09315781210548747,0.023014164536559686,0.1952287333222173,214.0,0.012,178.0
14853,C. Fuchs,Leicester City,England,defender,0,0.09269361758042614,0.06275690110171141,0.12220452996982299,184.5,0.0,179.0
99661,T. Cionek,SPAL,Italy,defender,1,0.09265818097397564,0.022357448163496652,0.19573243879295868,211.5,0.017,180.0
3408,Saborit,Athletic Club,Spain,defender,0,0.09213353598654216,0.05481068598270607,0.12962404886243753,198.0,0.0,181.0
91702,J. Mojica,Girona,Spain,defender,0,0.09203236198608532,0.057485427715767576,0.1347241246793617,189.0,0.0,182.0
8944,B. Mee,Burnley,England,defender,0,0.09194975135294095,0.058049428331868935,0.12571441812825587,188.5,0.0,183.0
20929,A. Gamberini,Chievo,Italy,defender,0,0.09117733177274559,-0.00022344575518529466,0.1769734067610355,181.5,0.001,184.0
15449,M. Mavraj,Hamburger SV,Germany,defender,0,0.09112873646150575,0.05916609189165173,0.13201309353927315,198.5,0.0,185.0
15772,M. Ostrzolek,Hannover 96,Germany,defender,0,0.09112825949071082,0.062357756060506635,0.11998188162040471,196.0,0.0,186.0
26528,R. Genevois,Caen,France,defender,0,0.0911051311536758,0.0592155478837025,0.12462980221069847,192.0,0.0,187.0
8945,K. Trippier,Tottenham Hotspur,England,defender,0,0.0910123445004997,0.06129840803080927,0.1272766640367346,199.0,0.0,188.0
341973,N. Mukiele,Montpellier,France,defender,0,0.09011526011781469,0.06290673590231324,0.12034171812007222,195.5,0.0,189.0
230862,Lekue,Athletic Club,Spain,defender,0,0.08997640457265497,0.04685413532264545,0.13805451382749487,210.0,0.0,190.0
7918,P. Jones,Manchester United,England,defender,0,0.0899754600075575,0.05972615890007337,0.12414150959817742,199.0,0.0,191.0
25846,Y. Andreu,Angers,France,defender,0,0.08997068352217967,0.06798111065302688,0.11331870695470253,200.0,0.0,192.0
26373,S. Souprayen,Hellas Verona,Italy,defender,0,0.08983681258421719,0.06115390606703382,0.1185804178897337,208.5,0.0,193.0
296341,Bernardo,RB Leipzig,Germany,defender,1,0.08983107870655659,0.043392314720425894,0.1347216897066425,208.0,0.0,194.0
270866,Diego Carlos,Nantes,France,defender,1,0.0897653053393494,0.004502362280890847,0.21455893477592985,272.5,0.03,195.0
4936,David Simón,Las Palmas,Spain,defender,0,0.08966409158108961,0.03551303105786427,0.17700328455705058,213.5,0.006,196.0
223516,R. Bauer,Werder Bremen,Germany,defender,0,0.08938924329543649,0.03780876649154066,0.1451908457624794,200.5,0.0,197.0
350976,B. Chilwell,Leicester City,England,defender,0,0.08892235051711839,0.0556907503345461,0.12268921485893507,215.5,0.0,198.0
4238,Míchel,Las Palmas,Spain,defender,0,0.08878639665107202,0.06900277076451214,0.11191551874487704,211.0,0.0,199.0
272434,W. Anton,Hannover 96,Germany,defender,1,0.08857901771622277,0.05040120319825172,0.13316857192357853,219.0,0.0,200.0
20869,N. Murru,Sampdoria,Italy,defender,0,0.08843148286757639,0.04784395329330143,0.14190558839137363,213.5,0.0,201.0
4360,Juanpe,Girona,Spain,defender,5,0.0884023536873624,0.03224124403665584,0.16451215515726983,226.0,0.003,202.0
25625,L. Baal,Rennes,France,defender,0,0.08829929372978909,0.06588726156316252,0.11065376020834988,213.0,0.0,203.0
14904,J. Sala,Sampdoria,Italy,defender,0,0.08820668005459163,0.03199030802756289,0.15870932677806832,228.0,0.003,204.0
93000,Antunes,Getafe,Spain,defender,0,0.08793789669205315,0.06324405744657034,0.11393160692995884,210.0,0.0,205.0
14748,A. Rüdiger,Chelsea,England,defender,2,0.08775531736796997,0.04441733659088109,0.14870208520642816,224.0,0.0,206.0
21094,D. D'Ambrosio,Internazionale,Italy,defender,2,0.0877233905466072,0.038774450707378,0.15859668955635423,221.0,0.002,207.0
102,Marcelo,Olympique Lyonnais,France,defender,3,0.08754844572130334,0.045716031629855956,0.14601101076009892,239.0,0.001,208.0
4094,Ander Capa,Eibar,Spain,defender,0,0.08752194308952349,0.05739851316545405,0.1330171356160346,225.0,0.0,209.0
3434,Filipe Luis,Atlético Madrid,Spain,defender,1,0.08732692870793715,0.03479807978886997,0.15315070697284053,256.5,0.001,210.0
225022,Rubén Duarte,Deportivo Alavés,Spain,defender,0,0.08709016808770291,0.06256029674205552,0.11387311371727578,222.0,0.0,211.0
49919,F. Moubandje,Toulouse,France,defender,0,0.08659500115688457,0.06030375111563221,0.11157227217798349,221.0,0.0,212.0
225996,Diego Llorente,Real Sociedad,Spain,defender,3,0.08642967386138374,0.007136781777280833,0.19431600451770925,237.0,0.012,213.0
3421,De Marcos,Athletic Club,Spain,defender,1,0.08633964222995504,0.020557773492118285,0.18891797299431,244.0,0.011,214.0
4452,Yuri Berchiche,PSG,France,defender,2,0.08602953662588465,0.03458019956925965,0.17531469336000008,241.0,0.004,215.0
7982,D. Santon,Internazionale,Italy,defender,0,0.085960927833656,0.05292954179188772,0.11772114371027834,229.5,0.0,216.0
20395,M. De Sciglio,Juventus,Italy,defender,1,0.08592700616271916,0.0320443363147352,0.14368673138573618,222.0,0.0,217.0
15798,A. Beck,Stuttgart,Germany,defender,1,0.08581800268307062,0.040645271768513846,0.13416951284024758,232.5,0.0,218.0
14888,D. Diekmeier,Hamburger SV,Germany,defender,0,0.08580378749982222,0.055430731020207305,0.11580418530498986,228.0,0.0,219.0
29588,E. Seka,Strasbourg,France,defender,1,0.08569939989902998,0.03615315732483283,0.1514270086946023,244.0,0.001,220.0
8433,S. Ward,Burnley,England,defender,1,0.08558483307221076,0.05371988489923567,0.12135310836904457,229.0,0.0,221.0
7938,A. Valencia,Manchester United,England,defender,3,0.08530147130183152,0.03804102448517252,0.147655074788058,238.0,0.0,222.0
3463,F. Fazio,Roma,Italy,defender,2,0.08529993192233845,0.029775471634194858,0.16891300859931996,254.0,0.002,223.0
248950,Samir,Udinese,Italy,defender,2,0.08513148282126273,0.04378761593392733,0.13096245765851663,236.0,0.0,224.0
228639,Y. Gerhardt,Wolfsburg,Germany,defender,1,0.08492269477735469,0.026634456958471216,0.16949851094494603,249.0,0.004,225.0
279533,Mario Hermoso,Espanyol,Spain,defender,1,0.08482155324598623,-0.0030654557346678018,0.22578542742600652,260.0,0.033,226.0
105361,I. Strinić,Sampdoria,Italy,defender,0,0.0847835639679472,0.04554857397984998,0.13585027201836236,232.5,0.0,227.0
15069,W. Orban,RB Leipzig,Germany,defender,3,0.0845279759096258,0.013683235751602272,0.16065528892003292,256.5,0.001,228.0
22377,I. M'baye,Bologna,Italy,defender,1,0.0844379782173257,0.050384091163105264,0.12198888793333339,234.0,0.0,229.0
25786,D. Congré,Montpellier,France,defender,1,0.08441872422624551,0.038319967505089335,0.15572678176779142,248.0,0.001,230.0
8186,S. Dann,Crystal Palace,England,defender,1,0.08404333466781022,0.00437200897091427,0.21108831152620303,261.5,0.026,231.0
16884,J. Korb,Hannover 96,Germany,defender,1,0.08392250022628965,0.018651216906336008,0.16791164925613558,267.0,0.005,232.0
21162,P. Cannavaro,Sassuolo,Italy,defender,0,0.083910173981306,0.04489867238875848,0.133277140945754,240.0,0.0,233.0
25878,T. Heurtaux,Hellas Verona,Italy,defender,0,0.08388061800766308,0.034733996096815795,0.13840521193645117,239.0,0.0,234.0
3667,De La Bella,Real Sociedad,Spain,defender,0,0.08371539663013791,0.04940977009860768,0.12098643369414097,233.0,0.0,235.0
365441,R. van Drongelen,Hamburger SV,Germany,defender,0,0.08345537276441424,0.0515680942129199,0.11760484137858807,237.5,0.0,236.0
3300,Albiol,Napoli,Italy,defender,3,0.08340919825888503,0.0300506485065203,0.15219472139146908,249.0,0.001,237.0
340646,B. Pavard,Stuttgart,Germany,defender,1,0.08335525570345505,0.06085362053575474,0.10702120784252767,234.0,0.0,238.0
8268,B. Assou-Ekotto,Metz,France,defender,0,0.08334831267009592,0.05491595654294664,0.11650197043257245,238.0,0.0,239.0
703,M. Yoshida,Southampton,England,defender,2,0.08298741021082406,0.02612981639007108,0.14443389612710097,255.0,0.0,240.0
393284,C. Traoré,Troyes,France,defender,0,0.0829596543210678,0.06220934816171673,0.10394548367798784,244.0,0.0,241.0
14803,S. Bender,Bayer Leverkusen,Germany,defender,2,0.08259272142205082,0.023629060179398233,0.16958115181272782,288.5,0.003,242.0
25526,J. Martins-Pereira,Guingamp,France,defender,0,0.08256783383599678,0.037368789330066376,0.15490318538609374,261.5,0.002,243.0
25990,M. Deplagne,Troyes,France,defender,0,0.08252930258930623,0.05938569212405365,0.10561599411219466,246.0,0.0,244.0
7919,M. Keane,Everton,England,defender,0,0.08245340475197746,0.04184205697308222,0.12806236036001262,254.0,0.0,245.0
65075,M. Hinteregger,Augsburg,Germany,defender,0,0.08227940935857556,0.05131960973108044,0.11732862642237106,243.0,0.0,246.0
49971,M. Bauer,Stoke City,England,defender,0,0.08226933305469146,0.04920053239079153,0.10975662165425841,248.0,0.0,247.0
28529,Y. Sabaly,Bordeaux,France,defender,0,0.08219623724386332,0.057973260562189585,0.10922154733305312,249.0,0.0,248.0
14718,Rafinha,Bayern München,Germany,defender,1,0.08198379907622255,0.05708372071791812,0.11095891305152902,250.0,0.0,249.0
29474,R. Thomas,Angers,France,defender,2,0.08166863976097403,0.011885184297069303,0.19379620716800366,304.5,0.012,250.0
489488,Martín,Deportivo Alavés,Spain,defender,0,0.08146305657238317,0.057311217523760075,0.10526324819078982,249.5,0.0,251.0
284960,L. Venuti,Benevento,Italy,defender,0,0.08143910861335953,0.05822769111062807,0.10940270678860674,252.0,0.0,252.0
8653,H. Maguire,Leicester City,England,defender,2,0.08118316664066245,0.03397706582891191,0.1376861184641423,265.5,0.0,253.0
246866,A. Mawson,Swansea City,England,defender,2,0.08110088546970987,0.02722836390115976,0.13856485747025635,263.5,0.0,254.0
3270,Barragán,Real Betis,Spain,defender,0,0.08103682290342099,0.05014925355664644,0.11248406075527652,252.0,0.0,255.0
18579,M. Halstenberg,RB Leipzig,Germany,defender,2,0.08098182018313343,0.02718352822001576,0.16180952594009795,285.0,0.003,256.0
340,Cuco Martina,Everton,England,defender,0,0.08090981333265673,0.05599918008719932,0.10704266966562084,257.0,0.0,257.0
9097,L. Dunk,Brighton & Hove Albion,England,defender,1,0.08088942545908141,0.04289968405771394,0.13173018548416812,253.5,0.001,258.0
18670,L. Kübler,Freiburg,Germany,defender,0,0.08086129070672617,0.044775122890710985,0.11880160692432701,259.0,0.0,259.0
25393,D. Lovren,Liverpool,England,defender,2,0.0807682461102174,0.03650953485282733,0.1265558834783311,255.5,0.0,260.0
9279,S. Francis,AFC Bournemouth,England,defender,0,0.08076223935408845,0.05251976637611053,0.10877444651433642,259.0,0.0,261.0
16443,L. Balogun,Mainz 05,Germany,defender,0,0.08071442257840353,0.0384719162510357,0.13064665488957253,261.0,0.0,262.0
22313,V. Laurini,Fiorentina,Italy,defender,0,0.08064842058655139,0.056139845164312106,0.10817107186525242,257.0,0.0,263.0
20458,A. Barzagli,Juventus,Italy,defender,0,0.08057501336687138,0.05974752568819905,0.10691881811868255,259.0,0.0,264.0
8292,D. Rose,Tottenham Hotspur,England,defender,0,0.08054640557859936,0.05122242795977989,0.11253224897820356,262.5,0.0,265.0
247169,Diego González,Málaga,Spain,defender,1,0.08031496984829574,0.00459389263365149,0.20432346559797676,302.0,0.019,266.0
3671,Íñigo Martínez,Athletic Club,Spain,defender,1,0.08026602654874358,0.03909814953152917,0.13153144833244274,270.0,0.0,267.0
344068,Unai Núñez,Athletic Club,Spain,defender,1,0.08008908295611877,0.032562139233660276,0.13298714001579262,272.0,0.0,268.0
14687,S. Papastathopoulos,Borussia Dortmund,Germany,defender,2,0.07954567535666802,0.03813543170821081,0.13968694721126795,269.5,0.0,269.0
8553,W. Reid,West Ham United,England,defender,0,0.07952836347181877,0.04426114699340549,0.11679453364595054,263.0,0.0,270.0
227894,J. Giménez,Atlético Madrid,Spain,defender,1,0.07911338134298831,0.005822827246067341,0.19548536371366568,288.5,0.009,271.0
3496,Sergio Postigo,Levante,Spain,defender,1,0.07903879102319124,0.025965857727377386,0.1382039918800691,263.0,0.0,272.0
258253,B. Henrichs,Bayer Leverkusen,Germany,defender,0,0.07849939260052692,0.0043684635172475065,0.15232677498208239,281.0,0.002,273.0
252365,D. Yedlin,Newcastle United,England,defender,0,0.0782936935386705,0.04671673720808722,0.10960212440400771,266.0,0.0,274.0
136441,B. Davies,Tottenham Hotspur,England,defender,2,0.07796187060467376,0.04575231501070882,0.1126052220908433,280.0,0.0,275.0
5383,Toño,Levante,Spain,defender,0,0.07781077300144305,0.02665399923655824,0.12276346636522804,267.5,0.0,276.0
4501,Daniel Carvajal,Real Madrid,Spain,defender,0,0.07771085608815051,0.04864509566935186,0.11129450994506673,275.0,0.0,277.0
8221,J. Ward,Crystal Palace,England,defender,0,0.07762499611408255,0.05133804861482872,0.10721052013572999,280.0,0.0,278.0
131184,Ali Adnan,Udinese,Italy,defender,0,0.0774822128429492,0.04548623422952056,0.11171117488786061,277.0,0.0,279.0
20635,F. Acerbi,Sassuolo,Italy,defender,0,0.07743608196351544,0.049828648687795594,0.1045964659846501,272.0,0.0,280.0
14796,C. Löwe,Huddersfield Town,England,defender,0,0.07732773437117135,0.04399247235016478,0.11725652410257449,275.0,0.0,281.0
26633,A. Souquet,Nice,France,defender,0,0.07729768584704722,0.05824746016345348,0.10026052368160865,285.0,0.0,282.0
21100,A. Ogbonna,West Ham United,England,defender,1,0.076912949697847,0.026107427791589272,0.1479093469455238,276.0,0.002,283.0
3534,Jaume Costa,Villarreal,Spain,defender,0,0.07688432346718169,0.051747571060171346,0.10136466945664419,283.0,0.0,284.0
99833,B. Bereszyński,Sampdoria,Italy,defender,0,0.07676417696882953,0.04729116047526406,0.10550461894465192,278.0,0.0,285.0
8245,P. Jagielka,Everton,England,defender,0,0.07674675330915207,0.04395663370979578,0.11078276003046632,281.0,0.0,286.0
26265,V. Manceau,Angers,France,defender,0,0.07667425564976507,0.0550591092847789,0.09762743252118744,284.0,0.0,287.0
40657,Wendell,Bayer Leverkusen,Germany,defender,1,0.07666701071426779,0.046357044921046066,0.11195589757383506,296.0,0.0,288.0
5472,Luis Hernández,Málaga,Spain,defender,0,0.07657519966924634,0.047856575773698694,0.10778131032093408,280.0,0.0,289.0
222766,Bruno Gaspar,Fiorentina,Italy,defender,0,0.07645371846112324,0.03577658328314118,0.12180567503630398,287.0,0.0,290.0
20680,F. Sørensen,Köln,Germany,defender,2,0.07636889093526435,0.036222236996339384,0.1289493226165854,286.0,0.0,291.0
11078,T. Smith,Huddersfield Town,England,defender,0,0.07632132123542427,0.03500135783610418,0.126622613042811,295.0,0.0,292.0
51064,E. Krafth,Bologna,Italy,defender,0,0.07631976256492647,0.04586127127873123,0.11845526275077244,296.0,0.0,293.0
25864,L. Perrin,Saint-Étienne,France,defender,0,0.0762508724641681,0.051502152198721736,0.10061626699314694,285.0,0.0,294.0
25638,D. Foulquier,Strasbourg,France,defender,0,0.07621819200951206,0.03839830204797573,0.11831824353563891,294.0,0.0,295.0
3338,Sergi Gómez,Celta de Vigo,Spain,defender,1,0.07617978530217238,0.0394576929728504,0.121631998289274,293.5,0.0,296.0
4272,Ximo Navarro,Las Palmas,Spain,defender,0,0.07605772862936064,0.03637247594515513,0.11730965223946177,294.5,0.0,297.0
208694,Rodrigo Ely,Deportivo Alavés,Spain,defender,1,0.07598606969745637,0.023136926159372753,0.15900842821323258,306.5,0.003,298.0
32959,P. Pekarík,Hertha BSC,Germany,defender,0,0.07590073006849976,0.04251963506523355,0.12149453900413934,293.0,0.0,299.0
8136,J. Stephens,Southampton,England,defender,2,0.0758799848424011,-0.00911164512178673,0.1699000771927918,338.0,0.008,300.0
20518,Juan Jesus,Roma,Italy,defender,0,0.07575636215777598,0.03758261131678366,0.11823273489869658,278.5,0.0,301.0
393214,V. Rosier,Dijon,France,defender,0,0.07556407434786071,0.05093680273814491,0.10019255158867997,297.0,0.0,302.0
38532,E. Zukanović,Genoa,Italy,defender,0,0.0754084490787189,0.044241892486384986,0.10735338021638707,291.0,0.0,303.0
146588,A. Romagnoli,Milan,Italy,defender,2,0.07533738105361182,0.027392702415517726,0.1300751742901731,293.0,0.0,304.0
25785,S. Aurier,Tottenham Hotspur,England,defender,2,0.07530436336714419,0.023533657019778623,0.14579183624985248,301.5,0.001,305.0
70139,E. Insúa,Stuttgart,Germany,defender,0,0.07528141150794422,0.04285536554068283,0.10575852114983197,291.0,0.0,306.0
27958,T. Pellenard,Bordeaux,France,defender,0,0.07525616217030094,0.04295454387272288,0.11406846205220271,295.5,0.0,307.0
228963,H. Traoré,Rennes,France,defender,0,0.07518452116849077,0.05746092882939024,0.09110328189053114,286.5,0.0,308.0
86328,G. Pezzella,Fiorentina,Italy,defender,1,0.07518115643540885,0.035128705800980736,0.13420549039474,320.0,0.0,309.0
25392,B. Koné,Strasbourg,France,defender,1,0.07456438606162298,0.004185083088037074,0.18923405840720228,332.5,0.013,310.0
49856,D. Abraham,Eintracht Frankfurt,Germany,defender,0,0.07455939725834672,0.04110606566597058,0.1115633775620659,293.0,0.0,311.0
26134,P. Gouano,Amiens SC,France,defender,0,0.07447770889858993,0.04765083439977854,0.10125910676131471,300.0,0.0,312.0
1712,K. Tete,Olympique Lyonnais,France,defender,1,0.07447173518361717,0.041766790548200615,0.11719078912432992,301.0,0.0,313.0
134383,N. Süle,Bayern München,Germany,defender,2,0.07443519289030039,0.04239322424202341,0.12491053505316166,296.0,0.0,314.0
25791,S. Yago,Toulouse,France,defender,0,0.07416496066326382,0.03742671491905218,0.11130671532794544,304.5,0.0,315.0
112377,O. Vizcarrondo,Troyes,France,defender,0,0.07387941200297454,0.009907285878251947,0.1294770445875094,280.0,0.0,316.0
286917,F. Touré,Lille,France,defender,0,0.07382576421610576,0.04847364963446567,0.1032874514756818,302.5,0.0,317.0
258252,L. Klostermann,RB Leipzig,Germany,defender,1,0.07374995647533299,0.0260925375983934,0.14214603144004256,329.5,0.0,318.0
21279,E. Moretti,Torino,Italy,defender,0,0.07365841260630922,0.0405271086796741,0.11662028641776115,305.0,0.0,319.0
15014,O. Wendt,Borussia M'gladbach,Germany,defender,1,0.07365159249444221,0.027579390613286195,0.13549949810843476,322.0,0.001,320.0
282799,S. Posch,Hoffenheim,Germany,defender,0,0.07361964911698594,0.04006306202171582,0.11268370971436763,299.0,0.0,321.0
354123,Pol Lirola,Sassuolo,Italy,defender,0,0.07355070211548917,0.03443363053292455,0.11219984156692651,291.5,0.0,322.0
4086,Bóveda,Deportivo La Coruña,Spain,defender,0,0.07336762048142909,0.04375833116086208,0.10642599213374498,308.0,0.0,323.0
14869,S. Kolašinac,Arsenal,England,defender,2,0.07336620146411864,0.038201310518216625,0.1252849185869555,326.5,0.0,324.0
337682,F. Uduokhai,Wolfsburg,Germany,defender,1,0.07322215211155765,-0.0051720234838882355,0.17117110590318288,329.5,0.004,325.0
3269,Jordi Alba,Barcelona,Spain,defender,2,0.07291262785550441,0.043591638941299124,0.10863565522325588,311.0,0.0,326.0
20808,E. Muñoz,Leganés,Spain,defender,0,0.07289661740831968,0.019012086168753887,0.12903442189266728,323.0,0.0,327.0
144867,K. Malcuit,Lille,France,defender,0,0.0727350718063259,0.047296754133893594,0.09912196405956662,312.0,0.0,328.0
3806,Javi López,Espanyol,Spain,defender,0,0.07270070099204277,0.041916711549801734,0.10405161195540809,296.0,0.0,329.0
49857,A. Ajeti,Crotone,Italy,defender,0,0.07269154910222256,0.00920249577836247,0.14004224631353124,311.0,0.0,330.0
8192,M. Olsson,Swansea City,England,defender,0,0.07254371237943234,0.04696903956786679,0.099356243028373,316.0,0.0,331.0
3335,Bartra,Real Betis,Germany,defender,3,0.07249206001884584,0.029697124341228717,0.12373730317521506,309.5,0.0,332.0
393247,I. Konaté,RB Leipzig,Germany,defender,0,0.07248225366714921,0.029143750783520363,0.11694482741165967,324.0,0.0,333.0
4424,Jonny,Celta de Vigo,Spain,defender,2,0.07237843107765783,0.03474164664593794,0.12825723785992613,330.5,0.0,334.0
15806,J. Vestergaard,Borussia M'gladbach,Germany,defender,3,0.07228226610546663,0.029053522601282508,0.12353142234402295,329.0,0.0,335.0
25534,I. Cissokho,Amiens SC,France,defender,0,0.07214129418003098,0.038624812926961245,0.10262961918963925,321.0,0.0,336.0
352986,K. Amian,Toulouse,France,defender,1,0.07207501812432875,0.013949024260643273,0.14278986544398375,336.5,0.0,337.0
403449,Rogério,Sassuolo,Italy,defender,0,0.07206564218447337,0.044933132497345145,0.10027149236026689,307.0,0.0,338.0
366563,V. Selimovic,Metz,France,defender,0,0.07175206437019244,0.03256831296711031,0.10845871759903893,314.0,0.0,339.0
70959,Edgar Ié,Lille,France,defender,1,0.07153306997565398,0.028091953342131964,0.1473177935364093,333.0,0.001,340.0
213308,J. Alonso,Lille,France,defender,2,0.07124333157621375,0.020084521126481174,0.13256290507832644,318.0,0.0,341.0
14917,R. Knoche,Wolfsburg,Germany,defender,1,0.07120418086210577,0.04452866408334744,0.10291848318332884,317.5,0.0,342.0
235597,T. Baumgartl,Stuttgart,Germany,defender,0,0.07112567694768268,0.04643329567035229,0.09321613442644766,321.0,0.0,343.0
26021,S. Falette,Eintracht Frankfurt,France,defender,1,0.07100417460722279,0.035584114877387815,0.10883331001812747,319.5,0.0,344.0
215281,A. Mbengue,Caen,France,defender,0,0.07093513945563393,0.04475832908571422,0.10241824470452682,324.0,0.0,345.0
112366,M. Layún,Sevilla,Spain,defender,2,0.07088973238156732,0.024786263632014218,0.1331899654300328,330.5,0.0,346.0
134392,K. Akpoguma,Hoffenheim,Germany,defender,0,0.07071314592796434,0.04459869770341542,0.09948117951208589,329.0,0.0,347.0
20550,Ş. Radu,Lazio,Italy,defender,0,0.07059823819050202,0.051283982627451645,0.09109189975307072,327.5,0.0,348.0
159,J. Gouweleeuw,Augsburg,Germany,defender,0,0.07011192088346897,0.036626369964458234,0.09997610444230436,319.0,0.0,349.0
3531,C. Zapata,Milan,Italy,defender,0,0.0699626579621646,0.024504962020647003,0.11713571934638929,330.5,0.0,350.0
7853,K. Gibbs,West Bromwich Albion,England,defender,0,0.06961607723201081,0.04263468510782775,0.09511466674012206,327.0,0.0,351.0
48,J. Vertonghen,Tottenham Hotspur,England,defender,0,0.06958207445223033,0.05443008702627836,0.08262965258096037,331.0,0.0,352.0
397168,T. Fosu-Mensah,Crystal Palace,England,defender,0,0.06953242623551711,0.02307829388938055,0.11481692831440449,336.0,0.0,353.0
20636,M. Andreolli,Cagliari,Italy,defender,0,0.0694839453723963,0.03961363506981479,0.1033318332225507,330.0,0.0,354.0
286825,J. Kenny,Everton,England,defender,0,0.0694739606475895,0.03982449486775023,0.10053722191824489,334.0,0.0,355.0
14800,M. Schmelzer,Borussia Dortmund,Germany,defender,0,0.0693854348439873,0.04568478604296289,0.09184269591963616,333.0,0.0,356.0
4786,Iván Balliu,Metz,France,defender,0,0.06929307009442107,0.03998600513738942,0.09699118674079621,336.0,0.0,357.0
214628,J. Amavi,Olympique Marseille,France,defender,0,0.06928633697065009,0.04421826858481675,0.09899036002715526,332.5,0.0,358.0
3277,Víctor Ruíz,Villarreal,Spain,defender,2,0.0692718144305289,0.0053044686293476605,0.14611686950017233,338.5,0.0,359.0
9285,C. Daniels,AFC Bournemouth,England,defender,1,0.06924807614331724,0.040477866182096915,0.1056304202670727,340.0,0.0,360.0
26196,D. Sidibé,Monaco,France,defender,2,0.06910234155303181,0.033968709625072604,0.1139715933622747,341.5,0.0,361.0
14857,K. Papadopoulos,Hamburger SV,Germany,defender,1,0.0686994130689427,0.028052421398429908,0.12091827220650626,354.5,0.0,362.0
14775,B. Oczipka,Schalke 04,Germany,defender,0,0.06843319591384354,0.026058159253018576,0.10586349789964677,336.0,0.0,363.0
20866,D. Astori,Fiorentina,Italy,defender,1,0.0683601801936105,0.03911321000019316,0.09814960492353006,339.5,0.0,364.0
94695,H. Sakai,Olympique Marseille,France,defender,0,0.06834844105681721,0.04506890614594438,0.09535317665590845,344.0,0.0,365.0
15178,S. Bell,Mainz 05,Germany,defender,1,0.06832456107163222,0.02122385257853029,0.15087695146561994,361.5,0.001,366.0
134502,A. Laporte,Athletic Club,England,defender,0,0.06825251595124397,0.04291177962666695,0.09623043201677456,338.0,0.0,367.0
3339,Montoya,Valencia,Spain,defender,0,0.06819096361916202,0.0455714539160339,0.0933174829046613,343.0,0.0,368.0
3347,Sergi Roberto,Barcelona,Spain,defender,1,0.06806723095490494,0.030282668044309666,0.11275620108642476,352.0,0.0,369.0
3529,Mario,Villarreal,Spain,defender,2,0.06796276097517119,0.019926189908686012,0.14016963032949034,371.0,0.001,370.0
44510,Vitor Hugo,Fiorentina,Italy,defender,1,0.06795275894468081,-0.00522826103127968,0.17751441962158815,354.5,0.011,371.0
334720,R. Bensebaini,Rennes,France,defender,0,0.06780868780397928,0.038523403671818245,0.10120246423107324,339.0,0.0,372.0
119951,Ahmed Hegazy,West Bromwich Albion,England,defender,2,0.06777717567518482,0.005213029653321101,0.143838527795507,368.0,0.003,373.0
3523,F. Lejeune,Newcastle United,England,defender,0,0.06744143053756092,0.03971515786842382,0.09820558321515582,348.0,0.0,374.0
68085,C. Kabasele,Watford,England,defender,2,0.06711305734518358,-0.004047741736949718,0.15149112253054867,375.0,0.001,375.0
58978,G. Cameron,Stoke City,England,defender,0,0.06704418505515815,0.027737755874780813,0.10334647983180749,347.0,0.0,376.0
258263,V. Jovanović,Bordeaux,France,defender,0,0.06687873356102353,0.03768961609594899,0.09411617598907467,345.0,0.0,377.0
3750,Balenziaga,Athletic Club,Spain,defender,0,0.06668245046554772,0.0413225285737953,0.09690661533719162,350.0,0.0,378.0
189821,M. Zeegelaar,Watford,England,defender,0,0.06661791250456794,0.04137595912250719,0.0935741984457155,349.0,0.0,379.0
213124,Chema,Levante,Spain,defender,1,0.06655487164790425,-0.019755739964529808,0.19366676739495756,366.0,0.019,380.0
3466,Alexis,Deportivo Alavés,Spain,defender,1,0.06645866203175854,-0.006055013543846361,0.16658979652716066,391.0,0.003,381.0
134427,D. Rugani,Juventus,Italy,defender,2,0.06603772106102057,0.013357350672192573,0.14539938175586298,352.0,0.0,382.0
167145,Bellerín,Arsenal,England,defender,2,0.06599096276344456,0.0196389792675431,0.12551888475835354,351.5,0.0,383.0
25523,K. Djidji,Nantes,France,defender,0,0.06567597501278008,0.025231497345305023,0.09689668639148294,354.0,0.0,384.0
257899,J. Gomez,Liverpool,England,defender,0,0.06566332201694258,0.04256544048537997,0.09247902151547036,354.5,0.0,385.0
288663,M. Caldara,Atalanta,Italy,defender,3,0.06528565320544731,-0.014306551136149728,0.16257616937675873,384.5,0.005,386.0
7885,R. Bertrand,Southampton,England,defender,0,0.06486993402047438,0.04082085752368388,0.09283295182399577,357.5,0.0,387.0
40538,Leandro Castán,Cagliari,Italy,defender,0,0.06479557762749664,0.028867429513600405,0.10053645690911861,367.0,0.0,388.0
25524,P. Djilobodji,Dijon,France,defender,0,0.06450070007177523,0.03821749048531837,0.09412440276207186,364.0,0.0,389.0
272338,L. Klünter,Köln,Germany,defender,1,0.06430328876989527,-0.010430181645885382,0.1818474091182798,383.5,0.011,390.0
3436,Javi Manquillo,Newcastle United,England,defender,0,0.0639178248274014,0.028960712204376238,0.09203189645330963,363.0,0.0,391.0
344178,P. Retsos,Bayer Leverkusen,Germany,defender,1,0.06391778770452698,0.0022854649318477193,0.12123000774788127,356.5,0.0,392.0
14749,G. Sakai,Hamburger SV,Germany,defender,0,0.06388931656821592,0.0418010209730534,0.08804635115414858,369.0,0.0,393.0
86183,F. Roncaglia,Celta de Vigo,Spain,defender,0,0.06346243306785641,0.04064413971399767,0.09070054016064266,377.0,0.0,394.0
26138,J. Rivierez,Metz,France,defender,0,0.06344090432451065,0.03402366785774273,0.09575931636736125,374.0,0.0,395.0
20465,S. Lichtsteiner,Juventus,Italy,defender,0,0.0634202183864,0.03900986235013734,0.08880285057762143,367.0,0.0,396.0
3827,Hugo Mallo,Celta de Vigo,Spain,defender,0,0.06335940354130727,0.04253214784505253,0.0832547934994897,367.0,0.0,397.0
20459,L. Bonucci,Milan,Italy,defender,2,0.06328178890281487,0.017269018986339084,0.11701695622036604,399.0,0.0,398.0
29748,F. Chafik,Dijon,France,defender,0,0.06302413940781808,0.03750895697950429,0.08736716626532941,377.5,0.0,399.0
26945,M. Poundjé,Bordeaux,France,defender,0,0.06301313281264802,0.021731145125514818,0.10149693284011527,370.0,0.0,400.0
278867,S. Janko,Saint-Étienne,France,defender,0,0.0627309218807989,0.01713586978218933,0.11790611265300487,378.5,0.0,401.0
263433,A. Ferrari,Hellas Verona,Italy,defender,1,0.06256307844053442,0.033463515675147854,0.09242610811146201,379.0,0.0,402.0
149101,A. Touré,Monaco,France,defender,1,0.06239192011492747,0.03531549179408035,0.08790383420877405,380.0,0.0,403.0
3337,Fontàs,Celta de Vigo,Spain,defender,0,0.06205461444282292,0.02243846095099932,0.10385073747488568,391.5,0.0,404.0
14778,Ö. Toprak,Borussia Dortmund,Germany,defender,0,0.06203428362753648,0.039744791639323686,0.08653771532063137,389.5,0.0,405.0
28335,R. Aguilar,Montpellier,France,defender,0,0.06201669769492729,0.04547466882893013,0.07928516858696667,380.0,0.0,406.0
328488,P. Burner,Nice,France,defender,0,0.06171836278863764,0.02526950037505557,0.10273257103264007,392.0,0.0,407.0
4805,Arbilla,Eibar,Spain,defender,2,0.06171452290782423,0.02068118522642722,0.09408787274149305,381.0,0.0,408.0
30320,O. El Hajjam,Amiens SC,France,defender,1,0.06149258103327634,0.026708941378560506,0.11443347705810404,402.5,0.0,409.0
28528,J. Ikoko,Guingamp,France,defender,0,0.061471748357577086,0.031826373224307335,0.08691006930852055,385.0,0.0,410.0
8501,J. Schlupp,Crystal Palace,England,defender,0,0.06131752502401496,0.04117180839725336,0.07954334944193604,383.0,0.0,411.0
255387,C. Salcedo,Eintracht Frankfurt,Germany,defender,0,0.06129742899271162,0.026247853873832994,0.09662599516078631,390.0,0.0,412.0
20583,Danilo,Udinese,Italy,defender,1,0.061159606238088124,0.013016082028514545,0.11736244536347423,392.5,0.0,413.0
232822,A. Masina,Bologna,Italy,defender,0,0.06107157573598454,0.028936263130687277,0.09046199190375406,392.0,0.0,414.0
15771,S. Langkamp,Hertha BSC,Germany,defender,0,0.06106872256324357,0.02299930418138603,0.10938236581405401,394.0,0.0,415.0
282550,F. Hadergjonaj,Huddersfield Town,England,defender,0,0.06062914854178912,0.02410179014761835,0.10690923229821513,407.5,0.0,416.0
3278,Bruno Saltor,Brighton & Hove Albion,England,defender,0,0.060430651224977254,0.023701340946162344,0.09855789618210961,397.0,0.0,417.0
135901,Pedro Rebocho,Guingamp,France,defender,0,0.0604202940631217,0.04222878881669578,0.08066976837294419,392.5,0.0,418.0
7887,G. Cahill,Chelsea,England,defender,0,0.06032600796953829,0.0277891433729757,0.09452111572262731,398.0,0.0,419.0
263803,T. Castagne,Atalanta,Italy,defender,0,0.060227155938320925,0.029677255635017184,0.09609261229051631,394.0,0.0,420.0
83575,V. Chiricheș,Napoli,Italy,defender,0,0.06019827890205548,0.020773612163068875,0.10752128685756795,399.0,0.0,421.0
8277,K. Walker,Manchester City,England,defender,0,0.06006116804790939,0.04531983209944573,0.07602596533742366,394.0,0.0,422.0
41034,Rafael Tolói,Atalanta,Italy,defender,1,0.05997655165473216,0.01839090609039047,0.11728824082723316,411.5,0.0,423.0
7855,L. Koscielny,Arsenal,England,defender,2,0.05984636095040775,0.031167442492330083,0.0929980844137057,397.0,0.0,424.0
21578,G. Di Chiara,Benevento,Italy,defender,0,0.05973242164703099,0.032031117707450006,0.09162440872787782,397.5,0.0,425.0
14724,D. Alaba,Bayern München,Germany,defender,2,0.05965552927343317,0.0301050478141235,0.08812734801170581,390.0,0.0,426.0
3465,Fernando Navarro,Deportivo La Coruña,Spain,defender,0,0.05953437877847484,0.024939495601525422,0.10131520144063927,409.0,0.0,427.0
343685,William,Wolfsburg,Germany,defender,0,0.05909316109254519,0.02415544673106323,0.0972306491990774,408.0,0.0,428.0
14988,O. Sorg,Hannover 96,Germany,defender,0,0.05900970971072859,0.029022602857169226,0.091856465555036,414.0,0.0,429.0
25883,J. Sorbon,Guingamp,France,defender,0,0.05898289138820616,0.017697597351144123,0.10151262962123599,401.5,0.0,430.0
3885,L. Cabrera,Getafe,Italy,defender,0,0.05887608411745814,-0.02127365398107449,0.12727798741933855,403.0,0.0,431.0
25557,J. Morel,Olympique Lyonnais,France,defender,0,0.05885425396402632,0.035423804534966116,0.0837240930924224,403.5,0.0,432.0
275384,Jorge Meré,Köln,Germany,defender,1,0.058695262228690766,-0.004331631145253702,0.14746928754566627,429.0,0.001,433.0
14870,J. Matip,Liverpool,England,defender,1,0.05862264734829316,0.026192799489977738,0.09464512770602171,402.5,0.0,434.0
9433,J. Tarkowski,Burnley,England,defender,0,0.058595476983014545,0.0036157975434537703,0.11063641926851493,410.0,0.0,435.0
3325,Juanfran,Deportivo La Coruña,Spain,defender,0,0.05846453015900212,0.025709785532848792,0.08856868883497997,405.5,0.0,436.0
20776,L. Rossettini,Genoa,Italy,defender,0,0.05832244711344412,0.021743453977462114,0.10638530753398014,403.0,0.0,437.0
7920,Rafael,Olympique Lyonnais,France,defender,1,0.05822445971265655,0.021198886179761928,0.10021082453450134,424.0,0.0,438.0
4908,Alberto Moreno,Liverpool,England,defender,0,0.058004271276086254,0.028334177196303066,0.09779761665457742,404.0,0.0,439.0
26086,I. Traoré,Angers,France,defender,3,0.05792731862419034,0.008763807579681895,0.126153230114038,428.0,0.0,440.0
3828,Raúl Navas,Real Sociedad,Spain,defender,0,0.05782136653280462,0.021459917147932165,0.09007964900771627,411.5,0.0,441.0
146569,M. Kempf,Freiburg,Germany,defender,0,0.057798614999406465,0.025682096967279956,0.09825553642228717,405.0,0.0,442.0
25397,S. Umtiti,Barcelona,Spain,defender,1,0.05753027237130462,0.034503711067876724,0.08489342181805343,413.0,0.0,443.0
26499,A. Masuaku,West Ham United,England,defender,0,0.05743693632409967,0.020337775990225015,0.10702075431983255,415.0,0.0,444.0
22889,D. Zappacosta,Chelsea,England,defender,1,0.05737405157607117,0.017140563893964986,0.11728065413922836,402.0,0.0,445.0
22107,Mário Rui,Napoli,Italy,defender,2,0.057171026153938015,0.019661389952190987,0.10827998095136983,426.5,0.0,446.0
3308,Pedro Mendes,Montpellier,France,defender,1,0.05714654680238371,0.014709211626725772,0.10683164444638078,429.0,0.0,447.0
263105,Pablo Maffeo,Girona,Spain,defender,0,0.05688915177967237,0.02455784746614802,0.09267929810789131,419.0,0.0,448.0
132,T. Kongolo,Huddersfield Town,England,defender,0,0.05680562838337209,-0.0028226943760830104,0.11425031519799947,420.5,0.0,449.0
26368,A. Bamba,Angers,France,defender,0,0.05673404421173466,0.013452001473822047,0.10770882848857834,432.0,0.0,450.0
86366,J. Palomino,Atalanta,Italy,defender,1,0.05661341910201295,0.0019675425393808647,0.1271971416433785,431.0,0.001,451.0
20609,A. Costa,Benevento,Italy,defender,0,0.05649706700173203,0.018155237400445084,0.09502899117840917,413.5,0.0,452.0
56026,J. Stryger Larsen,Udinese,Italy,defender,1,0.056336960704551776,0.03149315921882688,0.08001950557765043,418.0,0.0,453.0
26495,G. Bong,Brighton & Hove Albion,England,defender,0,0.05614169822515163,0.024323709030670645,0.08728947717033692,413.5,0.0,454.0
21001,E. Hysaj,Napoli,Italy,defender,0,0.05553868004661437,0.04352520646155318,0.06788698307593223,423.0,0.0,455.0
229427,A. Djiku,Caen,France,defender,0,0.05546323804123807,0.03434730499131053,0.07919341747910402,426.0,0.0,456.0
70086,N. Otamendi,Manchester City,England,defender,4,0.05544623446663361,0.02308396221112018,0.10061389387277053,431.5,0.0,457.0
8240,S. Coleman,Everton,England,defender,0,0.055443265300403805,0.009210740989102148,0.11385747410656999,437.0,0.0,458.0
14688,S. Prödl,Watford,England,defender,0,0.05517694721985617,0.0034533163786883854,0.10822951727665366,435.0,0.0,459.0
292991,M. Lemos,Las Palmas,Italy,defender,1,0.05489906001099444,0.0002811455540242483,0.14043190795505348,436.0,0.002,460.0
211853,Rúben Vezo,Valencia,Spain,defender,0,0.05488687595802111,0.017303396952817306,0.09342304834690732,431.5,0.0,461.0
8336,K. Naughton,Swansea City,England,defender,0,0.05448084338074521,0.036684917453844265,0.07239960920779533,431.0,0.0,462.0
41127,Pablo,Bordeaux,France,defender,0,0.0542225031808324,0.006734404057617438,0.10792476648773662,449.0,0.0,463.0
14852,Sergio Escudero,Sevilla,Spain,defender,0,0.054202562763817894,0.02654767304143896,0.07990556553274537,428.5,0.0,464.0
55979,M. Jørgensen,Huddersfield Town,England,defender,0,0.05402942337705015,0.03036480313009799,0.07883562209907591,431.0,0.0,465.0
20723,B. Salamon,SPAL,Italy,defender,0,0.05391561966273294,0.018565160578214855,0.0910004129662916,427.5,0.0,466.0
8460,A. Smith,AFC Bournemouth,England,defender,1,0.053866355877174005,0.028199952809520996,0.08431988843306548,437.5,0.0,467.0
8307,V. Kompany,Manchester City,England,defender,1,0.05380326339743251,0.012534894870380116,0.11526809467449402,455.5,0.0,468.0
134540,L. Kurzawa,PSG,France,defender,2,0.05375253920536215,0.018373159651818075,0.1004528106327924,441.0,0.0,469.0
15215,C. Schindler,Huddersfield Town,England,defender,0,0.05358398039197264,0.019731528315816576,0.08785113370876488,439.0,0.0,470.0
4371,Dani Castellano,Las Palmas,Spain,defender,0,0.053187990330231756,0.0210018066757967,0.08729387978931712,427.5,0.0,471.0
20928,Felipe,SPAL,Italy,defender,1,0.0530331556136773,0.005349567092479237,0.11491074093963485,449.0,0.0,472.0
25427,C. Jallet,Nice,France,defender,0,0.05285960968522101,0.03329141834925069,0.07246100763165472,442.0,0.0,473.0
36,T. Alderweireld,Tottenham Hotspur,England,defender,0,0.05271375804635284,0.022271538909712188,0.08123303276524056,432.0,0.0,474.0
26332,P. Baysse,Málaga,France,defender,1,0.05252623489373274,-0.0018769258572198374,0.08805609608458345,429.0,0.0,475.0
15214,A. Rukavina,Villarreal,Spain,defender,0,0.05243677465947243,0.022336853281186078,0.08040645098443865,447.0,0.0,476.0
3407,Ramalho,Girona,Spain,defender,0,0.05197286422090504,0.018408139468427363,0.08520845970816861,439.0,0.0,477.0
8311,S. Savić,Atlético Madrid,Spain,defender,0,0.05177467185808973,-0.009686321805764838,0.10459929737129679,447.5,0.0,478.0
379209,D. Rice,West Ham United,England,defender,0,0.051759163776273036,0.01072998073333703,0.1021169150917734,438.0,0.0,479.0
25947,B. Sankoh,Caen,France,defender,0,0.051641482373715034,0.03496376413602929,0.06924991924847355,447.0,0.0,480.0
149091,M. Tisserand,Wolfsburg,Germany,defender,0,0.05162527965803641,0.003436689708473392,0.10063620328174609,443.5,0.0,481.0
301013,J. Gelin,Rennes,France,defender,0,0.05110869595772795,0.02074547754588151,0.08106206159516831,450.0,0.0,482.0
290119,M. Niakhaté,Metz,France,defender,0,0.050928553942504624,0.02021984828788622,0.0800793972761974,450.0,0.0,483.0
71703,V. Lindelöf,Manchester United,England,defender,0,0.0507509660286518,0.011089455252868616,0.082240975655063,454.0,0.0,484.0
8242,S. Duffy,Brighton & Hove Albion,England,defender,0,0.05066731586437078,0.01756328627411788,0.08427601694900036,457.0,0.0,485.0
5677,Bruno,Getafe,Spain,defender,0,0.050623765276354614,-0.037730584350737194,0.16500135802778038,466.0,0.004,486.0
20393,D. Bonera,Villarreal,Spain,defender,0,0.05041673949065411,-0.001704390194080607,0.10958388007150874,460.0,0.0,487.0
14745,C. Molinaro,Torino,Italy,defender,0,0.050395368920400065,0.028158721945606327,0.0740296214791499,457.0,0.0,488.0
21280,M. Sampirisi,Crotone,Italy,defender,0,0.05036446152913649,0.016593673945440455,0.08291088698648455,450.5,0.0,489.0
339964,Y. Salmier,Strasbourg,France,defender,0,0.0500810802445571,0.006788289369852096,0.09131085563707603,453.5,0.0,490.0
8889,A. Mariappa,Watford,England,defender,0,0.049968017014357484,0.010955016222812345,0.08535653696317275,443.0,0.0,491.0
276979,F. Mendy,Olympique Lyonnais,France,defender,0,0.0497346083324394,0.029079350220991944,0.06894215870808498,457.0,0.0,492.0
86220,G. Mercado,Sevilla,Spain,defender,0,0.049552086605989726,0.017893154252956043,0.08232688329684075,461.0,0.0,493.0
134102,N. Aké,AFC Bournemouth,England,defender,2,0.049547423899445636,0.0016398579744467425,0.10218802613696447,476.0,0.0,494.0
20748,N. Tomović,Chievo,Italy,defender,0,0.0495299662388997,0.028644167730501713,0.07161697207942003,459.0,0.0,495.0
344132,T. Hernández,Real Madrid,Spain,defender,0,0.04942933653484098,0.02877416694071678,0.07489519802281898,458.0,0.0,496.0
134503,C. Lenglet,Sevilla,Spain,defender,3,0.049205956722485907,0.015900025995834503,0.08587393259952167,467.0,0.0,497.0
20579,M. Benatia,Juventus,Italy,defender,2,0.04911110072811666,0.00807570024388913,0.09800743810006705,457.0,0.0,498.0
21072,N. Spolli,Genoa,Italy,defender,0,0.04890844829531149,-0.007059189315600956,0.11274983001804784,471.5,0.0,499.0
20434,A. Rosi,Genoa,Italy,defender,0,0.048865022643887,0.018455203120899794,0.07897581007730595,462.0,0.0,500.0
25957,K. Adénon,Amiens SC,France,defender,0,0.048811693534255164,0.017718869401769942,0.08174721472097007,458.0,0.0,501.0
410055,Rober,Levante,Spain,defender,0,0.04875392494067825,-0.009585201124025831,0.11177180503835045,456.0,0.0,502.0
22093,A. Caracciolo,Hellas Verona,Italy,defender,2,0.0483825480675482,-0.029686496071357014,0.14635946331360153,496.0,0.003,503.0
14842,K. Vogt,Hoffenheim,Germany,defender,0,0.048244296295566466,0.025541407878739392,0.07039864388144346,469.5,0.0,504.0
29616,P. Martinez,Strasbourg,France,defender,0,0.047779671382809044,0.010819721319633017,0.0841335652986565,471.0,0.0,505.0
25919,J. Palmieri,Metz,France,defender,0,0.047557476082988916,0.017346632700473038,0.08040731664125537,471.0,0.0,506.0
77546,A. Williams,Everton,England,defender,1,0.047311834395855096,0.002479404064009416,0.10102555190565399,464.0,0.0,507.0
32577,Sidnei,Deportivo La Coruña,Spain,defender,1,0.047306201246645786,-0.0043429706285379,0.11538245797020638,487.5,0.0,508.0
70389,Cédric Soares,Southampton,England,defender,0,0.04655069225997585,0.017698166318209866,0.07485280801605279,474.5,0.0,509.0
134420,F. Costa,SPAL,Italy,defender,0,0.046527356547807965,0.01639560104310485,0.0802376158057223,477.0,0.0,510.0
8313,P. Zabaleta,West Ham United,England,defender,0,0.046239086844312674,0.0021067752244809416,0.07920392911019421,469.0,0.0,511.0
263766,Jemerson,Monaco,France,defender,2,0.04614468112131459,-0.00176985608675059,0.09738639450358254,484.0,0.0,512.0
26307,A. Mandi,Real Betis,Spain,defender,1,0.0456265581937015,0.008193280386423982,0.0906990653794491,486.0,0.0,513.0
14990,F. Diagne,Metz,France,defender,1,0.04542580506102197,-0.004394143788288357,0.12209561659591837,491.0,0.0,514.0
8488,W. Morgan,Leicester City,England,defender,0,0.04533248179787304,0.007279377927105269,0.08975392149039321,486.0,0.0,515.0
20932,M. Nastasić,Schalke 04,Germany,defender,0,0.04505884029713791,0.008239593381737973,0.0835919603098433,485.0,0.0,516.0
7860,T. Vermaelen,Barcelona,Spain,defender,0,0.04502114588305403,0.02127095606025798,0.07783652682828231,485.0,0.0,517.0
70981,Marçal,Olympique Lyonnais,France,defender,0,0.04471170376075223,0.011413202151719369,0.07991490001421407,478.0,0.0,518.0
370,V. van Dijk,Liverpool,England,defender,0,0.04454200813846795,0.02039440823950452,0.06952924614858175,484.0,0.0,519.0
25943,C. Kerbrat,Guingamp,France,defender,1,0.04438568337156985,0.01277203298774554,0.07475469761024414,486.0,0.0,520.0
21370,M. Capuano,Crotone,Italy,defender,0,0.04422082057811449,0.013169233706663475,0.0745516258393244,482.0,0.0,521.0
20677,A. Raggi,Monaco,France,defender,1,0.04405800466305241,0.00827516103988022,0.08526773169602293,482.0,0.0,522.0
69409,Š. Vrsaljko,Atlético Madrid,Spain,defender,0,0.04405565923118894,-0.004450381260586569,0.08745979566364463,485.0,0.0,523.0
396475,A. Hakimi,Real Madrid,Spain,defender,2,0.04312256025593527,0.008010105993182337,0.07980837814125515,492.0,0.0,524.0
21097,K. Glik,Monaco,France,defender,3,0.04292977424394539,-0.007323470709917333,0.1003030490985429,496.0,0.0,525.0
222220,A. Robertson,Liverpool,England,defender,1,0.04256218940810438,0.02949121788484549,0.05567224315402465,497.0,0.0,526.0
257762,D. Sánchez,Tottenham Hotspur,England,defender,0,0.041898831904723995,0.021627015995193656,0.06140475311178248,495.5,0.0,527.0
297957,M. Akanji,Borussia Dortmund,Germany,defender,0,0.041813770770871325,0.011669637937708671,0.07326126695730403,502.5,0.0,528.0
279545,L. Hernández,Atlético Madrid,Spain,defender,0,0.04155561168788622,0.015301356191421641,0.06890455286791283,502.0,0.0,529.0
25641,K. Mangane,Strasbourg,France,defender,1,0.04145673313289443,-0.036087128640092815,0.1509674342111024,517.5,0.002,530.0
146590,F. Mattiello,SPAL,Italy,defender,0,0.04080667827126921,0.007300833898550785,0.07717984751647619,504.0,0.0,531.0
394,B. Nuytinck,Udinese,Italy,defender,1,0.040341166515573235,0.013370658591569454,0.06571081166340627,502.5,0.0,532.0
28314,C. Hérelle,Troyes,France,defender,0,0.04015942015832726,0.012142577291805222,0.07032317597966148,503.0,0.0,533.0
3341,Piqué,Barcelona,Spain,defender,2,0.040064773092698895,0.007148552244913965,0.0846001301303495,510.5,0.0,534.0
70088,Rolando,Olympique Marseille,France,defender,1,0.04002918452124223,-0.0037327803183972766,0.09625087772023666,521.0,0.0,535.0
29291,J. Giraudon,Troyes,France,defender,0,0.03989707809365417,0.005659542697007627,0.06989619820038241,505.5,0.0,536.0
26135,M. Le Marchand,Nice,France,defender,0,0.039896325677156896,0.020159381811472893,0.05989098454370798,507.0,0.0,537.0
3281,Juan Bernat,Bayern München,Germany,defender,0,0.0394274682148279,-0.012555019220774202,0.08630813600415654,517.0,0.0,538.0
3340,Muniesa,Girona,Spain,defender,0,0.03939406349039655,-0.001697942109472798,0.07466765444576824,504.0,0.0,539.0
25399,M. Zeffane,Rennes,France,defender,0,0.039105885476048124,0.004188496853508254,0.0780633353370123,508.5,0.0,540.0
8135,L. Shaw,Manchester United,England,defender,0,0.038513414308847534,0.0073930603045823965,0.07579531016848909,515.0,0.0,541.0
20811,M. Silvestre,Sampdoria,Italy,defender,1,0.038468886795325,0.00519822591605623,0.07876999234110207,523.0,0.0,542.0
20855,E. Schelotto,Brighton & Hove Albion,England,defender,0,0.03839792129213471,0.016024953459842606,0.06304312979523823,513.0,0.0,543.0
222770,Nélson Semedo,Barcelona,Spain,defender,0,0.03825421929602462,0.012660772555267428,0.06530566239651056,517.0,0.0,544.0
3306,Sergio Ramos,Real Madrid,Spain,defender,4,0.03814654848988787,-0.020855416348374678,0.10662440126601003,517.0,0.0,545.0
9380,J. Stones,Manchester City,England,defender,0,0.03807052099436117,0.02355295452128614,0.054182646488639324,516.0,0.0,546.0
396616,R. Pierre-Gabriel,Saint-Étienne,France,defender,0,0.03801903290373403,-0.005036858617486835,0.07831121868841301,518.0,0.0,547.0
82487,P. Kadeřábek,Hoffenheim,Germany,defender,2,0.03792841780496883,-0.0042999630076099955,0.08127639485704306,520.0,0.0,548.0
241966,G. Jung,Hamburger SV,Germany,defender,1,0.037790435955473954,0.0061530458433272615,0.06667456557153573,511.0,0.0,549.0
22677,G. Angella,Udinese,Italy,defender,0,0.03778084017461131,-0.009039053584245785,0.08990440713711666,512.0,0.0,550.0
135103,A. Christensen,Chelsea,England,defender,0,0.03766859690741136,0.017632325301819306,0.057985129753138465,521.0,0.0,551.0
21004,V. Regini,Sampdoria,Italy,defender,0,0.03759454002376525,-0.01953202848496671,0.1073546858149626,519.0,0.001,552.0
3276,A. Rami,Olympique Marseille,France,defender,1,0.037289137224096276,0.001618807796452736,0.07771258455631669,526.0,0.0,553.0
85113,A. Toșca,Benevento,Italy,defender,0,0.0372667850648956,0.014624760961069095,0.0617452952532834,520.0,0.0,554.0
3309,R. Varane,Real Madrid,Spain,defender,0,0.03714502799852358,0.007435677784697354,0.06445994837520337,517.0,0.0,555.0
21528,F. Ceccherini,Crotone,Italy,defender,1,0.034696472811329704,-0.019691492762928735,0.09180085680621695,532.0,0.0,556.0
70507,Paulo Oliveira,Eibar,Spain,defender,0,0.03437926968709285,0.003522739833169076,0.06095352158921036,529.0,0.0,557.0
22270,G. Ferrari,Sampdoria,Italy,defender,2,0.03279601546651585,-0.007742868048943966,0.08103660015965344,539.5,0.0,558.0
70112,E. Garay,Valencia,Spain,defender,0,0.03246440787756524,-0.002132545553884252,0.0700979682135957,541.0,0.0,559.0
14795,M. Hummels,Bayern München,Germany,defender,1,0.03202476476220258,-0.0009742643165786211,0.0800111686701612,540.0,0.0,560.0
25701,L. Digne,Barcelona,Spain,defender,0,0.0319160851788738,-0.0012282348401113723,0.07165027969955391,547.0,0.0,561.0
9280,S. Malone,Huddersfield Town,England,defender,0,0.03183025577428328,0.006818635900212015,0.05908279481407638,542.0,0.0,562.0
50007,B. Djimsiti,Benevento,Italy,defender,0,0.03179597807510209,-0.007529285329278411,0.07352856687004468,536.0,0.0,563.0
7302,Albentosa,Deportivo La Coruña,Spain,defender,1,0.031453048502922375,-0.06494633041697556,0.12958589693596934,552.0,0.002,564.0
283832,F. Romagna,Cagliari,Italy,defender,0,0.03130547768503054,0.008286559252894182,0.05264154724336851,540.0,0.0,565.0
366581,J. Gnagnon,Rennes,France,defender,2,0.03117650392290612,-0.015040631485079194,0.09434710140821868,540.0,0.0,566.0
376362,Luiz Felipe,Lazio,Italy,defender,0,0.031038932329220992,0.0005318270784525102,0.058193117381410905,544.0,0.0,567.0
268776,W. Hoedt,Southampton,England,defender,0,0.03036312140004991,0.0036472317805747224,0.05720289254082242,543.0,0.0,568.0
70711,Mexer,Rennes,France,defender,0,0.03003943252146664,-0.09165472515497433,0.11074311839279995,530.0,0.0,569.0
355937,M. Holgate,Everton,England,defender,0,0.029968772049938697,-0.0034773771246837458,0.05777434885828513,539.0,0.0,570.0
4303,David López,Espanyol,Spain,defender,1,0.029776938778218884,-0.004545308324592003,0.07070429314773172,549.0,0.0,571.0
393228,M. Sarr,Nice,France,defender,0,0.029513761339612265,-0.002736860604239259,0.0722963624414605,541.0,0.0,572.0
231138,P. Kimpembe,PSG,France,defender,0,0.02936065385917202,0.01004276672315444,0.04647526065706925,547.0,0.0,573.0
14798,Ł. Piszczek,Borussia Dortmund,Germany,defender,0,0.0286036655278893,-0.00273652978115798,0.058472356153927985,550.0,0.0,574.0
25937,F. Bellugou,Troyes,France,defender,0,0.028295978140655216,0.010174021780801783,0.04918346991305564,549.0,0.0,575.0
215869,M. Bani,Chievo,Italy,defender,0,0.02808858434538241,-0.030469804103428946,0.09687693991621474,547.0,0.0,576.0
260250,Wallace,Lazio,Italy,defender,0,0.02738919690240739,-0.018315869044044763,0.06954713188440188,550.0,0.0,577.0
3695,Álvaro González,Villarreal,Spain,defender,0,0.02729947222616928,-0.0071248067983537555,0.0707236719426869,551.0,0.0,578.0
3788,Jordi Amat,Real Betis,Spain,defender,0,0.02701788603250644,0.007060040263640391,0.0469306226555216,556.0,0.0,579.0
3692,Bernardo Espinosa,Girona,Spain,defender,0,0.026820251817473925,-0.009233309062753619,0.06764518081746104,546.5,0.0,580.0
388398,G. Pezzella,Udinese,Italy,defender,0,0.025873736054893758,-0.012376189652802882,0.07140349919019012,551.0,0.0,581.0
370224,R. Holding,Arsenal,England,defender,0,0.02531197519703735,-0.019746724075110144,0.07693150625034263,556.0,0.0,582.0
171283,C. Chambers,Arsenal,England,defender,0,0.024924221323039744,-0.011867168091508498,0.05947154956540713,557.0,0.0,583.0
4065,J. Murillo,Valencia,Spain,defender,0,0.024755959250636138,0.005736604513637495,0.050313643931852295,561.5,0.0,584.0
280419,H. Hateboer,Atalanta,Italy,defender,0,0.02396330729189089,0.00671654986336816,0.0415312042585173,563.0,0.0,585.0
266286,Marlon,Nice,France,defender,0,0.023718129324131948,-0.013904547657645077,0.05986803974210548,560.0,0.0,586.0
21164,F. Fernández,Swansea City,England,defender,1,0.02307598898631199,-0.028251399770264786,0.09024646320388667,566.0,0.0,587.0
15010,Dante,Nice,France,defender,1,0.022975688300378237,-0.006314432571580928,0.06220135625557914,566.0,0.0,588.0
3526,M. Musacchio,Milan,Italy,defender,0,0.022757303081568835,-0.00821161394383505,0.05233919237876749,564.0,0.0,589.0
424241,N. Milenković,Fiorentina,Italy,defender,0,0.02241021995627086,-0.02436862525611886,0.06619673683901588,568.0,0.0,590.0
7857,Miquel,Málaga,Spain,defender,0,0.021504046209403164,-0.009187191356118844,0.055812676871943065,570.0,0.0,591.0
20461,G. Chiellini,Juventus,Italy,defender,0,0.02047443019517017,-0.0018647894329833399,0.04210441897594198,570.0,0.0,592.0
125286,G. González,Bologna,Italy,defender,0,0.019831817457900015,-0.013605698349338004,0.04853033200243058,572.0,0.0,593.0
26276,N. Pallois,Nantes,France,defender,0,0.019111341595555217,-0.0276552974133649,0.06667708337176909,576.0,0.0,594.0
3433,D. Godín,Atlético Madrid,Spain,defender,0,0.018867593344074073,-0.027762579616177417,0.0683716913530723,573.5,0.0,595.0
20638,D. Dainelli,Chievo,Italy,defender,0,0.01828065238179659,-0.03201621752167821,0.06916759871625228,576.0,0.0,596.0
372904,K. Dabila,Lille,France,defender,0,0.017512991388366518,-0.06173206216090487,0.07936538922677633,574.0,0.0,597.0
40539,Marquinhos,PSG,France,defender,0,0.016924090158895837,-0.005925035872716482,0.039239000469728946,577.0,0.0,598.0
3431,João Miranda,Internazionale,Italy,defender,0,0.016621541517979038,-0.0035165572304717693,0.03713316481607156,579.0,0.0,599.0
41363,Gabriel,Valencia,Spain,defender,0,0.014905713056952916,-0.02718881897057689,0.05697559965971508,580.5,0.0,600.0
7892,David Luiz,Chelsea,England,defender,1,0.012753250659249902,-0.0820153571724612,0.095633119971123,575.0,0.0,601.0
3644,Bigas,Las Palmas,Spain,defender,0,0.012604313812525105,-0.002746547340501574,0.036040812186364964,586.0,0.0,602.0
149019,D. Simpson,Leicester City,England,defender,0,0.010598212726011264,-0.013926158141120266,0.03350989557636043,588.0,0.0,603.0
224080,G. Maripán,Deportivo Alavés,Spain,defender,0,0.008363270997665349,-0.03816250174299136,0.048086903228326865,591.0,0.0,604.0
20394,Thiago Silva,PSG,France,defender,1,0.0073782623094451215,-0.021899798469010263,0.03304910872722142,592.0,0.0,605.0
20429,N. Burdisso,Torino,Italy,defender,0,0.0031080941618559887,-0.042030008907351354,0.04584874908345711,596.0,0.0,606.0
263432,F. Vicari,SPAL,Italy,defender,0,-0.002440949625995062,-0.034446580991090846,0.02961040059302573,600.0,0.0,607.0
417231,C. Adjapong,Sassuolo,Italy,defender,0,-0.008369264607959295,-0.08164099326532881,0.042276709025507106,601.5,0.0,608.0
8731,R. Shawcross,Stoke City,England,defender,1,-0.02648097867474231,-0.08926939491422105,0.026724099242165462,607.0,0.0,609.0
206314,M. Icardi,Internazionale,Italy,forward,29,0.6178197939217767,0.2203528495413212,1.0648375272636526,2.0,0.831,1.0
21174,E. Cavani,PSG,France,forward,28,0.4969015065900475,0.2629715953005728,0.7163991962183572,5.0,0.746,2.0
21384,C. Immobile,Lazio,Italy,forward,29,0.4301209311132116,0.15782230163529393,0.7052407893614755,10.0,0.529,3.0
69411,A. Kramarić,Hoffenheim,Germany,forward,13,0.4127360488655034,0.21572939432635366,0.6331232286632508,12.0,0.431,4.0
12829,J. Vardy,Leicester City,England,forward,20,0.38197227782288373,0.1451193090159183,0.6449587604283685,15.0,0.369,5.0
14734,N. Petersen,Freiburg,Germany,forward,15,0.37728646232172985,0.15780277012527522,0.6277830680391007,16.0,0.356,6.0
8326,M. Balotelli,Nice,France,forward,18,0.3674798624969821,0.18198883342973524,0.5701619476605619,17.0,0.278,7.0
4131,Ángel,Getafe,Spain,forward,13,0.36719714412752674,0.12903153371472675,0.6410173279315302,18.0,0.342,8.0
25577,L. Rémy,Las Palmas,Spain,forward,8,0.36369992666083767,0.04187551735065352,0.7523377175509345,21.5,0.338,9.0
395636,Maxi Gómez,Celta de Vigo,Spain,forward,18,0.3590256383773916,0.1593430573288325,0.5856155358865317,20.0,0.274,10.0
5268,Sergio León,Real Betis,Spain,forward,11,0.34925863988943523,0.07445895693433327,0.7188455278914552,21.0,0.322,11.0
8278,G. Bale,Real Madrid,Spain,forward,16,0.34609569141422636,0.14917551625949377,0.5291989513581346,22.0,0.188,12.0
89186,P. Dybala,Juventus,Italy,forward,22,0.344868512774535,0.15754155635942363,0.5616630238380477,25.0,0.195,13.0
120353,Mohamed Salah,Liverpool,England,forward,32,0.34225324820411845,0.19354431742792935,0.5211047170314413,24.0,0.194,14.0
8717,H. Kane,Tottenham Hotspur,England,forward,29,0.34204662324443436,0.17853493995883526,0.5224123880434954,22.0,0.174,15.0
7941,J. Hernández,West Ham United,England,forward,8,0.31474670499933244,0.051579718368316436,0.6520262635019032,31.0,0.231,16.0
149054,W. Saïd,Dijon,France,forward,9,0.31131244633688027,0.04676977550361252,0.5950495308186978,33.0,0.223,17.0
25867,P. Aubameyang,Borussia Dortmund,England,forward,23,0.3111739009976129,0.11243916890272447,0.510099449936385,30.0,0.142,18.0
20479,F. Quagliarella,Sampdoria,Italy,forward,19,0.3091155982761855,0.12130618614371763,0.5181527171195908,31.0,0.127,19.0
5167,Mariano Díaz,Olympique Lyonnais,France,forward,18,0.3057144250343565,0.13341760268427943,0.4943681944717088,32.0,0.122,20.0
15292,M. Uth,Hoffenheim,Germany,forward,14,0.3044747111881214,0.07989905551462449,0.54819964239251,35.0,0.156,21.0
3682,A. Griezmann,Atlético Madrid,Spain,forward,19,0.297974642446471,0.1390398360224609,0.46355198572670797,37.0,0.051,22.0
3322,Cristiano Ronaldo,Real Madrid,Spain,forward,26,0.2947741192824702,0.013309539000819982,0.5800173270441439,37.0,0.191,23.0
3359,L. Messi,Barcelona,Spain,forward,34,0.2877630486216959,0.17422666542362483,0.40614446233853424,37.0,0.011,24.0
279780,J. Augustin,RB Leipzig,Germany,forward,9,0.28768520244268486,0.12410018471364113,0.43822900202424786,36.0,0.032,25.0
27354,Júlio Tavares,Dijon,France,forward,12,0.28741866943567795,0.06490383044449467,0.5356963094464058,39.0,0.134,26.0
3714,C. Stuani,Girona,Spain,forward,21,0.2846939126130052,0.08105725867379537,0.5073413541345043,37.0,0.099,27.0
118,M. Depay,Olympique Lyonnais,France,forward,19,0.28420031732161827,0.1469740405646318,0.44593027259359624,41.0,0.042,28.0
350032,C. Ünder,Roma,Italy,forward,7,0.27748966162171174,0.12658370412747902,0.41625226553730943,44.0,0.025,29.0
7972,L. Suárez,Barcelona,Spain,forward,25,0.2765236585923881,0.10624604717054294,0.4741204646803924,41.0,0.06,30.0
37831,C. Bacca,Villarreal,Spain,forward,15,0.27492299675564574,0.024604130668286164,0.5816769900545683,46.0,0.147,31.0
388267,L. Bailey,Bayer Leverkusen,Germany,forward,10,0.27200776667334087,0.13358992557055585,0.4388883529724379,45.0,0.037,32.0
25716,N. Roux,Metz,France,forward,15,0.27030016319995503,0.08082249294095663,0.49536806174922027,44.0,0.081,33.0
8325,S. Agüero,Manchester City,England,forward,21,0.26699404542936145,0.03425063476307624,0.5305539826351618,46.5,0.094,34.0
7904,S. Kalou,Hertha BSC,Germany,forward,12,0.2615784326695178,0.08482660346923798,0.47413828795774815,47.5,0.064,35.0
25472,C. Bakambu,Villarreal,Spain,forward,9,0.26136305281499955,-0.009061154394562511,0.5540923910954771,50.0,0.14,36.0
14817,R. Lewandowski,Bayern München,Germany,forward,29,0.25876041209684736,0.03594828751767014,0.4874939365182254,47.0,0.083,37.0
26638,K. Toko Ekambi,Angers,France,forward,17,0.25821037195235186,0.10033930266083319,0.4580360292871301,53.0,0.042,38.0
333913,K. Lasagna,Udinese,Italy,forward,12,0.25734493191094127,0.03824219346357447,0.5301165582130629,53.0,0.089,39.0
382,Suk Hyun-Jun,Troyes,France,forward,6,0.25257828474606175,-0.018712051079578296,0.5967662340673496,52.0,0.136,40.0
134399,D. Selke,Hertha BSC,Germany,forward,10,0.25183752131710374,0.06332168238145891,0.46221434816864737,50.0,0.052,41.0
86243,D. Zapata,Sampdoria,Italy,forward,11,0.24801817064914097,0.05965434493151231,0.4542237666306822,51.0,0.048,42.0
25770,F. Thauvin,Olympique Marseille,France,forward,22,0.24652235643796877,0.15522840424646078,0.3430114542420322,55.0,0.001,43.0
65180,M. Gregoritsch,Augsburg,Germany,forward,13,0.24426117055377436,0.10314808832958793,0.4180649590346692,54.0,0.024,44.0
276983,I. Mbenza,Montpellier,France,forward,8,0.24284335386586484,0.06907844992084829,0.43827700953797805,59.0,0.039,45.0
208696,M. Politano,Sassuolo,Italy,forward,10,0.24108977794384134,0.10994086888758543,0.4023159414083668,57.0,0.014,46.0
3450,R. Falcao,Monaco,France,forward,18,0.24023818309706266,0.02893655037502639,0.43824655564234677,55.0,0.033,47.0
20796,M. Destro,Bologna,Italy,forward,6,0.23582454327314542,-0.06464097420709593,0.5691653310554932,67.0,0.136,48.0
8148,Iago Falqué,Torino,Italy,forward,12,0.2343760326435605,0.12128147650742661,0.3602481891268468,60.0,0.002,49.0
173214,T. Werner,RB Leipzig,Germany,forward,13,0.23318301161600977,0.045819136872438986,0.4333663762098101,59.5,0.032,50.0
256480,B. Keita,Monaco,France,forward,8,0.2331105648527971,0.01208609252487111,0.4868655657843121,62.0,0.063,51.0
250885,Santi Mina,Valencia,Spain,forward,12,0.2307342745274869,0.004155132179125416,0.4672559102383947,63.0,0.051,52.0
3425,Muniain,Athletic Club,Spain,forward,4,0.22699440235354362,0.09751836945659331,0.41401006816145547,62.5,0.021,53.0
40770,Willian José,Real Sociedad,Spain,forward,15,0.225381915334583,0.07097763427625016,0.3770430618337977,64.0,0.007,54.0
25673,S. Bahoken,Strasbourg,France,forward,7,0.2250077757469688,0.03149914193105322,0.4312761466796539,66.0,0.029,55.0
247671,N. Pépé,Lille,France,forward,13,0.22428676179006757,0.07170461601803921,0.4203992064587352,67.0,0.024,56.0
25410,A. Pléa,Nice,France,forward,16,0.22089319950323752,0.06852204060960923,0.3859716546998544,67.0,0.01,57.0
8747,P. Crouch,Stoke City,England,forward,5,0.21896851854317312,0.011162959358845426,0.52251156582818,70.0,0.079,58.0
7944,W. Rooney,Everton,England,forward,10,0.21699567548404766,0.10763718905911546,0.327105261869203,71.0,0.003,59.0
25795,W. Ben Yedder,Sevilla,Spain,forward,9,0.21497297497661,0.008780951363918824,0.43576438504784787,73.0,0.035,60.0
97582,M. Konaté,Amiens SC,France,forward,13,0.21367853734317452,0.024280628823561558,0.42832521188136297,73.0,0.024,61.0
122,D. Mertens,Napoli,Italy,forward,18,0.21162054244812703,0.0660156736405202,0.37381872735899296,69.0,0.009,62.0
20663,C. Théréau,Fiorentina,Italy,forward,7,0.2093201947990453,0.020283626031704197,0.4645570545055651,76.0,0.039,63.0
145692,O. Niasse,Everton,England,forward,8,0.2067295823278274,-0.07921886280318126,0.6368494552825731,83.0,0.133,64.0
338201,E. Boateng,Levante,Spain,forward,6,0.20607157680231655,-0.022344516028734256,0.49748639858394655,80.0,0.072,65.0
14705,N. Füllkrug,Hannover 96,Germany,forward,14,0.2044756722763835,-0.0011199904796169154,0.45599400985381716,86.5,0.039,66.0
24269,M. Coda,Benevento,Italy,forward,4,0.20442655802954818,-0.10670742635932656,0.6214381153672199,88.5,0.128,67.0
70129,Rodrigo,Valencia,Spain,forward,16,0.20369372683110873,0.0584252526053013,0.3504090037657044,77.0,0.005,68.0
26124,B. Jeannot,Dijon,France,forward,4,0.20186198838670852,-0.028264062391646267,0.52509470946411,82.0,0.08,69.0
231139,K. Coman,Bayern München,Germany,forward,3,0.20160220956183214,0.03533415992695356,0.37973559136026136,78.0,0.01,70.0
14760,M. Harnik,Hannover 96,Germany,forward,9,0.19896400640301223,0.04042541687157103,0.38176408621558994,77.0,0.014,71.0
21123,S. Verdi,Bologna,Italy,forward,10,0.1985528679988917,0.0951975054349748,0.3145483641031916,80.0,0.001,72.0
9206,C. Wood,Burnley,England,forward,10,0.19852168821242308,0.0012797590118418828,0.4410220096379249,78.0,0.032,73.0
40810,Neymar,PSG,France,forward,20,0.1923990338632518,0.11812324131193717,0.2693636577584514,81.0,0.0,74.0
3840,Iago Aspas,Celta de Vigo,Spain,forward,22,0.19223289689445155,0.06176949356772254,0.3200389134329405,82.0,0.001,75.0
14945,G. Sio,Montpellier,France,forward,10,0.19152029261750766,0.028850566175590894,0.38923732340893075,85.5,0.014,76.0
142755,B. Traoré,Olympique Lyonnais,France,forward,13,0.19141965622188475,0.05564161979870861,0.3585335444378049,88.0,0.004,77.0
15107,Raffael,Borussia M'gladbach,Germany,forward,9,0.18986599332650134,0.05181249567290235,0.3616549843894034,82.0,0.005,78.0
20941,A. Ljajić,Torino,Italy,forward,6,0.18872309488002625,0.09788493129638487,0.288340637729,85.0,0.0,79.0
25747,S. Mané,Liverpool,England,forward,10,0.18663411463775864,0.07987752828138002,0.31411085947103096,87.5,0.001,80.0
134494,V. Germain,Olympique Marseille,France,forward,9,0.1866204805524095,0.012521723142385989,0.36568419542332076,88.0,0.007,81.0
21114,M. Antenucci,SPAL,Italy,forward,11,0.1849083726927855,0.016266954298081237,0.37470909776096817,90.0,0.008,82.0
3802,Philippe Coutinho,Barcelona,England,forward,15,0.18483898091343112,0.09568835858224278,0.27815454138015755,88.0,0.001,83.0
134769,Y. Carrasco,Atlético Madrid,Spain,forward,3,0.1846055010006247,0.06593101950110941,0.367533254849167,89.0,0.004,84.0
397178,M. Rashford,Manchester United,England,forward,7,0.180255281951219,0.01667276603367627,0.37816306499295255,92.0,0.015,85.0
351010,P. Cutrone,Milan,Italy,forward,10,0.17878909519490654,-0.06925319043104151,0.44998026955956666,93.0,0.035,86.0
343925,D. Verde,Hellas Verona,Italy,forward,2,0.17434549149049033,0.07856316465623613,0.2941010685593317,98.0,0.002,87.0
5400,Gerard Moreno,Espanyol,Spain,forward,16,0.1727228780624453,0.035091474392452436,0.3139378592446721,99.0,0.0,88.0
37948,A. Finnbogason,Augsburg,Germany,forward,12,0.16899118527780238,-0.06007517191989442,0.41283266537243635,99.0,0.019,89.0
334552,F. Kamano,Bordeaux,France,forward,8,0.1687307017931176,0.04347600753371224,0.32495328320581734,98.0,0.003,90.0
105541,Lucas Pérez,Deportivo La Coruña,Spain,forward,8,0.1687250389778888,0.06501820942155699,0.301287601034455,101.0,0.0,91.0
14703,M. Arnautović,West Ham United,England,forward,11,0.16743178298637165,-0.016251506425712724,0.40114715524335903,113.0,0.017,92.0
25860,M. Gradel,Toulouse,France,forward,8,0.16648890172485617,0.058926745787835744,0.2755323016365884,100.0,0.0,93.0
300485,Malcom,Bordeaux,France,forward,12,0.16621475801484203,0.0840556960877429,0.2531956463487281,100.0,0.0,94.0
134513,A. Martial,Manchester United,England,forward,9,0.16493794345670035,0.02508696467855416,0.3480623292183808,100.0,0.005,95.0
94764,Y. Muto,Mainz 05,Germany,forward,8,0.16332513887938319,-0.09104044544451956,0.4262659459745443,108.5,0.025,96.0
11063,Suso,Milan,Italy,forward,6,0.16254400790678586,0.09121664198514366,0.24596492380369583,105.0,0.0,97.0
9123,A. Barnes,Burnley,England,forward,9,0.16081439194265873,-0.0023958661931497796,0.3660099727885236,105.0,0.004,98.0
8903,T. Deeney,Watford,England,forward,5,0.1606409056554719,0.016491475381043466,0.3499695959761776,105.5,0.008,99.0
91381,J. Izquierdo,Brighton & Hove Albion,England,forward,5,0.1604634347466427,0.0009288692614965532,0.33661725979436313,106.0,0.001,100.0
25622,T. Hazard,Borussia M'gladbach,Germany,forward,10,0.1576009100636998,0.03800783877038604,0.31554294789992204,111.0,0.003,101.0
25707,E. Hazard,Chelsea,England,forward,12,0.15580918948834035,0.07307227297461318,0.26705097736974476,108.0,0.0,102.0
14911,Son Heung-Min,Tottenham Hotspur,England,forward,12,0.15427193410346282,0.013092743004276633,0.3100693444500388,111.0,0.002,103.0
86517,P. De Blasis,Mainz 05,Germany,forward,5,0.15263396697709072,0.01938638762506952,0.30997646152602465,114.0,0.001,104.0
22202,S. Zaza,Valencia,Spain,forward,13,0.1513864356998473,-0.02656957109599192,0.33671668893294415,115.0,0.002,105.0
250134,Luiz Araújo,Lille,France,forward,5,0.15061075048938433,0.04626315939426311,0.26711832239272754,114.0,0.0,106.0
7879,T. Walcott,Everton,England,forward,3,0.15040155212911546,-0.020417939940365133,0.35108663965365045,117.0,0.006,107.0
11066,R. Sterling,Manchester City,England,forward,18,0.14867192019103462,0.03876861747164158,0.2775535843742974,118.0,0.001,108.0
7623,Léo Baptistão,Espanyol,Spain,forward,8,0.14805680068271668,0.02132781824804189,0.28779120811881,114.0,0.0,109.0
278278,Munir,Deportivo Alavés,Spain,forward,10,0.14781065193628723,0.03005488202830843,0.27983512103790703,115.0,0.0,110.0
14762,V. Ibišević,Hertha BSC,Germany,forward,7,0.14724394785051412,-0.04954480961023857,0.3669580214929171,118.0,0.011,111.0
276944,J. Bamba,Saint-Étienne,France,forward,7,0.14716502990017566,0.04932063054344791,0.2602841207200894,114.0,0.0,112.0
353833,K. Mbappé,PSG,France,forward,13,0.14714357126519495,-0.0036770124204839006,0.29738083906465085,118.0,0.002,113.0
14763,S. Okazaki,Leicester City,England,forward,6,0.1462818736177635,-0.007761277000623677,0.32274091072122973,120.0,0.0,114.0
26010,O. Giroud,Chelsea,England,forward,7,0.14582381746717968,-0.17097078135928784,0.6478003188415133,107.5,0.108,115.0
20764,L. Muriel,Sevilla,Spain,forward,7,0.14544837167878427,-0.04501010264878424,0.3900316317670673,119.0,0.014,116.0
25889,R. Hamouma,Saint-Étienne,France,forward,5,0.14452090618047733,0.024422751411074264,0.30197757231339767,118.0,0.001,117.0
15085,S. Wagner,Hoffenheim,Germany,forward,12,0.14105491613440946,-0.0320641264612261,0.33206379868912106,124.0,0.004,118.0
9637,J. King,AFC Bournemouth,England,forward,8,0.13960941148942077,0.027989398595876697,0.2592056244956509,123.0,0.0,119.0
254408,Á. Correa,Atlético Madrid,Spain,forward,8,0.1373126496055737,0.03250020021973547,0.25641106265370767,121.5,0.0,120.0
69616,A. Rebić,Eintracht Frankfurt,Germany,forward,6,0.1353548658141341,-0.0011398175514439784,0.297456206650133,128.0,0.003,121.0
340386,Gabriel Jesus,Manchester City,England,forward,13,0.13518968132146342,-0.07872407730297633,0.40313870913761746,126.0,0.02,122.0
214654,S. Mounié,Huddersfield Town,England,forward,8,0.13396594135395512,-0.01368738931318042,0.3028803648565129,131.0,0.0,123.0
20820,J. Iličić,Atalanta,Italy,forward,11,0.13340246438420328,0.06331601738675056,0.21521572374587514,128.0,0.0,124.0
14731,M. Gómez,Stuttgart,Germany,forward,9,0.13167348186376937,-0.06918508083351871,0.3470234791011875,130.0,0.005,125.0
25605,E. Sala,Nantes,France,forward,12,0.13149064494729465,-0.04764730587436835,0.3239684490442903,130.5,0.001,126.0
14845,D. Ginczek,Stuttgart,Germany,forward,7,0.13141941346202707,-0.09081019537950118,0.38133553243595236,127.0,0.014,127.0
3293,P. Piatti,Espanyol,Spain,forward,2,0.13055351526205358,0.06052050301628602,0.2301889777721407,130.5,0.0,128.0
20661,A. Paloschi,SPAL,Italy,forward,7,0.13046006202770324,-0.060445823980812344,0.3824429615249524,131.0,0.011,129.0
3475,D. Perotti,Roma,Italy,forward,5,0.13023041120226903,0.07112654949457416,0.20509979345220508,129.0,0.0,130.0
151,J. Guidetti,Deportivo Alavés,Spain,forward,3,0.12858101863512003,-0.019221305951391425,0.3160856672117401,133.0,0.003,131.0
15231,K. Volland,Bayer Leverkusen,Germany,forward,14,0.12839711432346843,-0.010509185695078856,0.30449290865237466,128.5,0.001,132.0
215130,Nuno Da Costa,Strasbourg,France,forward,5,0.1276476451610181,-0.03908974359838649,0.3346147941409535,135.5,0.005,133.0
8327,E. Džeko,Roma,Italy,forward,16,0.12661084814740464,-0.041336209690732206,0.3146996957830159,131.0,0.0,134.0
14732,T. Müller,Bayern München,Germany,forward,8,0.1258847528893833,-0.025632974598988334,0.3299975109811648,135.0,0.004,135.0
25517,Y. Sanogo,Toulouse,France,forward,6,0.12425798289975372,-0.10666914578019142,0.4893477253705946,153.0,0.047,136.0
3451,Adrián López,Deportivo La Coruña,Spain,forward,9,0.12289754458626827,0.006699644893716956,0.2682556621165905,133.0,0.0,137.0
230883,Ayoze Pérez,Newcastle United,England,forward,8,0.11976566803624315,-0.012314822789118642,0.26516658475262284,140.0,0.0,138.0
3323,G. Higuaín,Juventus,Italy,forward,16,0.11904002824305569,-0.025225123418955393,0.28421916633745375,137.0,0.0,139.0
237034,Gonçalo Guedes,Valencia,France,forward,5,0.11706581638354256,0.043887966248071696,0.20315347420415067,143.0,0.0,140.0
228946,M. Cornet,Olympique Lyonnais,France,forward,4,0.11551623829093699,0.0286697762098263,0.2167090057168048,143.0,0.0,141.0
295761,S. Grandsir,Troyes,France,forward,3,0.11382727128449281,0.027397335666233577,0.23416716038223234,145.0,0.0,142.0
264989,F. Mubele,Rennes,France,forward,6,0.11317943978380224,-0.07059954429595275,0.3272366131893964,144.0,0.007,143.0
4498,Lucas Vázquez,Real Madrid,Spain,forward,4,0.11182503293716256,0.0017284798353630897,0.2556871250942293,142.0,0.002,144.0
3313,José Callejón,Napoli,Italy,forward,8,0.1095848849164059,0.004179726717149152,0.22347998766288973,149.0,0.0,145.0
3290,Aduriz,Athletic Club,Spain,forward,9,0.10906233161516976,-0.028692792270512767,0.2696989590950376,149.0,0.0,146.0
21177,G. Pandev,Genoa,Italy,forward,5,0.10701375907602827,-0.01905666806169068,0.26289659258348086,151.0,0.0,147.0
7905,R. Lukaku,Manchester United,England,forward,16,0.10551596229747595,-0.05195478449363724,0.23730612489744468,151.5,0.0,148.0
7945,D. Welbeck,Arsenal,England,forward,5,0.10540130710989226,-0.13705569240101145,0.3773746572329211,155.0,0.013,149.0
254189,Ivi,Levante,Spain,forward,3,0.10418968918282487,0.03976551136978689,0.19546328367315832,153.0,0.0,150.0
15020,M. Leckie,Hertha BSC,Germany,forward,5,0.10411340917884321,0.01606303491779612,0.2002747997917489,153.0,0.0,151.0
5481,Guerrero,Leganés,Spain,forward,4,0.1039804942937632,-0.08887465401111448,0.28668108813750826,151.0,0.001,152.0
21438,R. Inglese,Chievo,Italy,forward,12,0.10355166337524642,-0.043372234686916734,0.27283057628693674,150.0,0.0,153.0
6165,F. Andone,Deportivo La Coruña,Spain,forward,7,0.10277757446266923,-0.09474295967395394,0.33705388817647014,158.0,0.008,154.0
8958,J. Rodriguez,West Bromwich Albion,England,forward,7,0.1025636619936522,-0.050287555330231236,0.2827376601556115,148.0,0.0,155.0
25715,R. Rodelin,Caen,France,forward,5,0.10247270091940397,0.021313946444756024,0.18844223235453245,154.0,0.0,156.0
90880,S. Mendoza,Amiens SC,France,forward,2,0.10142152911964387,-0.033374396271650585,0.2796957077096801,159.0,0.002,157.0
3358,Cristian Tello,Real Betis,Spain,forward,4,0.10083534856399823,2.929422694953831e-06,0.26356145250645097,156.5,0.0,158.0
224801,I. Bebou,Hannover 96,Germany,forward,5,0.09947505124166042,0.029338306688877897,0.19103061660171095,154.0,0.0,159.0
15198,E. Choupo-Moting,Stoke City,England,forward,5,0.09934700966389873,-0.026374152362738035,0.25257486322712036,162.0,0.001,160.0
20418,S. El Shaarawy,Roma,Italy,forward,7,0.09866344073664397,-0.0015020258922844943,0.21853012583253065,160.0,0.0,161.0
72397,Simy,Crotone,Italy,forward,7,0.09773144116965561,-0.05297216857359493,0.24251765441230808,157.0,0.0,162.0
86338,L. Ocampos,Olympique Marseille,France,forward,9,0.0961354007793603,-0.028344049287642607,0.24863390268629862,160.0,0.001,163.0
219350,A. Niane,Troyes,France,forward,8,0.09576581254568065,-0.044566827110645656,0.23752221239254107,158.0,0.0,164.0
247141,Iñaki Williams,Athletic Club,Spain,forward,7,0.09479566850723643,-0.03264143605641821,0.237332592803554,161.0,0.0,165.0
8628,F. Di Santo,Schalke 04,Germany,forward,3,0.09459707384104907,-0.021176944991208743,0.23190103130547626,163.5,0.0,166.0
25571,J. Ayew,Swansea City,England,forward,7,0.09384313756686204,-0.015403919049829759,0.21879397532208192,163.0,0.0,167.0
21376,G. Caprari,Sampdoria,Italy,forward,5,0.09381768530264797,-0.026692631125431812,0.22978716717086858,162.0,0.0,168.0
25512,S. Haller,Eintracht Frankfurt,Germany,forward,9,0.09379120351003188,-0.038129975706209726,0.23639892468306906,165.0,0.0,169.0
135927,André Silva,Milan,Italy,forward,2,0.09287172100867841,-0.13841741048336473,0.4564633613467257,178.0,0.036,170.0
3360,Pedro,Chelsea,England,forward,4,0.0924124448356687,0.005965859892664974,0.19535987850639827,162.0,0.0,171.0
105619,A. Mehmedi,Bayer Leverkusen,Germany,forward,3,0.09141314426909967,0.00259096331326514,0.18273295038355133,165.0,0.0,172.0
447821,Y. En-Nesyri,Málaga,Spain,forward,4,0.09126024438517442,-0.052026536685379335,0.2575274330035589,168.0,0.0,173.0
343951,T. Abraham,Swansea City,England,forward,5,0.0905117746948344,-0.16141615257288566,0.36725205171469977,168.5,0.008,174.0
86489,L. Alario,Bayer Leverkusen,Germany,forward,9,0.08941243214036103,-0.12312878624282164,0.30245399894133623,159.0,0.001,175.0
11669,C. Wilson,AFC Bournemouth,England,forward,8,0.08935177415126881,-0.1303638988391352,0.3388602084636399,174.0,0.008,176.0
385273,Charles,Eibar,Spain,forward,8,0.08910541007642836,-0.11198772940836088,0.3177100055766055,164.0,0.002,177.0
105622,A. Yarmolenko,Borussia Dortmund,Germany,forward,3,0.08886908716865158,-0.05418452859395252,0.2646542433839314,174.0,0.001,178.0
15808,Roberto Firmino,Liverpool,England,forward,15,0.08827074540565599,-0.004689749652709636,0.1855669332098332,167.0,0.0,179.0
3361,A. Sánchez,Arsenal,England,forward,9,0.0874070600229261,0.01202861672218808,0.17950424172981613,168.5,0.0,180.0
3816,Sergio García,Espanyol,Spain,forward,2,0.08688357347488636,-0.045687279880232606,0.26831853494499713,171.0,0.0,181.0
3576,Juanmi,Real Sociedad,Spain,forward,8,0.08602480991197146,-0.06369335930493858,0.30872683078437024,172.0,0.006,182.0
64995,G. Burgstaller,Schalke 04,Germany,forward,11,0.08548633502454486,-0.021044598329525575,0.19965337657906065,170.0,0.0,183.0
286553,A. El Ghazi,Lille,France,forward,4,0.08490043292642556,-0.020704777862256715,0.26626330938682263,171.0,0.002,184.0
344744,J. Ikoné,Montpellier,France,forward,1,0.08314250189465716,-0.0629441102980836,0.27704450934180136,176.0,0.001,185.0
269152,G. Simeone,Fiorentina,Italy,forward,14,0.08303982377469389,-0.07196341997371,0.24668412121556413,171.0,0.001,186.0
20947,A. Cerci,Hellas Verona,Italy,forward,3,0.08264405601822647,-0.01760132393517576,0.21244115325351473,177.0,0.0,187.0
135150,A. Cornelius,Atalanta,Italy,forward,3,0.08140202805457561,-0.12453669604382539,0.3294961173525127,184.5,0.007,188.0
3327,Joselu,Newcastle United,England,forward,4,0.08053975504373005,-0.04279343753074645,0.23666245074231332,172.0,0.0,189.0
25411,J. Briand,Guingamp,France,forward,11,0.07950929361110894,-0.027080406036084928,0.19874198341538107,175.0,0.0,190.0
11156,M. Trotta,Crotone,Italy,forward,7,0.07861030372005058,-0.020136037944097667,0.1806376628736455,175.0,0.0,191.0
16025,M. Kruse,Werder Bremen,Germany,forward,6,0.07830624075723551,0.01830682302905175,0.15439630257767126,177.0,0.0,192.0
69513,A. Budimir,Crotone,Italy,forward,6,0.07728203324652282,-0.10209812651921385,0.31341563642606274,188.0,0.003,193.0
21077,A. Gómez,Atalanta,Italy,forward,6,0.07703360127840297,0.027217502369424107,0.1300655973324093,176.5,0.0,194.0
12536,D. Gayle,Newcastle United,England,forward,6,0.07603967056443087,-0.15499486147431957,0.2992932781914394,181.0,0.001,195.0
134708,D. Origi,Wolfsburg,England,forward,6,0.07544115832021371,-0.06288841833030547,0.252684271066609,180.0,0.0,196.0
134512,C. Jean,Toulouse,France,forward,1,0.07538958107339694,-0.0041037556059498725,0.18056276796476187,182.0,0.0,197.0
394006,M. Terrier,Strasbourg,France,forward,3,0.07291999714917614,-0.03596983295552928,0.2296696765019626,183.0,0.001,198.0
99453,P. Nakoulma,Nantes,France,forward,3,0.07235444248251803,-0.032202357726994424,0.21130088769963284,185.0,0.0,199.0
15877,A. Hahn,Hamburger SV,Germany,forward,3,0.07124435261835171,-0.05194526806811349,0.22471257046440293,181.0,0.001,200.0
32968,N. Amrabat,Leganés,England,forward,2,0.07124259663675096,-0.011212413517267055,0.20404130416642643,186.5,0.0,201.0
38095,S. Gakpé,Amiens SC,France,forward,3,0.06982577104923388,-0.046203419279897254,0.21313275975752305,184.0,0.0,202.0
424624,O. Etebo,Las Palmas,Spain,forward,0,0.06945834657126791,0.04303377029436583,0.09850721411244454,183.0,0.0,203.0
8416,G. Murray,Brighton & Hove Albion,England,forward,12,0.06733792930525938,-0.05914256528016406,0.19416552649679658,185.0,0.0,204.0
21655,A. Stoian,Crotone,Italy,forward,2,0.06713472163135323,0.03589503606127399,0.10675307292009775,186.0,0.0,205.0
26069,H. Bazile,Caen,France,forward,0,0.06555626689468022,0.005914079473927361,0.122960299532778,185.0,0.0,206.0
14789,A. Schürrle,Borussia Dortmund,Germany,forward,1,0.06351213122994531,-0.07839247906172049,0.2701709104979256,200.5,0.002,207.0
21234,A. Belotti,Torino,Italy,forward,10,0.06298864588215337,-0.044952715590860226,0.17324355359407717,190.0,0.0,208.0
286390,O. Dembélé,Barcelona,Spain,forward,3,0.061065459718407274,-0.029184026463237416,0.23132499163172024,199.5,0.0,209.0
15051,L. Stindl,Borussia M'gladbach,Germany,forward,6,0.06097383652662408,-0.002314822862360309,0.13282871505758712,189.0,0.0,210.0
293687,D. Calvert-Lewin,Everton,England,forward,4,0.06089473253257327,-0.023346625369453314,0.17883839153925488,195.0,0.0,211.0
21296,R. Palacio,Bologna,Italy,forward,4,0.05960236171148806,-0.06058913946970434,0.21802480543358804,196.0,0.0,212.0
372753,Francis Guerrero,Real Betis,Spain,forward,1,0.059389967951142236,0.027753356276200444,0.0986096954687712,193.0,0.0,213.0
15054,M. Diouf,Stoke City,England,forward,6,0.05893727477820521,-0.042436585178113106,0.16580424023431886,193.0,0.0,214.0
25745,A. Delort,Toulouse,France,forward,5,0.05769132508984708,-0.028097999020572258,0.17245770941913305,196.0,0.0,215.0
26543,J. Blayac,Strasbourg,France,forward,3,0.05683985889235753,-0.1577841424630172,0.27932237179229574,207.5,0.0,216.0
377071,Richarlison,Watford,England,forward,5,0.056357859001331265,-0.04832721526756777,0.177985565585416,201.0,0.0,217.0
274435,E. Ünal,Villarreal,Spain,forward,6,0.055493070614501816,-0.13146833672386665,0.35978043593095677,209.0,0.007,218.0
8677,M. Antonio,West Ham United,England,forward,3,0.05516952495292791,-0.011285072304708302,0.13743277214710395,199.5,0.0,219.0
14943,M. Mandžukić,Juventus,Italy,forward,5,0.05509146500205536,-0.08138748403908264,0.1766373479602293,199.0,0.0,220.0
293862,Nacho Gil,Las Palmas,Spain,forward,0,0.054159208834676745,0.0029962612257853315,0.10188123307041605,197.0,0.0,221.0
339791,Álex Berenguer,Torino,Italy,forward,1,0.05248077476960969,-0.043134193675413574,0.17659121470224157,203.0,0.0,222.0
209400,D. Berardi,Sassuolo,Italy,forward,4,0.05113393198349198,-0.017151740583980807,0.13168591614565867,205.0,0.0,223.0
344140,A. Ndiaye,Getafe,Spain,forward,3,0.049604993335171196,-0.010908728547953484,0.13354034081339475,205.0,0.0,224.0
246175,A. Petagna,Atalanta,Italy,forward,4,0.04938020922133749,-0.11342556018898936,0.2470660977821489,205.0,0.0,225.0
94831,Y. Ōsako,Köln,Germany,forward,4,0.04613786070483032,-0.04599658630425116,0.15382634622899813,205.0,0.0,226.0
282772,B. Embolo,Schalke 04,Germany,forward,3,0.04438915812365605,-0.09337619366784874,0.21297708884062125,205.5,0.002,227.0
38377,L. Depoitre,Huddersfield Town,England,forward,6,0.044352633129184416,-0.07459494931104184,0.16876664007499081,212.0,0.0,228.0
22933,L. Pavoletti,Cagliari,Italy,forward,11,0.04342687988943636,-0.08571811199156686,0.1958075304828777,209.0,0.0,229.0
70125,Nolito,Sevilla,Spain,forward,4,0.040563137651982044,-0.03092490899017663,0.1284328946329296,214.0,0.0,230.0
22020,A. Galabinov,Genoa,Italy,forward,3,0.03942427925627822,-0.11181775910053861,0.254812131991486,216.0,0.002,231.0
228902,J. Calleri,Las Palmas,Spain,forward,9,0.038747986863628604,-0.07738337500246181,0.1629679562677318,217.0,0.0,232.0
70975,Bruma,RB Leipzig,Germany,forward,4,0.03849467422105699,-0.003160825319263118,0.09842528730681216,214.0,0.0,233.0
28122,Y. Benzia,Lille,France,forward,1,0.03707635066544695,0.017224393177906826,0.058758053019982104,214.0,0.0,234.0
25898,M. Niang,Torino,Italy,forward,4,0.035807705158174954,-0.028029308592125535,0.11049033593543729,215.0,0.0,235.0
24964,M. Pucciarelli,Chievo,Italy,forward,2,0.03482256491646762,-0.0829359092427201,0.19650146190775455,219.0,0.0,236.0
116283,D. Rolán,Málaga,Spain,forward,5,0.03305539866279666,-0.07789911541987081,0.20181840120779496,227.0,0.0,237.0
21385,L. Insigne,Napoli,Italy,forward,8,0.031299930209165466,-0.021324601846239556,0.09347620088447918,223.0,0.0,238.0
15533,M. Terrazzino,Freiburg,Germany,forward,0,0.031205195352967546,-0.008613008213232413,0.07615739126633032,221.5,0.0,239.0
328336,M. Fares,Hellas Verona,Italy,forward,0,0.029491291312805677,-0.006340713105657452,0.06389882667777598,221.0,0.0,240.0
16094,S. Terodde,Köln,Germany,forward,7,0.029396107412168034,-0.11571766125764382,0.21661891616608675,224.0,0.0,241.0
16122,E. Kachunga,Huddersfield Town,England,forward,1,0.028706895422466926,-0.04755401785858423,0.17998956592631674,226.0,0.001,242.0
454457,E. Brignola,Benevento,Italy,forward,3,0.027029017199183273,-0.047454303108979634,0.1484921677856326,230.0,0.0,243.0
25923,N. de Préville,Bordeaux,France,forward,6,0.026845196289475168,-0.06591944979166474,0.14173846171095822,224.0,0.0,244.0
239295,V. Parigini,Benevento,Italy,forward,0,0.026623768440265858,-0.0185866704531247,0.08019907298490624,225.0,0.0,245.0
3348,Deulofeu,Barcelona,England,forward,2,0.024597036385635363,-0.06185908363036984,0.13560142506653422,230.0,0.0,246.0
3324,Álvaro Morata,Chelsea,England,forward,11,0.024318480593918546,-0.14038736663135626,0.17991385781533617,226.0,0.0,247.0
25413,A. Lacazette,Arsenal,England,forward,14,0.02293418226770076,-0.1028614671608379,0.16231603089666136,230.0,0.0,248.0
250956,F. Ricci,Crotone,Italy,forward,1,0.02205864956046502,-0.03362395975153408,0.07930226154892445,226.0,0.0,249.0
26042,K. Monnet-Paquet,Saint-Étienne,France,forward,2,0.020686326090054538,-0.05261539904147136,0.10608613486411533,233.0,0.0,250.0
115933,G. Lapadula,Genoa,Italy,forward,6,0.02051728758595118,-0.1918397515315452,0.28062426008610586,232.5,0.004,251.0
20449,F. Borini,Milan,Italy,forward,2,0.01971377501790258,-0.015793601790137866,0.05120425940580162,230.0,0.0,252.0
10663,A. Gray,Watford,England,forward,5,0.019260417247761095,-0.11106928725334794,0.1831578240210968,231.0,0.0,253.0
3874,Kike García,Eibar,Spain,forward,8,0.019106301686963523,-0.11028824255765553,0.15565039600608352,231.0,0.0,254.0
26167,C. Beauvue,Leganés,Spain,forward,2,0.018312286025132563,-0.11485927183717123,0.17014800460925864,237.0,0.0,255.0
21865,M. Sau,Cagliari,Italy,forward,2,0.016797126751740016,-0.08971917441156253,0.17777149669332556,235.0,0.0,256.0
23314,Diego Farias,Cagliari,Italy,forward,1,0.016257897024076914,-0.022324696852027932,0.06200078243195785,234.0,0.0,257.0
276211,A. Saint-Maximin,Nice,France,forward,3,0.011626884502119756,-0.021174002008560126,0.05517966708484342,238.0,0.0,258.0
56274,Y. Poulsen,RB Leipzig,Germany,forward,4,0.01090333504625523,-0.0645842716978567,0.10213731584036882,239.0,0.0,259.0
259292,F. Di Francesco,Bologna,Italy,forward,1,0.010703864315131126,-0.04499048979001216,0.07570235072462873,238.0,0.0,260.0
228765,T. Kleindienst,Freiburg,Germany,forward,2,0.004398119994743214,-0.05884776564243836,0.06996042481586447,243.0,0.0,261.0
15004,I. Santini,Caen,France,forward,11,0.003492111774204755,-0.11311155911727727,0.13545121745352465,244.0,0.0,262.0
252589,B. Petković,Hellas Verona,Italy,forward,0,0.0009529849279394056,-0.039828801312951405,0.05886961125992053,244.0,0.0,263.0
8384,S. Long,Southampton,England,forward,2,-0.001758679790899011,-0.10947044612499353,0.11556620836471068,247.0,0.0,264.0
134249,Rubén Sobrino,Deportivo Alavés,Spain,forward,3,-0.0019268170270007863,-0.046638264016349025,0.03958813752579919,246.5,0.0,265.0
301017,M. Thuram,Guingamp,France,forward,3,-0.002817223564292627,-0.09314788247220082,0.1063352348944112,250.0,0.0,266.0
338249,Gil Dias,Fiorentina,France,forward,2,-0.00815326489221349,-0.03621216495550146,0.022178624737282895,251.0,0.0,267.0
3321,K. Benzema,Real Madrid,Spain,forward,5,-0.01132397393048505,-0.11642593383461132,0.09522880751984569,254.0,0.0,268.0
105376,N. Kalinić,Milan,Italy,forward,6,-0.012736607076918345,-0.24122859321664908,0.2587327654501596,263.0,0.005,269.0
20692,I. Belfodil,Werder Bremen,Germany,forward,4,-0.013448981723498067,-0.14855629202241916,0.14502236243864108,258.0,0.0,270.0
3577,S. Rondón,West Bromwich Albion,England,forward,7,-0.015763507658058586,-0.08838585026143006,0.057956633247782094,257.0,0.0,271.0
272878,A. Nalini,Crotone,Italy,forward,0,-0.01672778827768038,-0.060429349743030714,0.026388184401861296,257.0,0.0,272.0
3605,Jorge Molina,Getafe,Spain,forward,7,-0.01702574130056577,-0.1151488364239291,0.10853432669521373,260.0,0.0,273.0
16436,C. Quaner,Huddersfield Town,England,forward,0,-0.02440003740575572,-0.0742625760296144,0.010934272362316508,261.0,0.0,274.0
25572,A. Ayew,Swansea City,England,forward,3,-0.03227761072965174,-0.1608679473064106,0.08627083716920564,261.0,0.0,275.0
20949,Ryder Matos,Hellas Verona,Italy,forward,0,-0.033953366505543356,-0.07487791867519453,0.0024042171884254946,265.0,0.0,276.0
4338,Diego Costa,Atlético Madrid,Spain,forward,3,-0.03930251158213252,-0.17287121028126715,0.1139823408914833,271.0,0.0,277.0
25809,E. Rivière,Metz,France,forward,5,-0.039524052056066704,-0.1564091148026381,0.10270872580942834,270.0,0.0,278.0
38031,C. Benteke,Crystal Palace,England,forward,3,-0.039653499902551174,-0.1322166424011709,0.06162203451629059,269.0,0.0,279.0
28965,O. Nguette,Metz,France,forward,0,-0.04504528725393326,-0.09419746476748328,-0.0011878381655628565,270.0,0.0,280.0
15232,B. Wood,Hamburger SV,Germany,forward,2,-0.052190150384781524,-0.16024154879992622,0.08459752930965611,272.0,0.0,281.0
4048,Sergi Enrich,Eibar,Spain,forward,3,-0.053483306211531044,-0.1790782173877711,0.13931955306944374,275.0,0.0,282.0
21861,D. Falcinelli,Sassuolo,Italy,forward,2,-0.06764784685990725,-0.1735560310301734,0.06667926814012941,277.0,0.0,283.0
234359,P. Schick,Roma,Italy,forward,2,-0.07259270856200332,-0.23143060186420564,0.10980772959360992,278.0,0.0,284.0
143189,C. Ninga,Montpellier,France,forward,1,-0.08321264871778215,-0.13732770950274925,-0.02644126150830554,280.0,0.0,285.0
275032,E. Crivelli,Angers,France,forward,3,-0.09226415459469307,-0.2177899147393889,0.038945551249418855,281.0,0.0,286.0
20422,Maxi López,Udinese,Italy,forward,2,-0.1388132411004074,-0.23429511441505957,-0.06105500526343148,285.0,0.0,287.0
20922,Neto,Valencia,Spain,goalkeeper,0,0.002694107115052583,-0.05831110766930826,0.07250472629652085,3.0,0.917,1.0
25418,A. Aréola,PSG,France,goalkeeper,0,-0.017792179535555855,-0.0750007191353633,0.03208579952192481,6.0,0.791,2.0
120631,Y. Bounou,Girona,Spain,goalkeeper,0,-0.021776086958491214,-0.10286803122434991,0.0673690373644174,7.0,0.68,3.0
8425,W. Hennessey,Crystal Palace,England,goalkeeper,0,-0.024720271891783337,-0.10687812645047026,0.05229619319283257,8.0,0.625,4.0
3267,Guaita,Getafe,Spain,goalkeeper,0,-0.026529521366986858,-0.10119897710207484,0.04514807768606088,8.0,0.624,5.0
82690,T. Koubek,Rennes,France,goalkeeper,0,-0.036574367967609864,-0.13925466408430023,0.05062010867844775,9.0,0.541,6.0
70273,J. Oblak,Atlético Madrid,Spain,goalkeeper,0,-0.037167022002096796,-0.12493395480263561,0.05593545067648951,10.0,0.519,7.0
3582,Adrián,West Ham United,England,goalkeeper,0,-0.037619206070693106,-0.1282579724036263,0.04938164565381865,10.0,0.537,8.0
134413,A. Cragno,Cagliari,Italy,goalkeeper,0,-0.04102969023595036,-0.12173856200259728,0.053752606423528235,11.0,0.495,9.0
135747,D. Subašić,Monaco,France,goalkeeper,0,-0.041742399148245436,-0.12345935311685322,0.031386181062169755,11.0,0.471,10.0
50849,E. Berisha,Atalanta,Italy,goalkeeper,0,-0.04519320744050222,-0.10671278891265147,0.01911098229341848,12.0,0.426,11.0
3299,Fernando Pacheco,Deportivo Alavés,Spain,goalkeeper,0,-0.04586158913767745,-0.10188013251111228,0.008581515313947723,12.0,0.412,12.0
10131,J. Pickford,Everton,England,goalkeeper,0,-0.05498461475948584,-0.20444334760035324,0.1572193465332608,17.0,0.381,13.0
12242,N. Pope,Burnley,England,goalkeeper,0,-0.05784522324896067,-0.12719868859156308,0.02137789170521052,15.0,0.31,14.0
3330,Oier,Levante,Spain,goalkeeper,0,-0.06251501507368915,-0.13347195172239074,0.005656381421728031,17.0,0.225,15.0
25930,M. Samassa,Troyes,France,goalkeeper,0,-0.07109047285604163,-0.17772607881343022,0.029502342867769458,18.0,0.271,16.0
37896,E. Kawashima,Metz,France,goalkeeper,0,-0.07452954419430045,-0.15642557310330854,0.009042977042690888,20.0,0.204,17.0
21494,A. Cordaz,Crotone,Italy,goalkeeper,0,-0.07678731724238995,-0.13969959316797645,-0.012721933255190795,20.0,0.121,18.0
8358,B. Foster,West Bromwich Albion,England,goalkeeper,0,-0.07936666717594987,-0.15335052804874721,-0.009522151500368038,22.0,0.144,19.0
20802,E. Viviano,Sampdoria,Italy,goalkeeper,0,-0.07966396918350924,-0.16138066241321902,0.005694854079925238,21.0,0.176,20.0
404213,A. Lafont,Toulouse,France,goalkeeper,0,-0.08988779361469951,-0.1447161724138889,-0.03496236613165539,25.0,0.037,21.0
20540,A. Bizzarri,Udinese,Italy,goalkeeper,0,-0.0927096923967689,-0.17985909551275553,-0.013093249607514706,27.0,0.095,22.0
86745,W. Benítez,Nice,France,goalkeeper,0,-0.0960300026727651,-0.18747320533054185,-0.006521796482715858,28.0,0.09,23.0
25521,E. Zelazny,Troyes,France,goalkeeper,0,-0.09623678510608781,-0.17368511320766933,-0.006352268779413194,28.0,0.112,24.0
26583,R. Gurtner,Amiens SC,France,goalkeeper,0,-0.09641381738693541,-0.15338548007934993,-0.0438609242843573,27.0,0.018,25.0
23705,M. Sportiello,Fiorentina,Italy,goalkeeper,0,-0.09706766367899339,-0.2024955526449304,-0.004255306155741659,27.5,0.123,26.0
8266,Gomes,Watford,England,goalkeeper,0,-0.09719887345553116,-0.17931905277493035,-0.02783474211768773,28.0,0.052,27.0
25632,B. Costil,Bordeaux,France,goalkeeper,0,-0.0980762770917028,-0.17204710366377748,-0.02401134107017124,27.0,0.075,28.0
3428,Sergio Asenjo,Villarreal,Spain,goalkeeper,0,-0.09905644498909875,-0.19313439307259492,-0.016543970192752732,29.0,0.074,29.0
3458,Sergio Rico,Sevilla,Spain,goalkeeper,0,-0.10243875686830514,-0.17995546617364416,-0.031456107068417144,29.0,0.054,30.0
3719,Roberto,Málaga,Spain,goalkeeper,0,-0.10558636408618895,-0.16475894569726104,-0.05139872466621384,32.0,0.013,31.0
350999,G. Donnarumma,Milan,Italy,goalkeeper,0,-0.11232220191763446,-0.17317239664646822,-0.05217386928664821,35.0,0.007,32.0
8726,A. Begović,AFC Bournemouth,England,goalkeeper,0,-0.11506399488352512,-0.18973111243508184,-0.040283642678926236,35.0,0.026,33.0
83574,C. Tătărușanu,Nantes,France,goalkeeper,0,-0.11813545827948893,-0.20126904103620932,-0.036166436451061434,38.0,0.031,34.0
14914,M. Hitz,Augsburg,Germany,goalkeeper,0,-0.1232029275051552,-0.19239974556645442,-0.0503993458248157,40.0,0.02,35.0
20633,S. Sorrentino,Chievo,Italy,goalkeeper,0,-0.1239538932705364,-0.2105763306197518,-0.043795786724015566,40.0,0.022,36.0
14847,R. Fährmann,Schalke 04,Germany,goalkeeper,0,-0.1271692857833577,-0.21371369682133423,-0.04131188383937391,41.0,0.027,37.0
8480,K. Schmeichel,Leicester City,England,goalkeeper,0,-0.12808315383771132,-0.20977523187912334,-0.050040905957761964,42.0,0.014,38.0
3554,Rubén,Deportivo La Coruña,Spain,goalkeeper,0,-0.12820159531403863,-0.2259137681724831,-0.031170021029568902,44.0,0.039,39.0
21098,A. Gomis,SPAL,Italy,goalkeeper,0,-0.1288813295767307,-0.20451949022282026,-0.04601080892130912,42.0,0.02,40.0
61390,M. Ryan,Brighton & Hove Albion,England,goalkeeper,0,-0.12927918377075912,-0.19337103905155717,-0.07115332563773888,43.0,0.005,41.0
26016,B. Lecomte,Montpellier,France,goalkeeper,0,-0.12954867919227273,-0.17620375217806875,-0.08193242550664048,44.0,0.0,42.0
20832,A. Consigli,Sassuolo,Italy,goalkeeper,0,-0.13088700437296588,-0.19812042030887067,-0.06796441001869968,44.0,0.009,43.0
8094,J. Butland,Stoke City,England,goalkeeper,0,-0.13326417386654077,-0.23336266842424866,-0.04870833314029808,45.0,0.017,44.0
20632,C. Puggioni,Benevento,Italy,goalkeeper,0,-0.13597427117816763,-0.22413115511320425,-0.04177744796725899,49.0,0.023,45.0
21298,Nicolas,Hellas Verona,Italy,goalkeeper,0,-0.13744108688000484,-0.18602147876659764,-0.0904350482418039,48.0,0.0,46.0
15032,R. Zieler,Stuttgart,Germany,goalkeeper,0,-0.13942782876253662,-0.2183198507002907,-0.05646327936814896,51.0,0.012,47.0
25382,A. Lopes,Olympique Lyonnais,France,goalkeeper,0,-0.1423901461214238,-0.20760809237262948,-0.0811028382658617,49.0,0.0,48.0
49968,R. Bürki,Borussia Dortmund,Germany,goalkeeper,0,-0.14375878859516436,-0.2200027150808368,-0.07522259225997673,50.0,0.001,49.0
7847,Ł. Fabiański,Swansea City,England,goalkeeper,0,-0.1446127579586152,-0.21439515073142915,-0.07325231370967154,52.0,0.002,50.0
7882,P. Čech,Arsenal,England,goalkeeper,0,-0.14495035344493887,-0.22331433775510603,-0.07154938492139021,51.0,0.004,51.0
247206,Pau López,Espanyol,Spain,goalkeeper,0,-0.14517268531579589,-0.2254226332076091,-0.06401891346413363,51.5,0.007,52.0
7910,David de Gea,Manchester United,England,goalkeeper,0,-0.14580653410783212,-0.2203320647263628,-0.0745243955288163,52.0,0.001,53.0
25552,S. Mandanda,Olympique Marseille,France,goalkeeper,0,-0.1467057015911308,-0.22224608049812522,-0.07949018023855135,53.0,0.0,54.0
8301,J. Hart,West Ham United,England,goalkeeper,0,-0.1476162328154713,-0.2793932158864301,-0.016064705439489048,52.0,0.054,55.0
15265,T. Horn,Köln,Germany,goalkeeper,0,-0.1477816918617792,-0.19761111175146404,-0.09466697819212985,53.0,0.001,56.0
18704,C. Mathenia,Hamburger SV,Germany,goalkeeper,0,-0.15297399000520306,-0.23600650053129676,-0.05625188532430454,56.0,0.009,57.0
20571,S. Handanovič,Internazionale,Italy,goalkeeper,0,-0.1534017371848424,-0.22265333361781423,-0.08161655602257505,56.0,0.0,58.0
25421,S. Sirigu,Torino,Italy,goalkeeper,0,-0.1534951427814001,-0.2166100544173222,-0.09845838603848012,55.0,0.0,59.0
56038,J. Lössl,Huddersfield Town,England,goalkeeper,0,-0.1537439684128532,-0.20674894853622583,-0.10421836996672551,56.0,0.0,60.0
25381,H. Lloris,Tottenham Hotspur,England,goalkeeper,0,-0.15380885436639924,-0.21386248225144588,-0.09168684063192616,56.0,0.0,61.0
140046,M. Dmitrović,Eibar,Spain,goalkeeper,0,-0.15606364384603635,-0.230034066003651,-0.0933614786608209,57.0,0.0,62.0
50771,K. Johnsson,Guingamp,France,goalkeeper,0,-0.15610742096154354,-0.2203837179231798,-0.09725921354724242,58.0,0.0,63.0
55951,L. Hradecky,Eintracht Frankfurt,Germany,goalkeeper,0,-0.16105394142507512,-0.2461213474108336,-0.08455472798773252,59.0,0.001,64.0
20483,A. Mirante,Bologna,Italy,goalkeeper,0,-0.16251149058065312,-0.2164097915891226,-0.10715674513229073,61.0,0.0,65.0
134496,M. Maignan,Lille,France,goalkeeper,0,-0.1634672929918369,-0.2407854291320423,-0.07752994902154818,61.0,0.002,66.0
166534,T. Strakosha,Lazio,Italy,goalkeeper,0,-0.16529939006135522,-0.22907038669201968,-0.10604459554875029,61.0,0.0,67.0
71654,Ederson,Manchester City,England,goalkeeper,0,-0.16548394885291606,-0.23011633209393084,-0.10146840412066961,61.0,0.0,68.0
9611,P. Gulácsi,RB Leipzig,Germany,goalkeeper,0,-0.1660812632974656,-0.22502329992097525,-0.10599796475197924,63.0,0.0,69.0
3397,Arrizabalaga,Athletic Club,Spain,goalkeeper,0,-0.16887322123339857,-0.2774542811147797,-0.04439719719616428,66.0,0.023,70.0
301635,B. Kamara,Strasbourg,France,goalkeeper,0,-0.1722421838552292,-0.31518694015678705,-0.06367745222996979,65.0,0.01,71.0
49855,Y. Sommer,Borussia M'gladbach,Germany,goalkeeper,0,-0.17672729555290992,-0.2249468365894235,-0.12327571304647329,68.0,0.0,72.0
3963,Cuéllar,Leganés,Spain,goalkeeper,0,-0.17966770508399274,-0.24107434375210485,-0.1138454114870798,69.0,0.0,73.0
15008,M. ter Stegen,Barcelona,Spain,goalkeeper,0,-0.1808120102887779,-0.25469870289377794,-0.11353182622613232,70.0,0.0,74.0
21468,M. Perin,Genoa,Italy,goalkeeper,0,-0.18134536515319927,-0.24778818242386644,-0.11708459284244618,70.0,0.0,75.0
214220,Alisson,Roma,Italy,goalkeeper,0,-0.18489773412054206,-0.256294984546662,-0.11427924557963678,71.0,0.0,76.0
253822,J. Pavlenka,Werder Bremen,Germany,goalkeeper,0,-0.1883475409059295,-0.2471340389664806,-0.129026049366559,72.0,0.0,77.0
7949,Pepe Reina,Napoli,Italy,goalkeeper,0,-0.18924930907863524,-0.24221052918755667,-0.1406554049283706,73.0,0.0,78.0
19525,A. Schwolow,Freiburg,Germany,goalkeeper,0,-0.19480382932282395,-0.2669679626387705,-0.11429769491414374,75.0,0.0,79.0
26365,B. Reynet,Dijon,France,goalkeeper,0,-0.2024502643612024,-0.2592384925287627,-0.14733200340047364,77.0,0.0,80.0
3915,K. Navas,Real Madrid,Spain,goalkeeper,0,-0.20739757811818207,-0.3172081085935058,-0.10872123962026949,77.0,0.0,81.0
3821,Sergio Álvarez,Celta de Vigo,Spain,goalkeeper,0,-0.21557023565115202,-0.3099600493705853,-0.1191359323587058,80.5,0.0,82.0
15795,K. Casteels,Wolfsburg,Germany,goalkeeper,0,-0.2194727553483042,-0.28729426246969575,-0.15246797818634703,82.0,0.0,83.0
25845,S. Ruffier,Saint-Étienne,France,goalkeeper,0,-0.2225474515062112,-0.29562152886001924,-0.1473696714771718,82.0,0.0,84.0
16010,P. Tschauner,Hannover 96,Germany,goalkeeper,0,-0.23202593402822871,-0.30719451016395843,-0.14825059630362655,84.0,0.0,85.0
14979,O. Baumann,Hoffenheim,Germany,goalkeeper,0,-0.23342348818346212,-0.31095066651039893,-0.1612591087468635,85.0,0.0,86.0
25384,R. Vercoutre,Caen,France,goalkeeper,0,-0.2347795515872266,-0.3043090829571611,-0.17120103376720022,86.0,0.0,87.0
54579,R. Jarstein,Hertha BSC,Germany,goalkeeper,0,-0.24331942934788983,-0.32729263595546293,-0.15137309637920504,87.0,0.0,88.0
3296,Adán,Real Betis,Spain,goalkeeper,0,-0.244414534776901,-0.2876049843407028,-0.18922654010281534,87.0,0.0,89.0
14768,B. Leno,Bayer Leverkusen,Germany,goalkeeper,0,-0.24993856663143954,-0.3165053184633763,-0.18344541501692888,87.0,0.0,90.0
3429,T. Courtois,Chelsea,England,goalkeeper,0,-0.25062196937054415,-0.3567174834734937,-0.16108198759771708,88.0,0.0,91.0
86319,L. Chichizola,Las Palmas,Spain,goalkeeper,0,-0.26148372582114354,-0.33514622147212614,-0.18816466895653267,89.0,0.0,92.0
86212,G. Rulli,Real Sociedad,Spain,goalkeeper,0,-0.2870164261830546,-0.36122544599967416,-0.2076257389136237,92.0,0.0,93.0
14736,S. Ulreich,Bayern München,Germany,goalkeeper,0,-0.3021158539758288,-0.40467992494226884,-0.21066695077495348,93.0,0.0,94.0
3822,Rubén Blanco,Celta de Vigo,Spain,goalkeeper,0,-0.3134407979724891,-0.3971714620123057,-0.22783323866546604,94.0,0.0,95.0
246061,F. Bernardeschi,Juventus,Italy,midfielder,4,0.31787434140315846,0.1121462013678429,0.5453724777333954,10.0,0.523,1.0
256084,Kwon Chang-Hoon,Dijon,France,midfielder,11,0.3130159678891659,0.13343304936084732,0.527309371988032,9.0,0.558,2.0
135913,Rony Lopes,Monaco,France,midfielder,15,0.29928062228808744,0.14935820855281748,0.45573659634402125,12.0,0.468,3.0
25776,W. Khazri,Rennes,France,midfielder,9,0.29777448226037506,0.11604030676328257,0.5141207284199935,12.0,0.463,4.0
62224,R. Fraser,AFC Bournemouth,England,midfielder,5,0.2894547762252044,0.1044800744160282,0.5355007568543086,12.0,0.464,5.0
20468,E. Giaccherini,Chievo,Italy,midfielder,3,0.28451008916499426,0.06677186345513832,0.5486865816549762,16.0,0.412,6.0
8959,J. Stanislas,AFC Bournemouth,England,midfielder,5,0.2814848035771489,0.09403456129582842,0.530878255093967,14.0,0.428,7.0
49872,X. Shaqiri,Stoke City,England,midfielder,8,0.2799943866528997,0.16518028771982193,0.3851734922379778,15.0,0.333,8.0
28115,N. Fekir,Olympique Lyonnais,France,midfielder,18,0.27251543402628203,0.13919126242279287,0.4120929879304831,16.0,0.347,9.0
134397,S. Gnabry,Hoffenheim,Germany,midfielder,10,0.2652922809239784,0.09918926879548054,0.43924348729628077,18.0,0.325,10.0
30437,F. Mollet,Metz,France,midfielder,7,0.257969481306757,0.11321026300913571,0.45532605299722445,20.0,0.295,11.0
280383,E. Bardhi,Levante,Spain,midfielder,9,0.24783060027750994,0.09982298167455392,0.4505717322573965,24.0,0.257,12.0
50812,J. Durmaz,Toulouse,France,midfielder,3,0.24742996375557988,0.04738785427297406,0.5676571517707579,28.0,0.329,13.0
14864,L. Holtby,Hamburger SV,Germany,midfielder,6,0.24468761041684992,0.08267111397873565,0.42874940223806307,26.0,0.247,14.0
3287,Portu,Girona,Spain,midfielder,11,0.2426762435768848,0.0565998135811344,0.4673139759839312,26.0,0.26,15.0
275243,S. Khaoui,Troyes,France,midfielder,5,0.2391062174476306,0.10776797827295301,0.4280466633449609,26.5,0.23,16.0
26150,R. Mahrez,Leicester City,England,midfielder,12,0.2375839581173569,0.135927604296674,0.3392003585144754,27.0,0.116,17.0
228981,B. Bourigeaud,Rennes,France,midfielder,10,0.22578859273619475,0.1514759842422512,0.30848681501399894,30.0,0.042,18.0
15129,D. Didavi,Wolfsburg,Germany,midfielder,9,0.21970879420048736,0.0928231301275317,0.3830112907096012,34.0,0.143,19.0
144766,N. Bentaleb,Schalke 04,Germany,midfielder,4,0.2161150814466178,0.09118487723085518,0.37751118896162256,36.0,0.135,20.0
234527,A. Halilović,Las Palmas,Spain,midfielder,2,0.21017495250405172,0.043628038299161905,0.46644459449754544,45.0,0.201,21.0
246063,S. Sensi,Sassuolo,Italy,midfielder,2,0.20790103643806948,0.08588364045379303,0.34124853154530405,38.0,0.089,22.0
225089,José Luis Morales,Levante,Spain,midfielder,10,0.20705143776587312,0.10513900800321395,0.31365246817620257,41.5,0.048,23.0
14816,S. Kagawa,Borussia Dortmund,Germany,midfielder,5,0.2042213993792761,0.07747110467457276,0.36313642210737956,43.0,0.099,24.0
15526,P. Groß,Brighton & Hove Albion,England,midfielder,7,0.2033931932489277,0.12221798261362844,0.30124816269871413,42.0,0.031,25.0
77558,G. Sigurðsson,Everton,England,midfielder,4,0.19613336353061575,0.08424325056764913,0.32997476133073084,47.0,0.07,26.0
25714,D. Payet,Olympique Marseille,France,midfielder,6,0.19393297193116787,0.0996775012234338,0.309869981117843,49.0,0.042,27.0
26100,N. Sliti,Dijon,France,midfielder,7,0.19368014133951203,0.08047432776815445,0.34299837032897135,49.0,0.066,28.0
25407,C. Grenier,Guingamp,France,midfielder,5,0.19293277759789082,0.056903822826140704,0.3564229411623332,53.0,0.091,29.0
20751,J. Cuadrado,Juventus,Italy,midfielder,4,0.19290947933958766,0.0770168793593732,0.3543704855261401,51.0,0.082,30.0
3318,S. Khedira,Juventus,Italy,midfielder,9,0.19031911633945509,0.018876194549301818,0.4159963079396092,53.0,0.151,31.0
325781,J. Lea Siliki,Rennes,France,midfielder,4,0.19025924368848599,0.06729082316474319,0.34619965670531394,54.0,0.086,32.0
276920,V. Vada,Bordeaux,France,midfielder,2,0.18679754608818305,0.0624033065119263,0.3498693483641888,56.0,0.069,33.0
61962,Sung-Yeung Ki,Swansea City,England,midfielder,2,0.18528444028028768,0.07485932050929221,0.3266269933578307,60.0,0.055,34.0
408827,B. Srarfi,Nice,France,midfielder,3,0.18504201234840975,-0.03478365917086896,0.562577670578419,60.0,0.224,35.0
26389,Y. Sankharé,Bordeaux,France,midfielder,7,0.18080237216477102,0.0897382508772922,0.28153983098231233,59.0,0.017,36.0
224971,E. Thommy,Stuttgart,Germany,midfielder,2,0.1780794810373823,0.04858751449563403,0.34771358065391805,67.0,0.073,37.0
3510,Timor,Girona,Spain,midfielder,2,0.17630396863668507,0.05493557668751514,0.38148756025361813,68.0,0.094,38.0
374013,A. Diawara,Napoli,Italy,midfielder,1,0.17497945473203438,0.05556476279908098,0.38400218452845153,75.0,0.076,39.0
25704,F. Balmont,Dijon,France,midfielder,1,0.17465746201688032,0.0466902687675024,0.37395309240702956,72.0,0.088,40.0
15317,L. Bittencourt,Köln,Germany,midfielder,5,0.17267745764463516,0.05397481495944936,0.34388740241005467,68.5,0.057,41.0
14989,D. Caligiuri,Schalke 04,Germany,midfielder,6,0.1723408290569789,0.09077273354480572,0.26212719604392976,70.0,0.008,42.0
14696,Z. Junuzović,Werder Bremen,Germany,midfielder,2,0.1711857568347826,0.05358856307920273,0.3355490379935216,80.5,0.06,43.0
3674,Markel Bergara,Getafe,Spain,midfielder,4,0.171149664630757,-0.001077745749351535,0.42067851060052247,70.5,0.12,44.0
3317,Granero,Espanyol,Spain,midfielder,1,0.1704380640014995,0.09577108404088716,0.264560839967838,77.0,0.009,45.0
8422,W. Zaha,Crystal Palace,England,midfielder,9,0.16967547644056488,0.051234687685558514,0.30084958174151255,70.0,0.027,46.0
3423,Ibai Gómez,Deportivo Alavés,Spain,midfielder,7,0.1694291490231947,0.03381444083802256,0.39001890536983097,80.0,0.105,47.0
25939,M. Diallo,Guingamp,France,midfielder,5,0.16926413534821047,0.023439376190494084,0.36286667241978937,72.0,0.086,48.0
228983,W. Cyprien,Nice,France,midfielder,2,0.16755166132719165,0.04575324923627869,0.34619057591251623,77.5,0.06,49.0
28990,D. Liénard,Strasbourg,France,midfielder,5,0.16507514803702802,0.0999296412950363,0.24579283572651667,79.5,0.002,50.0
70834,Guilherme,Benevento,Italy,midfielder,2,0.16492571813957127,0.01174864809264561,0.356493621486164,86.5,0.083,51.0
127537,L. Milivojević,Crystal Palace,England,midfielder,10,0.16403485446965613,0.07391055946931634,0.2595946107616217,78.0,0.008,52.0
40806,Felipe Anderson,Lazio,Italy,midfielder,4,0.16177098975224802,0.06999643458400294,0.28159692575908024,83.0,0.013,53.0
355599,Mikel Oyarzabal,Real Sociedad,Spain,midfielder,12,0.16164841100782323,0.041213528928906264,0.3108139082341978,76.5,0.035,54.0
20845,G. Bonaventura,Milan,Italy,midfielder,8,0.1613450103144895,0.055845143997268525,0.2961071053645056,86.0,0.022,55.0
282448,Aleix García,Girona,Spain,midfielder,1,0.16059075398442343,0.05828694176896883,0.3344956261424308,94.0,0.059,56.0
3314,Á. di María,PSG,France,midfielder,11,0.16026064102449114,0.05566979867353152,0.28652080430797106,83.5,0.016,57.0
93,J. Guðmunds­son,Burnley,England,midfielder,2,0.159934032836814,0.07806855205700194,0.2663690114108074,83.0,0.007,58.0
256992,A. Fulgini,Angers,France,midfielder,3,0.15873120614727518,0.04821057302482581,0.2966229865496943,85.0,0.021,59.0
3484,Luis Alberto,Lazio,Italy,midfielder,11,0.15828610471590282,0.0824947220513132,0.2581030620452099,82.0,0.004,60.0
3571,Joaquín,Real Betis,Spain,midfielder,4,0.15826148321296554,0.06534397459196425,0.28674868061119646,92.0,0.014,61.0
8370,C. Brunt,West Bromwich Albion,England,midfielder,0,0.1571649767312016,0.12402762902407723,0.18963366960890113,83.0,0.0,62.0
288091,Marco Asensio,Real Madrid,Spain,midfielder,6,0.15700437380315116,0.034779803518632385,0.3144194808481666,91.0,0.036,63.0
8530,J. McClean,West Bromwich Albion,England,midfielder,1,0.15673927252359096,0.06308478488808054,0.28292990287399195,89.0,0.014,64.0
116269,D. Laxalt,Genoa,Italy,midfielder,3,0.155878659822926,0.03863515116230601,0.30248656035908406,83.0,0.033,65.0
20620,Pedro Obiang,West Ham United,England,midfielder,2,0.1557024918560215,0.024463721212279806,0.35263474179853554,98.0,0.069,66.0
209209,F. Tait,Angers,France,midfielder,4,0.1551000787835368,0.0502966792061056,0.280632691960416,93.0,0.013,67.0
70096,J. Rodríguez,Bayern München,Germany,midfielder,7,0.1530902440348208,0.0956615903576402,0.2196860280314413,92.0,0.0,68.0
221333,K. Demirbay,Hoffenheim,Germany,midfielder,2,0.15281552618031644,0.04787514965961669,0.2925562371916224,95.5,0.021,69.0
15524,H. Çalhanoğlu,Milan,Italy,midfielder,6,0.1517595555990621,0.07796807887266718,0.25152902667416244,91.0,0.003,70.0
286223,N. Barella,Cagliari,Italy,midfielder,6,0.15027829265846857,0.0705989635953699,0.2572647524604246,97.0,0.004,71.0
354547,J. Jankto,Udinese,Italy,midfielder,4,0.1502650759622831,0.06046875422990248,0.26786315030549707,98.0,0.01,72.0
3563,Isco,Real Madrid,Spain,midfielder,7,0.1499927788780106,0.06853392435195695,0.2651824089889343,95.0,0.009,73.0
8498,A. King,Swansea City,England,midfielder,3,0.1499487568397986,0.0678059403505269,0.26236252769455015,106.0,0.006,74.0
83836,A. Maxim,Mainz 05,Germany,midfielder,2,0.14967036615803472,0.0819031065621188,0.24342720495648998,97.0,0.005,75.0
7929,T. Cleverley,Watford,England,midfielder,1,0.14956922860947083,0.07339177206334185,0.281391506446543,103.0,0.011,76.0
213948,R. de Paul,Udinese,Italy,midfielder,4,0.14895986362829175,0.06153079518674074,0.2419154668971734,103.0,0.002,77.0
105333,Willian,Chelsea,England,midfielder,6,0.14849993516400742,0.05139922375321773,0.2632972514819307,100.0,0.006,78.0
209091,C. Tolisso,Bayern München,Germany,midfielder,6,0.1473282353568022,0.04531993908449393,0.25967762249630827,103.0,0.007,79.0
20593,R. Pereyra,Watford,England,midfielder,5,0.14702941706264316,0.010036773675659244,0.2916052432289712,98.0,0.018,80.0
146583,J. Brandt,Bayer Leverkusen,Germany,midfielder,9,0.14636532968383084,0.0740869582650675,0.2442208874518881,97.5,0.003,81.0
289711,N. Keïta,RB Leipzig,Germany,midfielder,5,0.14606538925588725,0.06632708614695842,0.23831463712968,103.0,0.001,82.0
295273,G. Donsah,Bologna,Italy,midfielder,2,0.14409489600120937,0.020741207916400068,0.3074591833889131,120.0,0.026,83.0
15191,Y. Mallı,Wolfsburg,Germany,midfielder,5,0.14377076295522434,0.0456784594450137,0.2677316784041781,115.0,0.006,84.0
397046,H. Aouar,Olympique Lyonnais,France,midfielder,6,0.14347577508611253,0.030785059406960618,0.29179230861996175,117.0,0.023,85.0
15194,M. Risse,Köln,Germany,midfielder,1,0.14293583316564737,0.04661750738399996,0.2837000353073613,110.5,0.016,86.0
141172,J. Aholou,Strasbourg,France,midfielder,5,0.1423609252773121,0.06237071834028929,0.2484291606068801,106.0,0.003,87.0
15456,F. Klaus,Hannover 96,Germany,midfielder,4,0.14202867068901107,0.04906242807158503,0.26718925407737104,113.0,0.013,88.0
265172,A. Barák,Udinese,Italy,midfielder,7,0.14112271559433545,0.056590607162779555,0.24927061828085934,110.0,0.004,89.0
220359,P. Faragò,Cagliari,Italy,midfielder,2,0.14087502087454137,0.06866826110563788,0.24200713931525125,114.0,0.001,90.0
25541,J. Veretout,Fiorentina,Italy,midfielder,8,0.14021329579739747,0.06652404567786625,0.23521930986074005,109.0,0.003,91.0
29641,B. Pelé,Troyes,France,midfielder,2,0.1401033593317268,0.03854089306809466,0.27540946386637566,122.0,0.011,92.0
14706,A. Hunt,Hamburger SV,Germany,midfielder,3,0.1399132355769347,0.056239548172775634,0.2343386121631281,119.5,0.001,93.0
127796,F. Kostić,Hamburger SV,Germany,midfielder,5,0.13890751731666187,0.020972695959977538,0.2691840279097605,117.0,0.008,94.0
3645,Chory Castro,Málaga,Spain,midfielder,4,0.13708445073284345,0.06512590724601443,0.2224292910987456,117.0,0.0,95.0
7934,J. Lingard,Manchester United,England,midfielder,8,0.1365056294460259,0.0059234159416308736,0.3024461303999155,128.0,0.028,96.0
20402,K. Boateng,Eintracht Frankfurt,Germany,midfielder,6,0.13537298869334538,0.03133055768073101,0.2549667298459908,128.5,0.01,97.0
209086,M. Sanson,Olympique Marseille,France,midfielder,8,0.13522186360218877,0.0501176519335016,0.24104159412643583,118.0,0.004,98.0
8561,M. Noble,West Ham United,England,midfielder,4,0.13473076426453826,0.06241282689424922,0.22207191317738348,123.5,0.0,99.0
116171,João Pedro,Cagliari,Italy,midfielder,5,0.13332592153710704,-0.0006424673227428815,0.30293095721223495,134.0,0.03,100.0
3474,Jesús Navas,Sevilla,Spain,midfielder,1,0.13318415388650298,0.0421875628359586,0.2578796075592105,127.0,0.006,101.0
105378,Y. Konoplyanka,Schalke 04,Germany,midfielder,4,0.13318344798719858,-0.0020096932894174075,0.29418629325530604,125.0,0.017,102.0
217872,J. Iloki,Nantes,France,midfielder,0,0.13312994308229378,0.07128065952456765,0.20669573950629846,126.0,0.0,103.0
7967,J. Shelvey,Newcastle United,England,midfielder,1,0.13238632468458494,0.09205580377062308,0.18608160944356175,126.5,0.0,104.0
9227,M. Ritchie,Newcastle United,England,midfielder,3,0.13234948881655306,0.06668755297568442,0.22091220833159245,124.0,0.002,105.0
207164,B. N'Diaye,Stoke City,England,midfielder,2,0.132261827430445,-0.0016970787136722655,0.2847572392804272,132.5,0.018,106.0
340019,Gerson,Roma,Italy,midfielder,2,0.1319794192878951,0.008433729821131837,0.3712912760964123,135.5,0.066,107.0
25800,É. Didot,Guingamp,France,midfielder,2,0.13087080328448916,0.035117912524706564,0.3026032471369478,142.5,0.027,108.0
14722,Luiz Gustavo,Olympique Marseille,France,midfielder,5,0.12836353788657576,0.06789511137086564,0.20272697678534832,135.0,0.0,109.0
224680,M. Wolf,Eintracht Frankfurt,Germany,midfielder,5,0.12818397499543943,0.04992204330070966,0.225213622670619,132.0,0.0,110.0
54,C. Eriksen,Tottenham Hotspur,England,midfielder,11,0.1281059220464539,0.05831653561182279,0.21424825450907503,147.0,0.0,111.0
26065,J. Martin,Strasbourg,France,midfielder,4,0.12705281033165355,0.06797126345664056,0.20293344666744284,138.0,0.0,112.0
32652,E. Çolak,Deportivo La Coruña,Spain,midfielder,1,0.12669813980261138,0.04602476053668141,0.23210893330933188,151.0,0.002,113.0
93044,S. Darbion,Troyes,France,midfielder,3,0.1262270282165296,0.012098148119296796,0.3035917847843608,154.0,0.026,114.0
448079,I. Sarr,Rennes,France,midfielder,5,0.1252134915532586,-0.03112536206750443,0.28967257050625195,148.5,0.016,115.0
26604,Y. Salibur,Guingamp,France,midfielder,3,0.12503731870643706,0.029109605990024066,0.23459300073599176,137.0,0.002,116.0
18982,N. Schulz,Hoffenheim,Germany,midfielder,1,0.12322121161209132,0.06336397302060791,0.19680742602312473,144.0,0.0,117.0
20935,Rômulo,Hellas Verona,Italy,midfielder,3,0.12255734730242873,0.07037035875381846,0.18666937507388526,150.5,0.0,118.0
20404,B. Cristante,Atalanta,Italy,midfielder,9,0.12171349486936868,0.03944162099831119,0.20929018604775096,148.0,0.0,119.0
265865,S. Milinković-Savić,Lazio,Italy,midfielder,12,0.12167528982924239,0.02308406605181581,0.2354043390699995,146.0,0.002,120.0
26652,D. Wass,Celta de Vigo,Spain,midfielder,4,0.12160124127230312,0.04965523500635496,0.21717988128647372,154.5,0.001,121.0
25888,F. Fajr,Getafe,Spain,midfielder,1,0.12137787473602177,0.056127254726809774,0.2198352514515447,154.5,0.002,122.0
3350,Fàbregas,Chelsea,England,midfielder,2,0.12117529855130275,0.06920922573210464,0.17980245653352808,150.0,0.0,123.0
135561,F. Grillitsch,Hoffenheim,Germany,midfielder,1,0.12102233251752335,0.06315457186634794,0.2159254194111602,156.0,0.0,124.0
3286,Dani Parejo,Valencia,Spain,midfielder,7,0.12094335519521775,0.05067728546913981,0.20447841360050856,153.0,0.001,125.0
8317,David Silva,Manchester City,England,midfielder,9,0.12042597782446736,0.0596949929655893,0.19960266723296993,150.0,0.0,126.0
134387,L. Goretzka,Schalke 04,Germany,midfielder,4,0.12037009024427181,0.006650668082729596,0.24246064829414596,159.5,0.003,127.0
105334,Douglas Costa,Juventus,Italy,midfielder,4,0.11996921009156372,0.055981098131918795,0.2026923235804305,150.0,0.0,128.0
65055,F. Kainz,Werder Bremen,Germany,midfielder,3,0.11915740621814937,0.04547735512126518,0.1963315007319352,155.5,0.001,129.0
20414,M. Valoti,Hellas Verona,Italy,midfielder,3,0.11736480534161044,-0.020134713066782543,0.33078948805578384,194.0,0.04,130.0
367621,D. Geiger,Hoffenheim,Germany,midfielder,2,0.11724002929123055,0.04662464710032192,0.21370265367828906,163.0,0.0,131.0
4379,Jonathan Viera,Las Palmas,Spain,midfielder,4,0.11714403855671322,0.046692288868743055,0.20256564454399797,162.5,0.002,132.0
207143,Fabinho,Monaco,France,midfielder,7,0.11705331209747462,0.05893645837955633,0.191569884370903,168.0,0.0,133.0
10252,S. Clucas,Swansea City,England,midfielder,3,0.11667682522814067,0.018193302463871998,0.23425084783924596,174.0,0.004,134.0
3676,Illarramendi,Real Sociedad,Spain,midfielder,7,0.1166525108428857,0.08066246888473692,0.1614879910884169,161.0,0.0,135.0
335763,J. Sambia,Montpellier,France,midfielder,1,0.11652989966226748,0.05985707809484851,0.18751344463390462,164.0,0.0,136.0
3320,N. Şahin,Borussia Dortmund,Germany,midfielder,2,0.11651203561706058,0.054981892089185094,0.1920921498451633,173.0,0.0,137.0
3928,Vicente Iborra,Leicester City,England,midfielder,3,0.1162180312583738,-0.006377966998589196,0.26433378842123934,182.0,0.01,138.0
14692,P. Bargfrede,Werder Bremen,Germany,midfielder,1,0.11595167436583818,0.07555014081588005,0.18181754025005,164.0,0.0,139.0
3280,É. Banega,Sevilla,Spain,midfielder,3,0.11592719008728054,0.057343397270679164,0.19044587795200874,170.0,0.0,140.0
8144,J. Ward-Prowse,Southampton,England,midfielder,3,0.11587569641407827,0.021392797662205663,0.24061591089199594,172.0,0.003,141.0
134294,I. Hayden,Newcastle United,England,midfielder,1,0.1156057094170561,0.03497982964044299,0.23732824048692863,176.0,0.009,142.0
65596,M. Sabitzer,RB Leipzig,Germany,midfielder,3,0.11553874188830948,0.036620046524190236,0.20630091130321573,167.0,0.001,143.0
229198,H. Manzala,Amiens SC,France,midfielder,4,0.1154056278648213,0.009859309947835803,0.25164215254731753,167.0,0.007,144.0
340920,L. Blas,Guingamp,France,midfielder,3,0.11501478103680235,0.01965635364071318,0.23430351559518078,175.5,0.008,145.0
8351,A. Surman,AFC Bournemouth,England,midfielder,2,0.11496378546331813,0.03905798326702293,0.20513035166096033,163.5,0.0,146.0
40756,Casemiro,Real Madrid,Spain,midfielder,5,0.11476292408624303,0.04860224674474934,0.19089170339495615,164.0,0.0,147.0
20525,J. Obi,Torino,Italy,midfielder,5,0.11441970072553619,0.01925098161738365,0.254482837537257,188.5,0.008,148.0
149076,V. Eysseric,Fiorentina,France,midfielder,1,0.11432623270773165,0.03823663925322706,0.25873057954505563,175.0,0.007,149.0
3542,Trigueros,Villarreal,Spain,midfielder,3,0.11390638488470288,0.06797959765632935,0.17777743278728614,170.0,0.0,150.0
225948,Rubén Peña,Eibar,Spain,midfielder,1,0.11375705450400864,0.05108387186941286,0.200096437805429,174.5,0.0,151.0
412897,Dani Raba,Villarreal,Spain,midfielder,2,0.1137331353900301,-0.003451576453630416,0.26786092909105674,190.0,0.011,152.0
3595,Beñat,Athletic Club,Spain,midfielder,0,0.1135794875507635,0.07075264997979117,0.16126067533795213,164.0,0.0,153.0
247207,Joan Jordán,Eibar,Spain,midfielder,6,0.11357061349417655,0.03485531418685674,0.20181436953383108,186.0,0.0,154.0
134174,Samu Castillejo,Villarreal,Spain,midfielder,6,0.11333809378172623,0.040902801719305076,0.21372009738837278,176.5,0.001,155.0
20475,A. Vidal,Bayern München,Germany,midfielder,6,0.11306474655844935,0.03357805297809243,0.2062944869004152,167.0,0.0,156.0
3319,M. Özil,Arsenal,England,midfielder,4,0.11300342585585221,0.05115165206949448,0.1822757276793219,177.0,0.0,157.0
38021,K. De Bruyne,Manchester City,England,midfielder,7,0.11293895460784362,0.07234223078466089,0.16192369914295823,171.0,0.0,158.0
28292,A. Doucouré,Watford,England,midfielder,7,0.11280885184816569,0.05073864688392082,0.1815468257301017,171.0,0.0,159.0
22695,N. Viola,Benevento,Italy,midfielder,2,0.11277671997657575,0.051106039011648736,0.19739336684474573,178.0,0.0,160.0
25999,R. Cabella,Saint-Étienne,France,midfielder,8,0.11252638024186146,0.056283546511546,0.18315566062779748,169.5,0.0,161.0
224896,G. Holtmann,Mainz 05,Germany,midfielder,2,0.11230304657933896,0.0543432737089489,0.17524464319880864,171.5,0.0,162.0
21171,M. Hamšík,Napoli,Italy,midfielder,7,0.11138838773704206,0.058473866958858,0.17813699273994793,172.0,0.0,163.0
214062,Álex Granell,Girona,Spain,midfielder,1,0.11113597303815509,0.07673553071063774,0.15894085761294843,180.0,0.0,164.0
7932,D. Fletcher,Stoke City,England,midfielder,1,0.11075399821104463,0.061290901627933866,0.1894415790776265,182.0,0.0,165.0
61988,S. Davis,Southampton,England,midfielder,3,0.11070138914728113,0.042480010764377636,0.2003979111762763,168.0,0.0,166.0
9739,J. Ibe,AFC Bournemouth,England,midfielder,2,0.11066144999906787,-0.014599717020174704,0.251188606578021,183.5,0.009,167.0
215983,S. Boufal,Southampton,England,midfielder,2,0.10971047295565466,0.012546940594002997,0.28121115731580343,202.5,0.019,168.0
9623,R. Brady,Burnley,England,midfielder,1,0.10921353879930848,0.0519051981999324,0.1646420377172316,180.0,0.0,169.0
22381,Daniel Bessa,Hellas Verona,Italy,midfielder,3,0.10906696320100147,0.010525482672138793,0.2587156765533201,196.0,0.012,170.0
25532,V. Bessat,Caen,France,midfielder,0,0.10903013523189248,0.07928116890161001,0.14389862608581186,181.0,0.0,171.0
15256,P. Schwegler,Hannover 96,Germany,midfielder,0,0.1086335822685462,0.08404633400835926,0.13189951219640578,180.0,0.0,172.0
20850,L. Cigarini,Cagliari,Italy,midfielder,2,0.10845306862088393,0.05714435220624633,0.18903699589515105,187.5,0.0,173.0
230897,Fede Cartabia,Deportivo La Coruña,Spain,midfielder,2,0.10829406269744876,0.028954387373245242,0.2225011181515859,198.0,0.001,174.0
7870,A. Ramsey,Arsenal,England,midfielder,7,0.10819487638742689,0.007620204458434037,0.24360639513183888,197.5,0.009,175.0
7868,A. Oxlade-Chamberlain,Liverpool,England,midfielder,3,0.10782629452684842,0.05144593130654675,0.17550593437573847,181.0,0.0,176.0
70965,João Mário,West Ham United,England,midfielder,2,0.10743684710696133,0.027641127579651033,0.2052379947047656,191.5,0.0,177.0
15430,N. Höfler,Freiburg,Germany,midfielder,1,0.10734135090943721,0.05748559972114891,0.17274559066047923,192.0,0.0,178.0
625,M. de Roon,Atalanta,Italy,midfielder,3,0.10684133500285821,0.03765857482934273,0.20277407347095863,199.0,0.0,179.0
8623,J. McArthur,Crystal Palace,England,midfielder,5,0.10678189474048572,0.008026996610813146,0.25039853230475906,195.0,0.003,180.0
14781,L. Bender,Bayer Leverkusen,Germany,midfielder,2,0.1065352619670865,0.0481292423011026,0.18532628684284688,190.0,0.0,181.0
283142,D. Gray,Leicester City,England,midfielder,3,0.10643183104096907,0.0026341794655879115,0.22956302138940368,202.0,0.0,182.0
269060,P. Hernández,Celta de Vigo,Spain,midfielder,3,0.10643076321359059,0.03908800746179927,0.2117680214717836,197.0,0.002,183.0
3384,A. Guardado,Real Betis,Spain,midfielder,2,0.10636488849776946,0.06062569460461677,0.16016087521631947,191.0,0.0,184.0
8981,W. Hughes,Watford,England,midfielder,2,0.10621778059493861,0.005199844241394453,0.23443396872520395,205.5,0.006,185.0
25891,B. Nivet,Troyes,France,midfielder,2,0.10600166821526194,0.003298070828508883,0.2301310019725219,188.0,0.002,186.0
86301,L. Castro,Chievo,Italy,midfielder,3,0.10590437370784207,0.022188634644592396,0.2194256918428611,210.0,0.002,187.0
284469,J. Brekalo,Stuttgart,Germany,midfielder,4,0.10549165590045775,0.016228598251841028,0.2272996000165081,196.0,0.003,188.0
21507,D. Baselli,Torino,Italy,midfielder,4,0.1053181960027106,0.04804804304561547,0.17295260808303595,193.0,0.0,189.0
339789,Mikel Merino,Newcastle United,England,midfielder,1,0.10526933951765297,0.02544297520935388,0.2643027746612554,213.5,0.016,190.0
4969,Tana,Las Palmas,Spain,midfielder,1,0.10508559602975484,0.04848540786060711,0.19707516851397291,206.5,0.0,191.0
3934,N. El Zhar,Leganés,Spain,midfielder,2,0.10469006407844098,0.0078933677164869,0.24715801132141732,218.5,0.006,192.0
4015,Pablo Sarabia,Sevilla,Spain,midfielder,6,0.10437361744889759,0.025242291948090034,0.19727410929706818,199.0,0.0,193.0
25623,G. Kondogbia,Valencia,Spain,midfielder,4,0.10421805179622945,0.016276266709625294,0.20596250315114592,197.0,0.002,194.0
26314,L. Deaux,Guingamp,France,midfielder,2,0.10417347853559186,0.037609237979446306,0.23791252845997957,211.5,0.002,195.0
20448,F. Viviani,SPAL,Italy,midfielder,3,0.10397999349696,0.06238937994987577,0.1552375819096051,203.0,0.0,196.0
25805,F. Tabanou,Guingamp,France,midfielder,0,0.1039285763245316,0.07821962682819687,0.13035154858315265,196.0,0.0,197.0
41056,Thiago Mendes,Lille,France,midfielder,3,0.1038814987343124,0.01905062488000123,0.20965713367373592,212.5,0.0,198.0
8620,M. Diamé,Newcastle United,England,midfielder,2,0.10378715638556822,0.03233916021781585,0.20617772344028604,210.0,0.001,199.0
70092,S. Defour,Burnley,England,midfielder,1,0.10371464058960281,0.07331364459087983,0.14561361628170105,199.0,0.0,200.0
8625,V. Moses,Chelsea,England,midfielder,3,0.1035892475672764,0.03296834085866251,0.19698502578989105,206.0,0.0,201.0
25650,V. Pajot,Saint-Étienne,France,midfielder,2,0.10353773466795257,0.013591741266060327,0.21951291259004507,204.0,0.0,202.0
51151,M. Rohdén,Crotone,Italy,midfielder,2,0.1033251767924148,0.013417621737636607,0.213433606121315,212.0,0.002,203.0
25950,A. Knockaert,Brighton & Hove Albion,England,midfielder,3,0.10238229034633033,0.01630652718000915,0.20960784011407793,224.5,0.0,204.0
21564,I. Radovanović,Chievo,Italy,midfielder,1,0.10217739486315937,0.0715505009363815,0.14089092725738406,205.0,0.0,205.0
69968,M. Brozović,Internazionale,Italy,midfielder,4,0.1020592851401219,0.05215962804637636,0.16652704888539985,218.0,0.0,206.0
20815,A. Barberis,Crotone,Italy,midfielder,2,0.10199739876286887,0.05057197446773411,0.16271636717782373,212.0,0.0,207.0
22380,M. Benassi,Fiorentina,Italy,midfielder,5,0.10179435628213014,0.024608110040677714,0.1848638960249697,206.0,0.0,208.0
134435,A. Grassi,SPAL,Italy,midfielder,3,0.10165395072962288,0.020698025684358745,0.2045901721850993,211.0,0.0,209.0
21291,V. Birsa,Chievo,Italy,midfielder,3,0.10162228615862576,0.04831793437691211,0.16596935550356431,200.5,0.0,210.0
7873,J. Wilshere,Arsenal,England,midfielder,1,0.10151533775411367,0.02712058425240231,0.23714257190992488,216.5,0.001,211.0
8533,S. Sessègnon,Montpellier,France,midfielder,1,0.10105042516792268,-0.026015639455776264,0.3100942891378561,211.0,0.027,212.0
8013,M. Albrighton,Leicester City,England,midfielder,2,0.10101881197036658,0.06603037472826266,0.1463178122146905,206.5,0.0,213.0
86309,B. Zuculini,Hellas Verona,Italy,midfielder,2,0.10097293080525717,0.017931832978769796,0.2101305748988809,229.0,0.0,214.0
278813,S. Bastien,Chievo,Italy,midfielder,1,0.10059398267684606,0.024083443020727516,0.24306157482507412,233.5,0.006,215.0
8976,T. Carroll,Swansea City,England,midfielder,0,0.10052289614780431,0.071488904872785,0.12910255950728822,206.0,0.0,216.0
127534,D. Lazović,Genoa,Italy,midfielder,0,0.10040088129160839,0.03146998043982549,0.1719700051658175,200.0,0.0,217.0
3678,Xabi Prieto,Real Sociedad,Spain,midfielder,3,0.09969989350158924,0.03196707348174754,0.19800727334612722,210.5,0.001,218.0
41174,M. Lanzini,West Ham United,England,midfielder,5,0.09965002241372563,0.03788440689900411,0.1751167348936245,217.0,0.0,219.0
20443,M. Pjanić,Juventus,Italy,midfielder,5,0.0996255862506068,0.0634707292818499,0.1437139814053093,209.5,0.0,220.0
3443,Koke,Atlético Madrid,Spain,midfielder,4,0.09957355072870425,0.06602303205611777,0.14421961895877466,209.0,0.0,221.0
277629,P. Lees Melou,Nice,France,midfielder,5,0.0993762688942832,0.0294815429273275,0.17384504413812665,222.0,0.0,222.0
20685,R. Krhin,Nantes,France,midfielder,1,0.09921232585668543,0.033375143082039156,0.20501260244928973,234.0,0.0,223.0
26956,N. Benezet,Guingamp,France,midfielder,3,0.09916855868119473,0.019699545370102583,0.20951080700470695,224.0,0.0,224.0
241945,P. Sisto,Celta de Vigo,Spain,midfielder,5,0.09858969719383696,0.03454301057934146,0.16560266135487658,209.0,0.0,225.0
20472,S. Padoin,Cagliari,Italy,midfielder,1,0.09829416301183388,0.06199776176192011,0.13997516695705012,216.0,0.0,226.0
4014,Pedro León,Eibar,Spain,midfielder,0,0.09788015843153897,0.025426902145848473,0.1606670115647865,217.0,0.0,227.0
26000,B. Dabo,Saint-Étienne,France,midfielder,3,0.09689401879322158,0.03010123478798011,0.2394529628598022,247.5,0.005,228.0
51145,O. Hiljemark,Genoa,Italy,midfielder,0,0.09687414912720589,-0.003874113671749018,0.19950259015476643,219.0,0.0,229.0
51132,E. Forsberg,RB Leipzig,Germany,midfielder,2,0.09679029630716791,-0.01701117935478194,0.2478814943689579,243.5,0.005,230.0
22566,A. Florenzi,Roma,Italy,midfielder,1,0.09669834211927385,0.06256317511495907,0.13380289525269717,223.0,0.0,231.0
7585,Manu García,Deportivo Alavés,Spain,midfielder,3,0.09662358357300878,0.018861649725735903,0.1895322562950324,231.5,0.0,232.0
4513,D. Cheryshev,Villarreal,Spain,midfielder,2,0.09637811243455373,0.028875610976651398,0.17946736362354287,215.0,0.0,233.0
217874,A. Touré,Nantes,France,midfielder,1,0.09620210797034745,0.04799323696780667,0.1781027959120771,229.0,0.0,234.0
3568,Recio,Málaga,Spain,midfielder,1,0.09606303149234607,0.04168973037041407,0.19285727144905856,243.5,0.0,235.0
14786,K. Bellarabi,Bayer Leverkusen,Germany,midfielder,1,0.09512866384441068,0.0028023709825962463,0.21447300062868593,253.0,0.003,236.0
70215,C. Atsu,Newcastle United,England,midfielder,2,0.09510000772085163,0.025829792267979403,0.1821237440501842,236.0,0.0,237.0
344075,Iñigo Córdoba,Athletic Club,Spain,midfielder,1,0.09502549577218092,0.034539240938409495,0.1798979171635126,236.0,0.0,238.0
9414,M. Phillips,West Bromwich Albion,England,midfielder,2,0.09490460250332772,0.04514894809524385,0.16216940348427322,240.0,0.0,239.0
447804,F. Chiesa,Fiorentina,Italy,midfielder,6,0.09488561564871267,0.015496380834631595,0.19984655475895752,240.0,0.0,240.0
62389,A. Mooy,Huddersfield Town,England,midfielder,4,0.09468915690218466,0.04625408472212756,0.15703284947713014,228.0,0.0,241.0
7989,D. Gosling,AFC Bournemouth,England,midfielder,2,0.09465495523480368,0.032813956453981045,0.16699388825670394,241.0,0.0,242.0
302550,Brais Méndez,Celta de Vigo,Spain,midfielder,1,0.09464795470078735,0.010902670312236818,0.2671248862884221,247.0,0.013,243.0
20879,R. Nainggolan,Roma,Italy,midfielder,4,0.09353603400388237,0.03275584116970761,0.16700952642830819,240.0,0.0,244.0
20441,E. Lamela,Tottenham Hotspur,England,midfielder,2,0.0934324792338234,-0.011072742644264853,0.24775023179681543,258.5,0.008,245.0
332605,Ramadan Sobhi,Stoke City,England,midfielder,2,0.09245804939009333,-0.0037124449153598258,0.2519973426987667,239.0,0.011,246.0
395114,Zubeldía,Real Sociedad,Spain,midfielder,1,0.09217921793641716,-0.003464312793765029,0.23573828486383636,271.0,0.003,247.0
14754,C. Gentner,Stuttgart,Germany,midfielder,2,0.09204227754405116,0.03720193869486128,0.17097231953839553,250.5,0.0,248.0
413582,Y. Bissouma,Lille,France,midfielder,2,0.09201383786580813,0.05219822161919136,0.15475979527586117,250.0,0.0,249.0
209028,A. Thomasson,Nantes,France,midfielder,5,0.09176968521273864,0.007960462335805643,0.19483952500503,239.0,0.0,250.0
246946,E. Skhiri,Montpellier,France,midfielder,4,0.09169652109626247,0.0385562496432695,0.15909760963276284,242.5,0.0,251.0
14723,T. Kroos,Real Madrid,Spain,midfielder,5,0.091456613672241,0.06614233107583138,0.12076007833363774,237.0,0.0,252.0
20812,A. Acquah,Torino,Italy,midfielder,1,0.09142105306344994,0.025307286659493028,0.18989316520909208,256.0,0.0,253.0
61967,V. Wanyama,Tottenham Hotspur,England,midfielder,1,0.09104126920246279,0.016522762280005498,0.24821875565075266,272.0,0.008,254.0
20653,P. Hetemaj,Chievo,Italy,midfielder,3,0.09084543881257122,0.014328265783255982,0.20502793639284722,246.0,0.0,255.0
3420,Susaeta,Athletic Club,Spain,midfielder,2,0.09075949090415017,0.03967524807475159,0.15740530136830402,247.0,0.0,256.0
90268,E. Pulgar,Bologna,Italy,midfielder,2,0.09065235244555948,0.035341236513258316,0.17800731527559538,249.0,0.0,257.0
254898,Kenedy,Newcastle United,England,midfielder,2,0.09029099302896725,0.00026241457210798787,0.2870460380003621,277.0,0.021,258.0
7906,Juan Mata,Manchester United,England,midfielder,3,0.089948895701301,-0.008633073646722474,0.2496414794359107,271.0,0.01,259.0
25647,J. Féret,Caen,France,midfielder,0,0.08990920326693036,0.06798425461585993,0.10999965757325186,241.0,0.0,260.0
20655,L. Rigoni,Genoa,Italy,midfielder,2,0.08977098908992005,-0.016379125106530994,0.21958646650159744,258.0,0.001,261.0
226200,M. Lazzari,SPAL,Italy,midfielder,2,0.0897699260619458,0.05147944380005973,0.142517572356439,252.0,0.0,262.0
399676,Pablo Fornals,Villarreal,Spain,midfielder,3,0.08958119524591895,0.012089422126864372,0.2005385914892051,257.5,0.001,263.0
217031,Thomas,Atlético Madrid,Spain,midfielder,3,0.08933491301080254,0.033251944954085455,0.18095127817433995,261.0,0.0,264.0
14726,F. Ribéry,Bayern München,Germany,midfielder,5,0.08914571622330142,0.0012852815914478578,0.18768455935851958,269.5,0.0,265.0
14938,M. Arnold,Wolfsburg,Germany,midfielder,2,0.08899424046141814,0.055697777592408265,0.12155696090823981,248.0,0.0,266.0
346195,Fabián,Real Betis,Spain,midfielder,3,0.088768609304886,0.041857379658324464,0.1499454479425307,260.5,0.0,267.0
70093,João Moutinho,Monaco,France,midfielder,1,0.08871018101857796,0.05997309974322879,0.1163558959904479,249.0,0.0,268.0
391606,T. Ito,Hamburger SV,Germany,midfielder,0,0.08840613293088832,-0.0016983122915540962,0.19495181549351243,279.0,0.001,269.0
425925,K. Havertz,Bayer Leverkusen,Germany,midfielder,3,0.0883194507244979,0.03177294922335253,0.1572652316759316,249.0,0.0,270.0
263614,N. Amiri,Hoffenheim,Germany,midfielder,2,0.08810375357867345,0.03864274487484647,0.1576692943461174,256.0,0.0,271.0
25826,B. André,Rennes,France,midfielder,3,0.08793454902304997,0.026822630579819737,0.16918758187711702,262.0,0.0,272.0
302799,R. Mandragora,Crotone,Italy,midfielder,2,0.08785317696931684,0.020186465938967554,0.18315394734537363,263.0,0.0,273.0
40726,Allan,Napoli,Italy,midfielder,4,0.08770899499657259,0.03567405717568492,0.14546912290668398,262.0,0.0,274.0
28117,R. Ghezzal,Monaco,France,midfielder,2,0.0876592843327661,0.028101872427002846,0.154253328228254,253.0,0.0,275.0
14838,C. Kramer,Borussia M'gladbach,Germany,midfielder,3,0.08752213467715922,0.03242822920207094,0.15885716193043,270.5,0.0,276.0
16432,Caiuby,Augsburg,Germany,midfielder,5,0.0868132456449391,0.016806588243137466,0.17451582826295534,275.0,0.0,277.0
16110,K. Kampl,RB Leipzig,Germany,midfielder,1,0.08662055857129863,0.04724576284238824,0.13933243221562866,266.0,0.0,278.0
8980,J. Hendrick,Burnley,England,midfielder,2,0.08657785948274255,0.001254549448530533,0.18388677310356205,278.0,0.0,279.0
26384,G. Kakuta,Amiens SC,France,midfielder,6,0.08652081770837206,0.018595069642448205,0.1663552324501036,263.5,0.0,280.0
8125,J. Cork,Burnley,England,midfielder,2,0.08647492961682227,0.032222722779622695,0.16587971130769133,270.5,0.0,281.0
21620,J. Kurtič,SPAL,Italy,midfielder,3,0.08634104518518387,0.002183158653029027,0.19525681273678588,293.0,0.0,282.0
26120,T. Mangani,Angers,France,midfielder,2,0.08570812172796101,0.05724093879205274,0.11712437132713117,265.5,0.0,283.0
15253,M. Lehmann,Köln,Germany,midfielder,0,0.08557511330672697,0.06304717413983016,0.1108295436283736,262.0,0.0,284.0
25942,G. Imbula,Toulouse,France,midfielder,1,0.08546596340305267,0.04103807723066497,0.1447743598722507,272.0,0.0,285.0
49991,R. Freuler,Atalanta,Italy,midfielder,5,0.08525127034340997,0.03317106556645956,0.14556770802140284,267.0,0.0,286.0
25461,R. Boudebouz,Real Betis,Spain,midfielder,2,0.08497629614175146,0.007314582710412133,0.19423486735004875,289.0,0.002,287.0
127685,M. Jojić,Köln,Germany,midfielder,2,0.08485957516944762,0.008935777560283471,0.17293309724679384,286.0,0.0,288.0
375001,I. Sangaré,Toulouse,France,midfielder,1,0.08466953960882258,0.03329443501524119,0.15810474497779378,272.0,0.0,289.0
356237,G. Lo Celso,PSG,France,midfielder,4,0.08451797772547061,0.0251929529312907,0.1781179980566086,287.0,0.0,290.0
247248,S. March,Brighton & Hove Albion,England,midfielder,1,0.08442264631678995,0.02384901624562432,0.17903088410337453,285.0,0.001,291.0
25596,J. Plašil,Bordeaux,France,midfielder,0,0.084288936494117,0.05066592604497778,0.1144974138411053,265.0,0.0,292.0
4009,M. Lacen,Málaga,Spain,midfielder,0,0.08418555009731152,0.06168751955002123,0.10711438788233968,267.0,0.0,293.0
20938,V. Behrami,Udinese,Italy,midfielder,1,0.08416772661219721,0.01224684612381146,0.22142629847733014,294.5,0.002,294.0
3441,Gabi,Atlético Madrid,Spain,midfielder,0,0.08415348204878574,0.061787008089959676,0.1046724835052101,268.0,0.0,295.0
25861,J. Guilavogui,Wolfsburg,Germany,midfielder,3,0.08366947865749866,0.023735739003952646,0.1711157493150713,279.0,0.0,296.0
14727,A. Robben,Bayern München,Germany,midfielder,5,0.08344726829244355,0.012797487669181344,0.17258207564511469,275.0,0.0,297.0
3414,Iturraspe,Athletic Club,Spain,midfielder,0,0.08328201360532006,0.05682449899309054,0.11136431592969252,266.0,0.0,298.0
3470,Campaña,Levante,Spain,midfielder,1,0.08297622338442771,0.030406849632073192,0.1700381256941909,283.0,0.0,299.0
359847,Alfonso Pedraza,Deportivo Alavés,Spain,midfielder,3,0.08229733208776135,0.031826641130322894,0.1441778796882563,282.5,0.0,300.0
26512,M. Dossevi,Metz,France,midfielder,1,0.08209881526058133,0.04770317252957262,0.1158337025542984,280.0,0.0,301.0
134508,S. Fofana,Udinese,Italy,midfielder,3,0.08190478928373804,0.011377225755569986,0.1931134610994123,292.5,0.001,302.0
21025,R. Saponara,Fiorentina,Italy,midfielder,0,0.08186325163616877,0.04573426671011826,0.12226197408508549,273.0,0.0,303.0
3535,J. de Guzmán,Eintracht Frankfurt,Germany,midfielder,0,0.08177287216023087,0.03856601237338235,0.1277993505742388,275.0,0.0,304.0
16027,F. Bartels,Werder Bremen,Germany,midfielder,2,0.0817000998129002,-0.053262534016357166,0.25936061938587324,295.5,0.012,305.0
51004,C. Borges,Deportivo La Coruña,Spain,midfielder,3,0.08156770340719834,-0.0001068275366241814,0.19411273919040467,298.0,0.002,306.0
228928,A. Marušić,Lazio,Italy,midfielder,3,0.08155904426504997,0.04244335830989434,0.1362423107643885,285.5,0.0,307.0
20911,P. Schiattarella,SPAL,Italy,midfielder,1,0.08143645752252342,0.03783944640318404,0.13862062783701604,290.0,0.0,308.0
65027,S. Ilsanker,RB Leipzig,Germany,midfielder,0,0.08130754651230486,0.05410554981639369,0.10932893488098408,281.5,0.0,309.0
302518,L. Cook,AFC Bournemouth,England,midfielder,0,0.08124737038867387,0.059506731878608186,0.10664764503471753,280.0,0.0,310.0
28922,T. Lemar,Monaco,France,midfielder,2,0.0809458375849642,0.041655649078777224,0.1255722894212081,288.5,0.0,311.0
6370,Eraso,Leganés,Spain,midfielder,4,0.08090903155894306,-0.0003238627555276095,0.18566847006388318,294.5,0.0,312.0
256706,L. Phiri,Guingamp,France,midfielder,0,0.07964143030895766,0.04949691473533322,0.113473949506713,286.0,0.0,313.0
29640,M. Lemina,Southampton,England,midfielder,1,0.07916682387168472,0.0356756762539281,0.14012334879665905,309.0,0.0,314.0
3344,Rafinha,Internazionale,Italy,midfielder,2,0.07898552420553563,0.02545074018770358,0.1467139655262357,287.0,0.0,315.0
56025,M. Krohn-Dehli,Sevilla,Spain,midfielder,1,0.07897199223211185,0.03273712543302792,0.13353310310497338,299.0,0.0,316.0
70122,N. Matić,Manchester United,England,midfielder,1,0.0777681969483617,0.03944652280113108,0.13866576049260468,310.0,0.0,317.0
15188,J. Baumgartlinger,Bayer Leverkusen,Germany,midfielder,1,0.07776286704631781,0.0433870692298894,0.13075434959909096,299.0,0.0,318.0
261127,A. Januzaj,Real Sociedad,Spain,midfielder,3,0.07770188285220012,-0.014793029671057332,0.21061418001666435,331.0,0.001,319.0
8116,N. Redmond,Southampton,England,midfielder,1,0.07708174636279791,0.013281639983976218,0.17971230051566933,314.0,0.0,320.0
3843,F. Orellana,Eibar,Spain,midfielder,3,0.07705677003725911,-0.022585215429630285,0.21110854659362235,316.0,0.003,321.0
25537,G. Krychowiak,West Bromwich Albion,England,midfielder,0,0.07705411910840615,0.05081123271510379,0.11231419677844273,301.0,0.0,322.0
21288,Miguel Veloso,Genoa,Italy,midfielder,1,0.07686395134986278,0.05266866248923669,0.10216264627914,299.0,0.0,323.0
18550,E. Can,Liverpool,England,midfielder,3,0.07685982842489955,0.013964382338308079,0.1446646265909954,310.5,0.0,324.0
9419,T. Ince,Huddersfield Town,England,midfielder,2,0.07685597485227894,-0.014665405226410251,0.24279388049524284,333.5,0.011,325.0
43515,Andrei Girotto,Nantes,France,midfielder,1,0.07663224259773795,-0.008143638080678783,0.22340980519784567,313.5,0.0,326.0
16303,D. Latza,Mainz 05,Germany,midfielder,2,0.07637316965605903,0.04151676986479987,0.12002413893783519,313.0,0.0,327.0
40550,Paulinho,Barcelona,Spain,midfielder,9,0.07620413188916315,-0.007156651055962258,0.19282859351705667,323.0,0.003,328.0
8471,A. Townsend,Crystal Palace,England,midfielder,2,0.07594049288906914,0.024661894669706693,0.14262741375930957,312.5,0.0,329.0
14929,M. Hasebe,Eintracht Frankfurt,Germany,midfielder,0,0.07593242334786746,0.04619537963897253,0.10977903209971485,303.0,0.0,330.0
25706,I. Gueye,Everton,England,midfielder,2,0.07567021159217119,0.04486504335909052,0.1149392409897859,309.0,0.0,331.0
20556,A. Candreva,Internazionale,Italy,midfielder,0,0.07563382299312793,0.04763567409654286,0.10282887710193385,301.0,0.0,332.0
279734,V. Koziello,Nice,France,midfielder,1,0.07561655415038623,0.029510111237223694,0.1573760770203919,317.0,0.0,333.0
3416,Javi Martínez,Bayern München,Germany,midfielder,1,0.07557013724547645,0.02115323785367116,0.1482984501342472,310.5,0.0,334.0
20588,K. Asamoah,Juventus,Italy,midfielder,0,0.07554890591533157,0.04762535909002411,0.09951353957611359,306.0,0.0,335.0
14836,T. Inui,Eibar,Spain,midfielder,5,0.07553132470139906,-0.01784047831821542,0.17178685098318972,331.5,0.001,336.0
3353,Iniesta,Barcelona,Spain,midfielder,1,0.07551726800547966,0.04662354173651106,0.10658446791406509,307.0,0.0,337.0
263091,Gumbau,Leganés,Spain,midfielder,1,0.0753465759370688,0.032172981326504084,0.13556282632482342,314.0,0.0,338.0
14808,İ. Gündoğan,Manchester City,England,midfielder,4,0.07488522878887167,0.019937853144287244,0.14347621480410092,314.0,0.0,339.0
8285,J. Livermore,West Bromwich Albion,England,midfielder,2,0.07488131412294133,0.001263894897063138,0.19990688180042562,326.0,0.002,340.0
300669,A. Balić,Udinese,Italy,midfielder,0,0.07487234587849788,0.04139491195449241,0.1149675871937413,309.0,0.0,341.0
425926,A. Maier,Hertha BSC,Germany,midfielder,0,0.0748185062236224,0.03466217284153565,0.11224858667059703,301.0,0.0,342.0
333571,L. Torreira,Sampdoria,Italy,midfielder,4,0.07470619411464818,0.03830622574889612,0.12133403585657053,323.0,0.0,343.0
8290,A. Pritchard,Huddersfield Town,England,midfielder,1,0.07450895681070324,-0.03640262111942962,0.21063163247824865,318.5,0.0,344.0
4278,Borja García,Girona,Spain,midfielder,2,0.07437569545759895,0.02527877461060859,0.1367566790463463,337.0,0.0,345.0
9080,A. Taarabt,Genoa,Italy,midfielder,2,0.07433713372390459,0.0022142760078643323,0.1649236882554496,321.0,0.0,346.0
20943,R. Montolivo,Milan,Italy,midfielder,1,0.07431650372318666,0.03500342710337222,0.1144324709012809,316.0,0.0,347.0
279555,Iván Alejo,Eibar,Spain,midfielder,1,0.07426987028318133,-0.01567656537159837,0.1721781417833965,309.0,0.0,348.0
3282,Canales,Real Sociedad,Spain,midfielder,4,0.07386072692849673,0.028617527338052853,0.1308513589882721,323.0,0.0,349.0
8314,G. Barry,West Bromwich Albion,England,midfielder,1,0.07369496673327917,0.04618872836847624,0.10713533722167122,314.0,0.0,350.0
9283,H. Arter,AFC Bournemouth,England,midfielder,1,0.0733902543201814,0.0509402136138145,0.1047602419969877,321.0,0.0,351.0
7988,Y. Cabaye,Crystal Palace,England,midfielder,0,0.07335209018352443,0.03213390393894619,0.11665001463068374,305.0,0.0,352.0
26285,A. Gonçalves,Strasbourg,France,midfielder,0,0.072931253397803,0.042987167913240136,0.10883121635965547,324.0,0.0,353.0
70156,A. Carrillo,Watford,England,midfielder,1,0.07277612597136048,0.01929297583437063,0.15276388387280526,342.5,0.0,354.0
20529,A. Poli,Bologna,Italy,midfielder,2,0.0722131020419996,0.027765803751367463,0.13384719449488736,334.0,0.0,355.0
8319,J. Milner,Liverpool,England,midfielder,0,0.07199303511158929,0.04049970402437543,0.11217627456846037,324.0,0.0,356.0
3573,J. Toulalan,Bordeaux,France,midfielder,0,0.07157793074809245,0.03500148863990926,0.10608606556646359,327.0,0.0,357.0
51013,R. Quaison,Mainz 05,Germany,midfielder,4,0.07147508049239588,-0.10161655206134994,0.28737335415602944,371.0,0.026,358.0
99902,P. Zieliński,Napoli,Italy,midfielder,4,0.07104154306948256,0.009057827305591733,0.16160845996672119,334.0,0.0,359.0
55990,T. Delaney,Werder Bremen,Germany,midfielder,3,0.07089404451043983,0.01927403185109548,0.13230835191144585,345.0,0.0,360.0
245364,L. Sané,Manchester City,England,midfielder,10,0.07062239737756541,-0.01768967317712512,0.17047515168235075,330.5,0.0,361.0
190167,L. Spinazzola,Atalanta,Italy,midfielder,0,0.07058427017364671,0.04139960687161522,0.09758116188414626,326.0,0.0,362.0
14862,J. Draxler,PSG,France,midfielder,4,0.07027901667314808,0.021546544610689247,0.13297863604468038,336.0,0.0,363.0
11294,S. Arfield,Burnley,England,midfielder,2,0.06983805365262265,-0.06778937988282462,0.22585800243302867,361.0,0.003,364.0
415809,F. Depaoli,Chievo,Italy,midfielder,0,0.06978170263348253,0.027999317748683247,0.10865097287197716,330.5,0.0,365.0
8925,A. Westwood,Burnley,England,midfielder,0,0.06965187804529518,0.03751504854315586,0.1099907188379044,331.5,0.0,366.0
391530,C. Pulisic,Borussia Dortmund,Germany,midfielder,4,0.06959822340099144,-0.023612249199828253,0.1853232584433198,353.0,0.001,367.0
282804,K. Laimer,RB Leipzig,Germany,midfielder,0,0.06956423574851867,0.040576978623592865,0.09851555163485451,327.0,0.0,368.0
20561,S. Lulić,Lazio,Italy,midfielder,3,0.06910119429773684,0.03250741806714897,0.11446272568980899,337.0,0.0,369.0
23427,M. Fossati,Hellas Verona,Italy,midfielder,0,0.06905445595848742,0.03807488434063195,0.09852672989578444,335.5,0.0,370.0
240445,Andreas Pereira,Valencia,Spain,midfielder,1,0.06892944186415279,0.028344374226707613,0.11963407440029482,345.0,0.0,371.0
49876,G. Xhaka,Arsenal,England,midfielder,1,0.06848566936773746,0.04356720865529226,0.09814179970430228,348.0,0.0,372.0
134369,M. Meyer,Schalke 04,Germany,midfielder,0,0.06846994697835632,0.04686859061927623,0.08908414111789358,340.0,0.0,373.0
4013,Rubén Pérez,Leganés,Spain,midfielder,0,0.0682786900496229,0.05120317357863627,0.08574129877224801,341.0,0.0,374.0
265673,Bernardo Silva,Manchester City,England,midfielder,6,0.06819476871196763,-0.024046602200929013,0.1655708535259634,353.0,0.0,375.0
25995,B. Stambouli,Schalke 04,Germany,midfielder,0,0.06818252749407089,0.0473207519671055,0.09386128532263181,343.0,0.0,376.0
25829,P. Lasne,Montpellier,France,midfielder,1,0.06815158855854167,0.03627786423093571,0.10480772797449568,353.0,0.0,377.0
3476,I. Rakitić,Barcelona,Spain,midfielder,1,0.0681038684839538,0.037610291557059784,0.11777496344167106,355.5,0.0,378.0
383,D. Tadić,Southampton,England,midfielder,6,0.06784097005902238,-0.021081030409648552,0.18335285578047783,371.0,0.0,379.0
8200,S. N'Zonzi,Sevilla,Spain,midfielder,1,0.06747313365975967,0.023740975280245935,0.13787985192685503,372.0,0.0,380.0
43051,Gabriel,Leganés,Spain,midfielder,5,0.06745233322922493,-0.008441623955138226,0.16733832374151522,373.5,0.0,381.0
25503,G. Mandjeck,Metz,France,midfielder,0,0.06663841092425998,0.03482003841259619,0.10080873982129908,351.5,0.0,382.0
286448,M. Arambarri,Getafe,Spain,midfielder,1,0.06662987582366665,0.0035286313172852362,0.1643768306686454,376.0,0.0,383.0
372915,A. Harit,Schalke 04,Germany,midfielder,3,0.06652568245510523,-0.0015175812023143574,0.14146002804065874,364.0,0.0,384.0
302600,S. Serdar,Mainz 05,Germany,midfielder,2,0.06604831694025148,-0.0003072751120628994,0.1667967333764414,379.0,0.0,385.0
4363,Vicente Gómez,Las Palmas,Spain,midfielder,0,0.0660260333035291,0.024407031417928653,0.11302357187233694,349.0,0.0,386.0
22162,F. Magnanelli,Sassuolo,Italy,midfielder,0,0.06580991900925658,0.04509493637775724,0.08708099776791646,353.0,0.0,387.0
404219,M. Cuisance,Borussia M'gladbach,Germany,midfielder,0,0.06580055792051247,0.03071836048710457,0.10576425303008224,348.5,0.0,388.0
7964,J. Henderson,Liverpool,England,midfielder,1,0.0653531740533235,0.043484266659663616,0.08973376115012092,357.0,0.0,389.0
3543,Borja Valero,Internazionale,Italy,midfielder,2,0.06514268902236718,0.035551974875398774,0.10927262220823614,366.0,0.0,390.0
14998,J. Schuster,Freiburg,Germany,midfielder,0,0.06413089812399884,-0.006683665895203686,0.13242261000828467,353.5,0.0,391.0
25492,T. Monconduit,Amiens SC,France,midfielder,1,0.06388670987148834,0.030807130830275444,0.11264437774330487,367.0,0.0,392.0
244357,B. Zungu,Amiens SC,France,midfielder,1,0.06382215162886552,0.03465772805884271,0.10457338148802485,374.0,0.0,393.0
25798,E. Capoue,Watford,England,midfielder,1,0.06364490222795806,0.03067073060371866,0.10109840964563103,366.0,0.0,394.0
361807,R. Bentancur,Juventus,Italy,midfielder,0,0.0635667053194372,0.033321550674895964,0.11018668023001993,364.0,0.0,395.0
15823,D. Williams,Huddersfield Town,England,midfielder,0,0.06356066084189455,0.016657419489124487,0.11622487073238223,367.5,0.0,396.0
21315,Jorginho,Napoli,Italy,midfielder,2,0.06355496945682143,0.04264403557854103,0.09974947639324121,370.0,0.0,397.0
3409,San José,Athletic Club,Spain,midfielder,1,0.06351992689521141,0.01896252454851976,0.1279826760109567,397.0,0.0,398.0
3797,Víctor Sánchez,Espanyol,Spain,midfielder,0,0.06272340011250695,0.041077516205165324,0.08541358442707572,369.5,0.0,399.0
54380,O. Selnæs,Saint-Étienne,France,midfielder,0,0.06253572080187683,0.04019861754427414,0.0831708074816988,370.5,0.0,400.0
69400,M. Badelj,Fiorentina,Italy,midfielder,2,0.06242178792264618,0.027519327463474724,0.10499656476344754,377.5,0.0,401.0
228980,J. Gbamin,Mainz 05,Germany,midfielder,1,0.06224467834978882,0.026866833294747844,0.11303672158938656,375.0,0.0,402.0
28866,K. Azamoum,Troyes,France,midfielder,1,0.062116639407385495,0.01729018462725454,0.12498427003950636,384.0,0.0,403.0
15012,H. Nordtveit,Hoffenheim,Germany,midfielder,0,0.06204317576357517,0.016031133461771097,0.11418798978745286,387.5,0.0,404.0
5542,Dani García,Eibar,Spain,midfielder,0,0.06200747330799224,0.044258422105482295,0.0801869248601486,373.0,0.0,405.0
173,R. van La Parra,Huddersfield Town,England,midfielder,3,0.061912068583606414,-0.0084515449084632,0.1492782880870063,383.5,0.0,406.0
27646,P. Capelle,Angers,France,midfielder,2,0.061719032605616085,0.018252186833930106,0.12437098407429041,393.0,0.0,407.0
31528,N. Kanté,Chelsea,England,midfielder,1,0.06128393697231474,0.034945842270084924,0.09281066627024052,377.0,0.0,408.0
20876,A. Ekdal,Hamburger SV,Germany,midfielder,0,0.06104086081327908,0.020904968227245625,0.10850597644327448,383.0,0.0,409.0
8464,F. Delph,Manchester City,England,midfielder,1,0.060910156445585596,0.04780159911514881,0.0748151169301858,378.0,0.0,410.0
5195,Omar Ramos,Leganés,Spain,midfielder,0,0.06084851952749283,0.02050955800338574,0.10474204115334607,379.0,0.0,411.0
262,L. Fer,Swansea City,England,midfielder,1,0.06081962998186711,-0.011106580849300282,0.1696922721336407,405.5,0.0,412.0
253333,A. Blin,Toulouse,France,midfielder,1,0.06068627476056477,-0.014594178560268513,0.14841920945791892,385.0,0.001,413.0
131959,J. Seri,Nice,France,midfielder,2,0.06047394419042932,0.04448720717468878,0.07650253042496429,382.0,0.0,414.0
273819,Xeka,Dijon,France,midfielder,2,0.06037940581564607,-0.028308836284421907,0.18287363492259073,385.0,0.0,415.0
14903,T. Rincón,Torino,Italy,midfielder,1,0.06037303960709307,0.030810859205531373,0.09576514276003466,382.0,0.0,416.0
25649,Y. M'Vila,Saint-Étienne,France,midfielder,0,0.06025101290183675,0.042820299170578544,0.07972827186818844,382.0,0.0,417.0
25470,S. Prcić,Rennes,France,midfielder,1,0.06024619770767859,0.026134575534418076,0.09228233018968361,385.0,0.0,418.0
25764,Y. Cahuzac,Toulouse,France,midfielder,0,0.06017448478271252,0.02482786681290652,0.09681318124740715,379.0,0.0,419.0
4511,Pedro Mosquera,Deportivo La Coruña,Spain,midfielder,0,0.05996957064305337,0.028469739701354538,0.10111665644545186,386.0,0.0,420.0
26508,R. Cohade,Metz,France,midfielder,1,0.05992945112189599,0.035427554051670855,0.08963971238563165,389.0,0.0,421.0
25743,B. Sarr,Olympique Marseille,France,midfielder,0,0.059558788239453535,0.04357426193332464,0.07819020049707454,384.5,0.0,422.0
3503,Raúl García,Athletic Club,Spain,midfielder,10,0.05948623908864484,-0.03016043727116974,0.15957785732864135,399.0,0.0,423.0
3346,Sergio Busquets,Barcelona,Spain,midfielder,1,0.059382036907820825,0.029660416935716114,0.09979168449372759,398.0,0.0,424.0
208652,V. Lazaro,Hertha BSC,Germany,midfielder,1,0.05937648293260618,-0.008272207255532587,0.14964175120229048,419.5,0.001,425.0
4365,Roque Mesa,Swansea City,England,midfielder,0,0.059349232729780946,0.030909660814586293,0.08844996582299879,389.0,0.0,426.0
37732,L. Biglia,Milan,Italy,midfielder,1,0.05928728402050756,0.044943064862983516,0.07522557531566466,383.0,0.0,427.0
327009,Walace,Hamburger SV,Germany,midfielder,1,0.05878749793348109,0.00425894446820055,0.1427131701019843,409.0,0.0,428.0
26311,R. Amalfitano,Dijon,France,midfielder,0,0.05876437607038062,0.041509605149163006,0.07713838785477821,393.0,0.0,429.0
7965,Lucas Leiva,Lazio,Italy,midfielder,2,0.05875573377480596,0.03306730244129994,0.09009178058521639,397.0,0.0,430.0
15487,J. Haberer,Freiburg,Germany,midfielder,3,0.058745526946468715,-0.01182683546977795,0.14105463713858624,407.0,0.0,431.0
7899,Oriol Romeu,Southampton,England,midfielder,1,0.05826390956963182,0.028293040127079522,0.10338662847783686,402.0,0.0,432.0
105339,Fernandinho,Manchester City,England,midfielder,5,0.058202972457795224,0.025852668250012485,0.09773819839452044,399.0,0.0,433.0
69404,M. Kovačić,Real Madrid,Spain,midfielder,0,0.058041713735594254,0.036857831614584086,0.08457522915303196,393.0,0.0,434.0
15777,D. Baier,Augsburg,Germany,midfielder,0,0.057903745493997634,0.04247822859793042,0.07334428472923672,394.0,0.0,435.0
14812,I. Perišić,Internazionale,Italy,midfielder,11,0.05783682434530293,-0.006607912261535357,0.12926381426891356,405.0,0.0,436.0
3650,Tomás Pina,Deportivo Alavés,Spain,midfielder,1,0.05775015139180418,0.016071002021960608,0.09490899800858375,391.0,0.0,437.0
279717,A. Maitland-Niles,Arsenal,England,midfielder,0,0.05754917860340208,0.013554401241329386,0.11536401867793529,409.0,0.0,438.0
360992,D. Zakaria,Borussia M'gladbach,Germany,midfielder,2,0.057276053899628164,-0.006299979245407509,0.12803342261774292,402.0,0.0,439.0
20749,A. Bertolacci,Genoa,Italy,midfielder,1,0.057187807932694124,0.02683257764030514,0.0982089946975588,409.5,0.0,440.0
3566,Camacho,Wolfsburg,Germany,midfielder,0,0.057067934316900285,0.013984462660502326,0.09580826345754433,401.0,0.0,441.0
3345,Thiago Alcântara,Bayern München,Germany,midfielder,2,0.05688047937744609,0.018636751284966023,0.102152012368881,396.0,0.0,442.0
89559,C. Aránguiz,Bayer Leverkusen,Germany,midfielder,1,0.056808406951695485,0.030262476094559176,0.0860075300561651,403.5,0.0,443.0
235555,R. Loftus-Cheek,Crystal Palace,England,midfielder,2,0.056729204770693195,0.012092949836752421,0.11716183650835027,409.5,0.0,444.0
21314,E. Hallfreðsson,Udinese,Italy,midfielder,0,0.05666141726901165,0.0343536656133233,0.07950484798176802,401.0,0.0,445.0
8897,J. Hogg,Huddersfield Town,England,midfielder,0,0.056357762813124476,0.03970449541485297,0.07467087367282346,402.0,0.0,446.0
114,K. Strootman,Roma,Italy,midfielder,1,0.05612921088318631,0.019723435103037826,0.09480732555710716,408.0,0.0,447.0
15937,D. Demme,RB Leipzig,Germany,midfielder,0,0.05555302357759688,0.038619481595659845,0.07407172623167535,412.0,0.0,448.0
20401,A. Aquilani,Las Palmas,Spain,midfielder,0,0.0553185485887197,0.028259455851575063,0.08553260564450833,404.0,0.0,449.0
116349,M. Vecino,Internazionale,Italy,midfielder,3,0.055237269768166015,0.006701841832794906,0.11803148608913282,432.0,0.0,450.0
49997,S. Zuber,Hoffenheim,Germany,midfielder,1,0.05518469734988394,0.019148996980250462,0.09291314785109495,411.0,0.0,451.0
372752,Carlos Soler,Valencia,Spain,midfielder,1,0.054835410905450334,0.015105599518981844,0.10878918286612899,418.0,0.0,452.0
3866,M. Iturra,Málaga,Spain,midfielder,0,0.05476871751543115,0.024029553001749165,0.0950009373841539,411.5,0.0,453.0
30427,J. Marié,Dijon,France,midfielder,1,0.054710943569119354,0.01765045263453773,0.10460358620780244,437.0,0.0,454.0
356903,S. Özcan,Köln,Germany,midfielder,0,0.05441446298374175,0.03819304358537123,0.07365168901095556,413.0,0.0,455.0
22163,S. Missiroli,Sassuolo,Italy,midfielder,1,0.054410984352866155,0.009626130322086032,0.10571115893276682,425.5,0.0,456.0
280115,M. Lopez,Olympique Marseille,France,midfielder,0,0.05429380375978882,0.03675932767448824,0.07680513149487887,412.0,0.0,457.0
328333,L. Pellegrini,Roma,Italy,midfielder,3,0.0539275366647261,0.013694127071714548,0.10596253838442787,419.0,0.0,458.0
167641,S. Lobotka,Celta de Vigo,Spain,midfielder,0,0.05392504310892328,0.041439949728501034,0.06699493356394805,416.0,0.0,459.0
3704,P. Diop,Eibar,Spain,midfielder,0,0.053806204662834894,0.019483675416132853,0.09691595801060719,416.5,0.0,460.0
8086,D. Stephens,Brighton & Hove Albion,England,midfielder,0,0.0537877157553091,0.03649871442097827,0.07369213471232178,416.0,0.0,461.0
149053,R. Walter,Troyes,France,midfielder,1,0.05333972332434835,0.018782447110953063,0.10063622981163162,417.0,0.0,462.0
3803,Sergi Darder,Espanyol,France,midfielder,1,0.053309871283630045,0.019226074091449583,0.09951223251116027,428.0,0.0,463.0
260002,V. Rongier,Nantes,France,midfielder,1,0.052927391862018704,0.01829059221777726,0.09934509942878811,437.0,0.0,464.0
165425,D. Kohr,Bayer Leverkusen,Germany,midfielder,1,0.05281627552891797,-0.014617543564384626,0.13105464641725592,424.5,0.0,465.0
286226,M. Locatelli,Milan,Italy,midfielder,0,0.05268777063319847,0.013386708459313328,0.10368231023093831,426.0,0.0,466.0
86828,G. Pizarro,Sevilla,Spain,midfielder,1,0.052630972090082946,0.014662391807237494,0.11630689617204101,441.0,0.0,467.0
15781,Ja-Cheol Koo,Augsburg,Germany,midfielder,2,0.05255147655967135,-0.024539117439298513,0.1471528199703401,446.5,0.0,468.0
25405,M. Gonalons,Roma,Italy,midfielder,0,0.05253390555331591,0.028560808549407814,0.08229692780415598,427.0,0.0,469.0
285109,F. Kessié,Milan,Italy,midfielder,5,0.052219294173326665,-0.014345049891745109,0.14628361847655402,446.0,0.0,470.0
86486,G. Poblete,Metz,France,midfielder,0,0.05163269581755045,0.03234358614038444,0.07664081685894296,427.5,0.0,471.0
208716,A. Schöpf,Schalke 04,Germany,midfielder,0,0.05163248935833523,-0.016683527901538524,0.12120106717488736,441.0,0.0,472.0
7936,P. Pogba,Manchester United,England,midfielder,6,0.051442795403365514,0.001425537659044666,0.11623045808073397,441.5,0.0,473.0
14997,J. Schmid,Augsburg,Germany,midfielder,0,0.051376502225662354,-0.002694727064148679,0.09547218476814406,421.0,0.0,474.0
14770,G. Castro,Borussia Dortmund,Germany,midfielder,0,0.05117572399098014,0.010332798114641023,0.09567370324790357,441.0,0.0,475.0
3413,Ander Herrera,Manchester United,England,midfielder,0,0.050953179993152894,0.03020545858343884,0.07191347833742977,430.0,0.0,476.0
4361,Javi Castellano,Las Palmas,Spain,midfielder,0,0.05085031616632932,0.012871899186751619,0.08644468331034738,421.0,0.0,477.0
40614,Guilherme,Deportivo La Coruña,Spain,midfielder,0,0.05070719124683662,0.02766854410457458,0.0754173053052672,431.0,0.0,478.0
212644,G. Escalante,Eibar,Spain,midfielder,1,0.05067998573858315,0.0009988351414123595,0.12980432113190085,447.5,0.0,479.0
28291,T. Bakayoko,Chelsea,England,midfielder,2,0.05028186465322796,-0.010922235240693955,0.12688998203920496,451.0,0.0,480.0
8291,Sandro,Benevento,Italy,midfielder,1,0.05000841384629278,-0.014613317448060006,0.11673244186889138,439.5,0.0,481.0
15276,M. Weiser,Hertha BSC,Germany,midfielder,1,0.04982832493989053,0.024462038450761055,0.07281838258556808,438.0,0.0,482.0
13484,D. Alli,Tottenham Hotspur,England,midfielder,9,0.04940330896354972,-0.04851046025556406,0.15804602252372696,458.5,0.0,483.0
140125,N. Radoja,Celta de Vigo,Spain,midfielder,0,0.04900580011146383,0.00646362516691752,0.10537913833079061,444.0,0.0,484.0
247220,Jason,Levante,Spain,midfielder,1,0.0489973556598361,0.0011414295732256666,0.1054288026560799,435.0,0.0,485.0
247222,Medrán,Deportivo Alavés,Spain,midfielder,2,0.0487965775739684,0.014291492546654133,0.09836256843179898,445.5,0.0,486.0
37739,D. Praet,Sampdoria,Italy,midfielder,1,0.048708515186683544,0.01931342559356785,0.08605027291793754,456.0,0.0,487.0
136011,M. Gaćinović,Eintracht Frankfurt,Germany,midfielder,1,0.04866475522130283,-0.02264741113261848,0.1448233623119966,454.0,0.0,488.0
247219,Víctor Camarasa,Real Betis,Spain,midfielder,1,0.048651896723265316,0.006996679208504057,0.10562281470638872,451.0,0.0,489.0
272363,M. Dahoud,Borussia Dortmund,Germany,midfielder,0,0.04862087239401146,0.020807253837138755,0.08386979454390044,441.0,0.0,490.0
20823,F. Vázquez,Sevilla,Spain,midfielder,4,0.04854558905015491,-0.04697016586759374,0.14437513026778845,467.5,0.0,491.0
289359,Y. Aït Bennasser,Caen,France,midfielder,0,0.048527176483447704,0.03241853642719717,0.07059735615136567,447.0,0.0,492.0
149062,T. Dingomé,Troyes,France,midfielder,0,0.04832807341822202,0.012064992192547055,0.08455237440433529,438.5,0.0,493.0
20816,É. Barreto,Sampdoria,Italy,midfielder,1,0.04796017531010029,0.00019100430811104012,0.11203916490727832,454.5,0.0,494.0
210044,E. Dier,Tottenham Hotspur,England,midfielder,0,0.047739386174347954,0.02848322071494624,0.06864253035601975,450.5,0.0,495.0
274344,B. Santamaria,Angers,France,midfielder,0,0.04742890904776666,0.03350824042226602,0.06325741128009796,453.0,0.0,496.0
3315,L. Diarra,PSG,France,midfielder,0,0.047259559702277014,0.016900353616303616,0.09502295269352083,459.0,0.0,497.0
138174,K. Linetty,Sampdoria,Italy,midfielder,3,0.04696823945196882,0.007487574067586378,0.10024970856695031,468.0,0.0,498.0
25439,T. Motta,PSG,France,midfielder,1,0.04685218824047123,0.025608787211130746,0.07576047612213449,462.0,0.0,499.0
345707,B. Özcan,Stuttgart,Germany,midfielder,1,0.046526973667956675,-0.0043894022156351015,0.10243885539069983,452.0,0.0,500.0
241564,O. Zinchenko,Manchester City,England,midfielder,0,0.04645495360054949,0.027130660317522533,0.06343199571617936,453.0,0.0,501.0
413737,S. Ascacíbar,Stuttgart,Germany,midfielder,0,0.04628955369035035,0.026781304234814517,0.06951429217184968,454.0,0.0,502.0
70120,Javi García,Real Betis,Spain,midfielder,1,0.04577975186534902,0.0010346838989612275,0.0907416211135533,451.0,0.0,503.0
20438,D. De Rossi,Roma,Italy,midfielder,1,0.04565111647027289,0.012287437584545775,0.07997951803609565,459.0,0.0,504.0
14866,Jurado,Espanyol,Spain,midfielder,0,0.04557737085017134,0.015981716512550398,0.07778200858352735,459.0,0.0,505.0
3538,M. Wakaso,Deportivo Alavés,Spain,midfielder,0,0.04557465531854814,-0.008756124423978925,0.09378587312420453,444.5,0.0,506.0
77548,J. Allen,Stoke City,England,midfielder,2,0.044831166641957326,-0.00652042520099608,0.11103244660903822,468.0,0.0,507.0
3572,Portillo,Getafe,Spain,midfielder,2,0.04462365865704534,0.0035031303634547152,0.09510274527627433,470.5,0.0,508.0
25403,J. Ferri,Olympique Lyonnais,France,midfielder,0,0.044332173838655606,0.004770155483149126,0.07029712463712921,467.0,0.0,509.0
209117,A. Rabiot,PSG,France,midfielder,1,0.04389887412120054,0.011554478837834834,0.08471706349332048,475.0,0.0,510.0
14863,M. Höger,Köln,Germany,midfielder,0,0.043860460634802756,0.024710250039542456,0.06605276203586159,468.0,0.0,511.0
257750,Thiago Maia,Lille,France,midfielder,0,0.04323724400358863,0.02756699992166634,0.05934149594399192,472.0,0.0,512.0
292310,L. Mazzitelli,Sassuolo,Italy,midfielder,0,0.04316967629315921,-0.015805229863866496,0.11904103829121179,484.0,0.0,513.0
466,D. Pröpper,Brighton & Hove Albion,England,midfielder,0,0.042602461490794774,0.02255237785408347,0.06250699697019528,474.0,0.0,514.0
105338,H. Mkhitaryan,Manchester United,England,midfielder,3,0.042527490628985726,0.005447561133037413,0.10425265461414693,480.0,0.0,515.0
127928,D. Brašanac,Leganés,Spain,midfielder,2,0.042508103065987124,0.00588875960656213,0.08193524955652297,477.0,0.0,516.0
15018,P. Herrmann,Borussia M'gladbach,Germany,midfielder,0,0.04248389347379376,-0.0038935437591468554,0.09947212867319699,475.5,0.0,517.0
364644,A. Dioussé,Saint-Étienne,France,midfielder,1,0.04214057645348265,0.01977664340090608,0.07216685285383415,475.0,0.0,518.0
230020,A. Iwobi,Arsenal,England,midfielder,3,0.04199196539377556,0.005941992403577408,0.08484841013868241,482.0,0.0,519.0
38015,S. Peeters,Caen,France,midfielder,0,0.041778272342015726,-0.02043321612568833,0.1041287534067423,475.0,0.0,520.0
28232,I. Amadou,Lille,France,midfielder,0,0.04148346468852186,0.019986851777599967,0.06697428935563626,481.0,0.0,521.0
295569,Otávio,Bordeaux,France,midfielder,0,0.0414291316448965,0.024409040058431256,0.05985786467162572,479.0,0.0,522.0
16826,R. Khedira,Augsburg,Germany,midfielder,1,0.04128503777801615,0.0025030240274120817,0.07996542282093629,481.0,0.0,523.0
366401,A. Zambo Anguissa,Olympique Marseille,France,midfielder,0,0.04070601970838555,0.023054103565114455,0.061037752105002306,482.0,0.0,524.0
7986,M. Abeid,Dijon,France,midfielder,0,0.04056816992366805,-0.0005688898615382215,0.09781214693394562,497.0,0.0,525.0
11152,M. Dembélé,Tottenham Hotspur,England,midfielder,0,0.04055684722651264,0.02506310223874612,0.06085288330161104,487.0,0.0,526.0
4488,Saúl,Atlético Madrid,Spain,midfielder,2,0.04043763554457124,-0.0012240351093071732,0.09940939569528166,492.5,0.0,527.0
364005,F. Valverde,Deportivo La Coruña,Spain,midfielder,0,0.04027549992490085,0.004158519498380108,0.07646036769561206,483.0,0.0,528.0
330387,M. Coco,Guingamp,France,midfielder,2,0.03964298056513263,-0.014956686468418776,0.10940162961498655,501.0,0.0,529.0
224677,J. Weigl,Borussia Dortmund,Germany,midfielder,1,0.03944689855301938,0.025086693987661304,0.05379110944205581,489.0,0.0,530.0
4911,Jozabed,Celta de Vigo,Spain,midfielder,0,0.03779744453517157,0.012302546182165771,0.06610063588691491,496.0,0.0,531.0
25440,J. Pastore,PSG,France,midfielder,4,0.03751699941192973,-0.005945535754452613,0.08724774840177642,493.0,0.0,532.0
294695,T. Ndombèlé,Olympique Lyonnais,France,midfielder,0,0.03690433152223018,0.021745142664212208,0.05708062214951357,502.0,0.0,533.0
135114,P. Højbjerg,Southampton,England,midfielder,0,0.036613177476149526,0.017378779062883987,0.05630559393595652,500.0,0.0,534.0
22099,M. Büchel,Hellas Verona,Italy,midfielder,0,0.036367478999346184,0.015168921417193077,0.058372366238650435,499.5,0.0,535.0
20470,C. Marchisio,Juventus,Italy,midfielder,0,0.036363272582023536,0.011324709792584866,0.06584499417914673,500.0,0.0,536.0
208089,I. Fossum,Hannover 96,Germany,midfielder,1,0.03633567235420079,-0.04128605481554812,0.12662778320110676,507.5,0.0,537.0
220341,R. Chibsah,Benevento,Italy,midfielder,0,0.0363143107173455,0.012415737452848784,0.06461134916266469,500.5,0.0,538.0
8287,L. Modrić,Real Madrid,Spain,midfielder,1,0.03592926310747101,0.005362871096241253,0.06806402996378196,500.5,0.0,539.0
25437,B. Matuidi,Juventus,France,midfielder,3,0.03577442696948605,-0.012268843650983692,0.09316946385209157,513.0,0.0,540.0
240070,H. Winks,Tottenham Hotspur,England,midfielder,0,0.03563796331094704,0.018395906934076448,0.05443246609837351,506.0,0.0,541.0
56441,L. Lerager,Bordeaux,France,midfielder,3,0.03555348234622558,0.008069044410437919,0.06360590518500761,507.0,0.0,542.0
14905,P. Skjelbred,Hertha BSC,Germany,midfielder,0,0.03538096791572179,-0.0004223758173904784,0.06250682330672351,501.0,0.0,543.0
229124,A. Hunou,Rennes,France,midfielder,5,0.03536546233709406,-0.12186234714085786,0.18004099805516713,494.5,0.0,544.0
256478,D. Cataldi,Benevento,Italy,midfielder,1,0.03527812659391356,-0.002559791192807752,0.08858214952745605,514.5,0.0,545.0
82518,V. Darida,Hertha BSC,Germany,midfielder,0,0.03463618416562953,0.012060904946369261,0.058936470213522066,507.0,0.0,546.0
471348,W. McKennie,Schalke 04,Germany,midfielder,0,0.034378783343206806,0.0052346665098441285,0.07096832379027217,516.0,0.0,547.0
3680,Zurutuza,Real Sociedad,Spain,midfielder,0,0.034091198289704416,0.007987250501405392,0.05913432350446292,512.0,0.0,548.0
364860,Rodri,Villarreal,Spain,midfielder,1,0.03408000758783276,0.006168386840734806,0.07100875886626729,525.5,0.0,549.0
134542,N. Mendy,Nice,France,midfielder,0,0.03396938163392286,0.014374113402358814,0.054022106992486094,509.0,0.0,550.0
293686,J. Murphy,Newcastle United,England,midfielder,1,0.03278107929582782,-0.01381667292220445,0.07690566943979729,520.5,0.0,551.0
15695,M. Heller,Augsburg,Germany,midfielder,0,0.03267492942498382,-0.008237034045673518,0.07649018594325668,514.0,0.0,552.0
21169,B. Džemaili,Bologna,Italy,midfielder,1,0.03267096873121951,-0.01806124785104487,0.08006353643456514,521.0,0.0,553.0
207001,J. Correa,Sevilla,Spain,midfielder,1,0.03201725664251365,-0.044806252334098566,0.1533483216427674,542.0,0.001,554.0
25835,F. Sammaritano,Dijon,France,midfielder,0,0.03199760497480199,-0.014046415502762687,0.07972731174587261,520.0,0.0,555.0
15811,S. Rudy,Bayern München,Germany,midfielder,1,0.03191920246367951,0.01901086748627143,0.04818994153943978,521.0,0.0,556.0
22383,A. Duncan,Sassuolo,Italy,midfielder,0,0.03177791221612808,0.0027012548970363312,0.06121981887125488,524.0,0.0,557.0
230895,Pere Pons,Girona,Spain,midfielder,0,0.031058788180592996,0.003105118002487728,0.05396125707065629,521.0,0.0,558.0
77552,N. Dyer,Swansea City,England,midfielder,0,0.030830135527502987,-0.013018083270361554,0.07158544682440152,523.5,0.0,559.0
20689,G. Ramírez,Sampdoria,Italy,midfielder,3,0.03076006300504652,-0.02696579297446615,0.10133814510611677,531.0,0.0,560.0
15942,L. Rupp,Hoffenheim,Germany,midfielder,3,0.02977459028046218,-0.012889225213181317,0.0775257450095928,534.0,0.0,561.0
241676,R. Gagliardini,Internazionale,Italy,midfielder,0,0.029706237726189404,0.008582140479870024,0.054388745396277874,524.0,0.0,562.0
3705,Adrián,Málaga,Spain,midfielder,3,0.029625022721399098,-0.049479293267832056,0.1295700684138115,533.0,0.0,563.0
353236,T. Davies,Everton,England,midfielder,2,0.02930043291936953,-0.036103821474693945,0.1225195697281051,539.0,0.0,564.0
14802,M. Bakalorz,Hannover 96,Germany,midfielder,0,0.028903059677844366,0.00777639911464485,0.05035956422980771,532.0,0.0,565.0
4332,Javi Fuego,Espanyol,Spain,midfielder,0,0.0280489828552928,-0.009106781308973088,0.06485604772545833,532.0,0.0,566.0
272440,M. Eggestein,Werder Bremen,Germany,midfielder,2,0.02759523805374617,-0.029177413371082882,0.0975111767950465,536.0,0.0,567.0
263802,Y. Tielemans,Monaco,France,midfielder,0,0.027416326499898887,-0.006035042670752514,0.0522896987988883,532.0,0.0,568.0
9293,M. Pugh,AFC Bournemouth,England,midfielder,0,0.027166198901858417,-0.012553980756399035,0.07821624779066719,531.0,0.0,569.0
91064,D. Torres,Deportivo Alavés,Spain,midfielder,0,0.026964164882830287,0.001193864208989689,0.05345015907981941,534.0,0.0,570.0
28230,A. Tameze,Nice,France,midfielder,0,0.02696096669621439,0.0007266248002374749,0.05594730891523636,537.5,0.0,571.0
8143,M. Schneiderlin,Everton,England,midfielder,0,0.026777339638244278,-0.0002692795513080078,0.05111458885592963,539.5,0.0,572.0
258162,Renato Sanches,Swansea City,England,midfielder,0,0.02653956781972921,0.009841089055809708,0.04588855425560245,538.0,0.0,573.0
14806,M. Götze,Borussia Dortmund,Germany,midfielder,2,0.02622192829161812,-0.0044896302205373224,0.06597247294929375,539.0,0.0,574.0
5290,Mikel Rico,Athletic Club,Spain,midfielder,0,0.026055443900336914,-0.01025600377822998,0.0722400148709028,539.0,0.0,575.0
120339,Mohamed Elneny,Arsenal,England,midfielder,0,0.025091965140148657,0.008274707143113423,0.042040564881888426,542.0,0.0,576.0
21383,M. Verratti,PSG,France,midfielder,0,0.024818413286293237,-0.003184839164155321,0.04884188062521466,542.0,0.0,577.0
255738,J. Lerma,Levante,Spain,midfielder,0,0.023752354636371015,-0.008453905088193879,0.05357200219861483,546.0,0.0,578.0
116,G. Wijnaldum,Liverpool,England,midfielder,1,0.023472695050050427,-0.008411785041204845,0.06108856077380753,548.5,0.0,579.0
26381,B. Corgnet,Strasbourg,France,midfielder,0,0.02286407555122276,-0.027016325973007047,0.06709888674668159,547.0,0.0,580.0
37725,C. Kouyaté,West Ham United,England,midfielder,2,0.022525953176211293,-0.022853782054275535,0.08649839937266167,553.0,0.0,581.0
43196,Somália,Toulouse,France,midfielder,1,0.02048378579658008,-0.02984424878999478,0.07590952297853948,555.0,0.0,582.0
18591,J. Hofmann,Borussia M'gladbach,Germany,midfielder,0,0.02026742124490504,-0.03685441175367906,0.07433324208355757,558.0,0.0,583.0
265366,W. Ndidi,Leicester City,England,midfielder,0,0.018352226738334206,-0.0033265891522162015,0.04040775221689129,557.0,0.0,584.0
20623,R. Soriano,Villarreal,Spain,midfielder,0,0.018173597560176818,-0.018146689455504624,0.055492259706140044,560.0,0.0,585.0
21350,M. Parolo,Lazio,Italy,midfielder,4,0.016996897926984954,-0.02840991700463645,0.08501257928187386,566.0,0.0,586.0
25504,S. Meïté,Bordeaux,France,midfielder,1,0.0162089082763611,-0.017123127883997023,0.04919686825247081,563.0,0.0,587.0
174,F. Đuričić,Benevento,Italy,midfielder,0,0.015297842696659849,-0.01971417790999025,0.04779002133530409,565.0,0.0,588.0
4375,Vitolo,Las Palmas,Spain,midfielder,2,0.014707346857126387,-0.037651349319187864,0.0670390716881524,568.0,0.0,589.0
342743,L. Tousart,Olympique Lyonnais,France,midfielder,0,0.01465857168559068,-0.010978212845085466,0.03988542258127585,565.0,0.0,590.0
192748,M. James,Leicester City,England,midfielder,0,0.013260989824034362,-0.044206724144708234,0.06706958326586078,565.0,0.0,591.0
22323,L. Memushaj,Benevento,Italy,midfielder,0,0.012043090800765944,-0.0035942413295376677,0.025564810776856947,570.0,0.0,592.0
26518,C. Sánchez,Espanyol,Italy,midfielder,1,0.012014549358305255,-0.016740394110687472,0.03748843829222183,568.0,0.0,593.0
21894,Keko,Málaga,Spain,midfielder,0,0.009630573797919659,-0.025437496577065954,0.05140580546960896,575.0,0.0,594.0
50073,A. Ioniţă,Cagliari,Italy,midfielder,0,0.007177150901256229,-0.018840869805672535,0.033863328309569424,578.0,0.0,595.0
223560,L. Öztunali,Mainz 05,Germany,midfielder,0,0.00317986731051954,-0.026261605799321918,0.03759902400442914,582.0,0.0,596.0
8284,A. Lennon,Burnley,England,midfielder,0,0.00039517984772076403,-0.04312156135072362,0.03976634511569833,583.0,0.0,597.0
25804,M. Sissoko,Tottenham Hotspur,England,midfielder,1,-0.007367110350469183,-0.03314854626747313,0.017708954384164623,590.0,0.0,598.0
