player_id,name,team,league,position_group,goals,HOLD,ci_low,ci_high,median_rank,P(top 10),rank
4358,Laguardia,Deportivo Alavés,Spain,defender,2,0.10527444026868575,0.027804644562886165,0.23629502709768316,1.0,0.81,1.0
221172,A. Hack,Mainz 05,Germany,defender,1,0.06443907060337159,0.029053060684181408,0.10839488600340359,6.0,0.722,2.0
14923,M. Russ,Eintracht Frankfurt,Germany,defender,1,0.0632309786470812,0.017618784400494778,0.14190794384855496,6.5,0.633,3.0
7978,P. Dummett,Newcastle United,England,defender,0,0.058671097495163214,0.015110905534742283,0.10949612766900464,8.5,0.572,4.0
25993,Hilton,Montpellier,France,defender,0,0.05094243731128014,0.020456206059368168,0.08651962285504355,12.0,0.427,5.0
21639,L. Ceppitelli,Cagliari,Italy,defender,3,0.047291064514970935,0.020611800987047724,0.08350640594131996,15.0,0.371,6.0
15122,D. Maroh,Köln,Germany,defender,0,0.04701994341495222,0.007611552538537712,0.10473169086172145,17.0,0.396,7.0
364772,C. Awaziem,Nantes,France,defender,1,0.04688915477205426,0.008838019169407803,0.10468745630855211,18.0,0.362,8.0
3920,Pedro López,Levante,Spain,defender,0,0.04598995814743106,0.002661922990103741,0.10127871777205918,21.0,0.347,9.0
25710,A. Soumaoro,Lille,France,defender,0,0.045413684944066425,0.02137885092278459,0.07491455496394978,18.0,0.275,10.0
22732,F. Pisacane,Cagliari,Italy,defender,0,0.04105759247075477,0.008844430881220326,0.09325760209300778,27.5,0.279,11.0
3885,L. Cabrera,Getafe,Italy,defender,0,0.03954516659153189,-0.024838019067591914,0.09418275029565013,23.0,0.326,12.0
8833,J. Lascelles,Newcastle United,England,defender,3,0.03778172259237335,0.009729754510313441,0.06718614154599224,29.0,0.168,13.0
20636,M. Andreolli,Cagliari,Italy,defender,0,0.037271857958843774,0.011842764865429022,0.07599019661299666,34.5,0.172,14.0
20458,A. Barzagli,Juventus,Italy,defender,0,0.03617555299247385,0.017319752162953537,0.06361862261918687,37.0,0.093,15.0
20929,A. Gamberini,Chievo,Italy,defender,0,0.034483259442119614,-0.05074845327279835,0.11017206174104398,31.0,0.364,16.0
20707,S. De Maio,Bologna,Italy,defender,2,0.033581915202303025,0.0015995978633579382,0.07873798993974214,59.0,0.148,17.0
26276,N. Pallois,Nantes,France,defender,0,0.033177885693249094,-0.006839708452737137,0.07732609256695715,48.0,0.181,18.0
21162,P. Cannavaro,Sassuolo,Italy,defender,0,0.03257073514277543,0.002779460376109381,0.067010596540986,51.0,0.107,19.0
22377,I. M'baye,Bologna,Italy,defender,1,0.032261986728530034,0.015959782561244754,0.050384905647193674,53.0,0.02,20.0
3695,Álvaro González,Villarreal,Spain,defender,0,0.0321010473084953,0.01027867017837304,0.06335806787032475,54.0,0.086,21.0
16443,L. Balogun,Mainz 05,Germany,defender,0,0.03171350166893033,0.00910034442602812,0.06115607253174718,57.0,0.053,22.0
20393,D. Bonera,Villarreal,Spain,defender,0,0.03166296368350211,-0.01852744899803187,0.10437612888110816,59.0,0.222,23.0
70112,E. Garay,Valencia,Spain,defender,0,0.03161395933974873,0.006789105694133579,0.05873249071948475,53.0,0.056,24.0
19720,M. Gulde,Freiburg,Germany,defender,1,0.03134816822339907,0.0021883818632480873,0.0733357545361391,53.0,0.146,25.0
6513,Raúl García,Leganés,Spain,defender,0,0.031155510053208126,0.008867808958736165,0.056899007465993925,64.0,0.054,26.0
119951,Ahmed Hegazy,West Bromwich Albion,England,defender,2,0.031153644236664585,0.007729753825476961,0.05878638140444006,60.0,0.057,27.0
192,J. Vuković,Hellas Verona,Italy,defender,1,0.03075781647142654,-0.0038716649637680262,0.06827633635362147,61.5,0.107,28.0
8944,B. Mee,Burnley,England,defender,0,0.030550242721633154,0.012307743763606672,0.04927482623451593,59.0,0.012,29.0
41127,Pablo,Bordeaux,France,defender,0,0.030421366164621225,-0.0034416437110664296,0.07538869224376228,76.0,0.132,30.0
105523,Danilo Avelar,Amiens SC,France,defender,1,0.03012192590217082,0.00936402442592452,0.052153972178494476,65.0,0.023,31.0
15449,M. Mavraj,Hamburger SV,Germany,defender,0,0.029969373285521028,0.016190385608106657,0.04545865406235316,66.0,0.003,32.0
489488,Martín,Deportivo Alavés,Spain,defender,0,0.029879444836339475,0.009989392091462953,0.05291153683304982,66.0,0.03,33.0
8554,J. Tomkins,Crystal Palace,England,defender,3,0.02970701120618639,0.010484069534979986,0.05349595148523419,63.5,0.033,34.0
49919,F. Moubandje,Toulouse,France,defender,0,0.02958679133814269,0.01767604795830678,0.042083299597692185,65.0,0.0,35.0
403449,Rogério,Sassuolo,Italy,defender,0,0.029467639477469783,0.007273131971633805,0.05761731117206269,63.0,0.048,36.0
22883,A. Izzo,Genoa,Italy,defender,1,0.029448362877469113,0.011612881554207796,0.049577746134479274,65.0,0.015,37.0
110,J. Willems,Eintracht Frankfurt,Germany,defender,0,0.029411869249950765,0.01642079343321777,0.04439645017941535,68.0,0.001,38.0
15039,K. Rausch,Köln,Germany,defender,0,0.028983186833137744,0.017453273567046117,0.04632376495928886,71.0,0.004,39.0
21279,E. Moretti,Torino,Italy,defender,0,0.028803835603063297,0.006200994087485856,0.058275514282172466,73.0,0.052,40.0
286915,F. Eboa Eboa,Guingamp,France,defender,1,0.02871259941960196,0.0076578067650961016,0.05482385063424859,75.0,0.033,41.0
14887,J. Bruma,Wolfsburg,Germany,defender,0,0.028657694044462712,-0.004028932714881139,0.0699802188042318,71.0,0.097,42.0
65254,K. Wimmer,Stoke City,England,defender,0,0.028627164796174664,-0.003002512285880526,0.07170491256487911,71.0,0.122,43.0
50102,F. Schär,Deportivo La Coruña,Spain,defender,2,0.028605687045987656,0.0036181885473663277,0.05632549628797662,72.0,0.043,44.0
206318,D. Biraschi,Genoa,Italy,defender,0,0.028509180754862102,0.009476821567286351,0.04838149955099193,70.5,0.017,45.0
102,Marcelo,Olympique Lyonnais,France,defender,3,0.028366633984484576,0.015481663656435248,0.04091192680655103,77.0,0.0,46.0
20635,F. Acerbi,Sassuolo,Italy,defender,0,0.028265634816858988,0.011663131520278175,0.04485954970785286,72.5,0.0,47.0
25557,J. Morel,Olympique Lyonnais,France,defender,0,0.028046046097839214,0.010265017815283392,0.04930441392181555,78.0,0.013,48.0
3468,Juan Cala,Getafe,Spain,defender,2,0.027996881838989112,0.013759043442429883,0.042346637439853216,79.0,0.001,49.0
366563,V. Selimovic,Metz,France,defender,0,0.027834033826806402,-0.006622072159038694,0.06022732048665539,81.0,0.055,50.0
703,M. Yoshida,Southampton,England,defender,2,0.027502956188316552,0.014199775489311806,0.040477915469211756,81.0,0.0,51.0
227894,J. Giménez,Atlético Madrid,Spain,defender,1,0.027477189918654877,0.011697549420781111,0.04809189965968635,81.5,0.009,52.0
14688,S. Prödl,Watford,England,defender,0,0.027175107162845137,-0.006382521638347176,0.06176058809292265,86.0,0.067,53.0
223516,R. Bauer,Werder Bremen,Germany,defender,0,0.02714651246044419,-0.0024737229662425814,0.05892364876271902,82.0,0.06,54.0
9097,L. Dunk,Brighton & Hove Albion,England,defender,1,0.026735789543166796,0.0018979501290127012,0.05264446098602172,88.0,0.03,55.0
86328,G. Pezzella,Fiorentina,Italy,defender,1,0.026678041360422244,0.010995565558171693,0.0432781114243014,87.0,0.001,56.0
7887,G. Cahill,Chelsea,England,defender,0,0.02653509928575816,0.006032414303004317,0.05122991206659448,97.0,0.023,57.0
300784,Jorge,Monaco,France,defender,1,0.02640422101205248,0.013570943112318476,0.0411828611563382,92.0,0.001,58.0
3916,G. Cabral,Celta de Vigo,Spain,defender,1,0.02638135862894004,0.007658793593312069,0.04810816495951177,92.0,0.009,59.0
270866,Diego Carlos,Nantes,France,defender,1,0.026183164074672687,-0.007022814869097613,0.06001174887839137,104.0,0.053,60.0
393228,M. Sarr,Nice,France,defender,0,0.025743121129628843,0.01034733092202542,0.04537129830343014,95.0,0.004,61.0
14885,D. Aogo,Stuttgart,Germany,defender,0,0.02558680559211872,0.015765497464072516,0.03834381995962674,97.5,0.0,62.0
15399,D. Brosinski,Mainz 05,Germany,defender,1,0.02520727455580553,0.005786975582205951,0.048051816697597685,107.0,0.014,63.0
21550,Gabriel Silva,Saint-Étienne,France,defender,1,0.025174995219951767,0.008838598989621405,0.04222916561289441,101.0,0.005,64.0
21072,N. Spolli,Genoa,Italy,defender,0,0.025126290717515223,-0.0018979803206147063,0.055558641533718915,108.5,0.033,65.0
7914,J. Evans,West Bromwich Albion,England,defender,2,0.025085446887304148,0.002714245436921578,0.051622532671665305,110.0,0.023,66.0
8004,C. Clark,Newcastle United,England,defender,2,0.025059580226936128,-0.013082933588555475,0.06163416710282607,106.0,0.071,67.0
7918,P. Jones,Manchester United,England,defender,0,0.024996272210814928,-0.00015113037300642512,0.04963419748089569,103.0,0.02,68.0
9164,C. Taylor,Burnley,England,defender,0,0.024934847275960913,0.007389435816149945,0.04350406374278411,95.0,0.007,69.0
225022,Rubén Duarte,Deportivo Alavés,Spain,defender,0,0.02490826118681094,0.015567716498162342,0.03486049819022931,102.0,0.0,70.0
296341,Bernardo,RB Leipzig,Germany,defender,1,0.024680109155115162,-0.014141543259173852,0.05724467351078299,106.0,0.045,71.0
208694,Rodrigo Ely,Deportivo Alavés,Spain,defender,1,0.024669093484439217,0.0002712808687286975,0.05198523683748363,98.0,0.025,72.0
18669,J. Hector,Köln,Germany,defender,2,0.024553968344974666,0.002494549629396432,0.051418398478233464,109.0,0.023,73.0
3523,F. Lejeune,Newcastle United,England,defender,0,0.024538618207562094,0.007244891446394111,0.04506287434378027,110.0,0.005,74.0
14870,J. Matip,Liverpool,England,defender,1,0.02418903206529644,0.00998327599378831,0.044355976044476275,109.0,0.003,75.0
8553,W. Reid,West Ham United,England,defender,0,0.024108118800539355,-0.016760216624392185,0.062393010576635204,100.5,0.066,76.0
28314,C. Hérelle,Troyes,France,defender,0,0.024074623895844287,0.004908360797441861,0.049792448032226766,112.5,0.016,77.0
3642,Ramis,Eibar,Spain,defender,3,0.023988577957199463,0.00891109632443435,0.04013077171367739,114.0,0.002,78.0
20516,D. Faraoni,Crotone,Italy,defender,2,0.023674629747499953,0.004512157986002707,0.04472125743539631,114.5,0.007,79.0
132,T. Kongolo,Huddersfield Town,England,defender,0,0.023524448117015706,-0.008086026055814818,0.05666339574059906,122.0,0.037,80.0
393214,V. Rosier,Dijon,France,defender,0,0.023484423149979814,0.007325484980418547,0.04027881317183274,118.5,0.0,81.0
14853,C. Fuchs,Leicester City,England,defender,0,0.023451675385333583,0.010661436159990767,0.03826981721950915,114.0,0.0,82.0
20808,E. Muñoz,Leganés,Spain,defender,0,0.023373548994764255,-0.007275590773369075,0.0541777086139411,116.0,0.029,83.0
14715,H. Badstuber,Stuttgart,Germany,defender,2,0.023297446761300532,-0.0005464076320736395,0.0552103597927662,125.0,0.031,84.0
25864,L. Perrin,Saint-Étienne,France,defender,0,0.023159349764863283,0.007366080557745477,0.03957496898017403,115.0,0.0,85.0
143566,Douglas Santos,Hamburger SV,Germany,defender,1,0.023156059447792664,0.012739583185415066,0.03297684890502266,121.0,0.0,86.0
3970,Gálvez,Las Palmas,Spain,defender,1,0.023109478119822155,0.004622082806492742,0.04183299676995384,122.5,0.001,87.0
49856,D. Abraham,Eintracht Frankfurt,Germany,defender,0,0.023082247916674223,0.002197864875421257,0.04738509258473834,117.0,0.01,88.0
26633,A. Souquet,Nice,France,defender,0,0.02306218826944273,0.007205135848618087,0.04334457440373833,132.0,0.003,89.0
20518,Juan Jesus,Roma,Italy,defender,0,0.023006059662841912,-0.00869042001410323,0.0596731570779374,113.0,0.052,90.0
286917,F. Touré,Lille,France,defender,0,0.022901661083610015,0.007344532474214634,0.045930110844829876,127.5,0.005,91.0
11095,M. Veljkovic,Werder Bremen,Germany,defender,1,0.02268117543835547,0.008090986355626847,0.03772333841314043,127.5,0.0,92.0
214710,B. Dibassy,Amiens SC,France,defender,1,0.022518419562104364,-0.00024081615720414516,0.04508289821260505,129.5,0.006,93.0
3692,Bernardo Espinosa,Girona,Spain,defender,0,0.022458310703576505,-0.00033307408110751745,0.044547584202868924,120.0,0.008,94.0
221411,P. Max,Augsburg,Germany,defender,2,0.022365965823130933,0.012939015322152041,0.032219202773157415,129.0,0.0,95.0
215281,A. Mbengue,Caen,France,defender,0,0.02230801750455574,0.010065603590701622,0.03709842906811585,124.0,0.0,96.0
254,R. Rosales,Málaga,Spain,defender,1,0.0219526983684042,0.007367472558536097,0.042023299532492814,138.0,0.002,97.0
410062,J. Koundé,Bordeaux,France,defender,2,0.021839293575866486,0.007783376026744826,0.04283297295843794,141.0,0.005,98.0
14716,J. Boateng,Bayern München,Germany,defender,1,0.0216837026350052,0.0065798274773989605,0.04260194825580658,138.5,0.004,99.0
107,E. Pieters,Stoke City,England,defender,0,0.02163023196343435,-0.0036060049278311096,0.0552107149591575,155.0,0.035,100.0
120717,O. Haddadi,Dijon,France,defender,1,0.02155077744043494,0.0077194100173672816,0.038518157777631366,139.0,0.001,101.0
4086,Bóveda,Deportivo La Coruña,Spain,defender,0,0.021294539315308947,-0.006749252401409935,0.05490692200964929,142.5,0.031,102.0
20866,D. Astori,Fiorentina,Italy,defender,1,0.02125963317335077,0.005241587677291667,0.0382727038378696,145.0,0.001,103.0
29474,R. Thomas,Angers,France,defender,2,0.02122619527670707,-0.0005579169025247706,0.045843083067424066,146.0,0.007,104.0
21842,C. Biraghi,Fiorentina,Italy,defender,1,0.02109760751424596,0.004972309254705137,0.03860999152299261,138.0,0.0,105.0
40539,Marquinhos,PSG,France,defender,0,0.02105908255625209,0.003831369646073824,0.04035801276124833,144.5,0.003,106.0
278007,F. Ricca,Málaga,Spain,defender,0,0.020980632369979248,0.0013380859499186925,0.04322674855462128,152.0,0.004,107.0
14778,Ö. Toprak,Borussia Dortmund,Germany,defender,0,0.020857618235097023,0.001046951432694696,0.04617542114737966,167.0,0.007,108.0
3496,Sergio Postigo,Levante,Spain,defender,1,0.020704229398789752,-0.012273081328410328,0.0597111317145153,145.0,0.049,109.0
144884,C. Jullien,Toulouse,France,defender,1,0.02066234921923548,0.0002723042346297179,0.04178621651770247,146.0,0.002,110.0
235450,A. Diallo,Mainz 05,Germany,defender,2,0.020609021920702967,0.0053621087685148975,0.04143391317073312,160.0,0.003,111.0
3408,Saborit,Athletic Club,Spain,defender,0,0.020590982938147522,0.0004049116196713951,0.05327027809496302,171.0,0.023,112.0
20460,M. Cáceres,Hellas Verona,Italy,defender,4,0.02053505593366692,-2.8850137640239714e-05,0.04256455781509272,142.0,0.006,113.0
336829,R. Koch,Freiburg,Germany,defender,2,0.02050816454709056,0.0020605484428116634,0.038693054201040716,144.0,0.0,114.0
272434,W. Anton,Hannover 96,Germany,defender,1,0.02036956316356182,0.010241553708410617,0.032138712649293286,154.0,0.0,115.0
7922,C. Smalling,Manchester United,England,defender,4,0.020334426020825837,-0.007382712799732668,0.05265975726323404,152.5,0.027,116.0
25643,K. Théophile Catherine,Saint-Étienne,France,defender,0,0.020328925528581357,0.008311440294640315,0.03379687953538849,150.0,0.0,117.0
350976,B. Chilwell,Leicester City,England,defender,0,0.020225970247506525,0.006175325058394692,0.03608284328559685,157.0,0.0,118.0
15125,M. Plattenhardt,Hertha BSC,Germany,defender,0,0.02018884755998084,0.004535400676148718,0.03501405721357439,151.0,0.0,119.0
38532,E. Zukanović,Genoa,Italy,defender,0,0.020167650478740865,0.0037087332225500314,0.03922393971042615,155.0,0.0,120.0
16843,D. Heintz,Köln,Germany,defender,1,0.020155620939019916,0.002632462751760108,0.03931127072159756,161.0,0.001,121.0
65075,M. Hinteregger,Augsburg,Germany,defender,0,0.02007088347963708,0.0033484983342888905,0.03971550038378441,152.0,0.002,122.0
213308,J. Alonso,Lille,France,defender,2,0.020038356121728246,0.0022544814377943047,0.044088913598509694,156.0,0.005,123.0
28908,F. Guilbert,Caen,France,defender,1,0.01982087827126913,0.008254934111378778,0.030711444561250002,160.0,0.0,124.0
14801,N. Subotić,Saint-Étienne,France,defender,2,0.019792484014086058,-0.0048988580223613245,0.05091868727380656,165.5,0.022,125.0
8889,A. Mariappa,Watford,England,defender,0,0.01977940722640326,0.0025446203749272716,0.04018420978677734,152.0,0.003,126.0
25430,M. Sakho,Crystal Palace,England,defender,1,0.019760419527049298,-0.012458822579585955,0.052327999673865734,157.5,0.024,127.0
138408,M. Škriniar,Internazionale,Italy,defender,4,0.019616828247344054,0.007204244978978363,0.03404020227530024,158.0,0.0,128.0
25625,L. Baal,Rennes,France,defender,0,0.019601042776480802,0.007270574550562512,0.031976851433621854,157.0,0.0,129.0
26115,S. Sané,Hannover 96,Germany,defender,4,0.019569315146493772,0.005792036546636666,0.034678882456969026,167.5,0.001,130.0
15103,F. Lustenberger,Hertha BSC,Germany,defender,0,0.01949847823087807,0.004826528763303001,0.033525306314748454,165.0,0.0,131.0
8653,H. Maguire,Leicester City,England,defender,2,0.019460159096456514,-0.004845991096453896,0.040268085274526966,153.5,0.0,132.0
26399,D. Da Silva,Caen,France,defender,4,0.01944822319408463,0.0010008038128028356,0.03730964628681456,153.0,0.0,133.0
25534,I. Cissokho,Amiens SC,France,defender,0,0.019327240963880256,0.00531259282787974,0.031121306088328193,167.0,0.0,134.0
282438,Aarón,Espanyol,Spain,defender,0,0.01914118750720295,0.00730897885233806,0.03146798260642842,156.5,0.0,135.0
235597,T. Baumgartl,Stuttgart,Germany,defender,0,0.019120064110216665,0.005451009744247177,0.032784338210344446,162.0,0.0,136.0
292991,M. Lemos,Las Palmas,Italy,defender,1,0.018993633231349328,-0.0016396293847727851,0.0489182308978187,181.5,0.015,137.0
26373,S. Souprayen,Hellas Verona,Italy,defender,0,0.018915772950913644,-0.0006164366828167902,0.03860357103082195,170.0,0.002,138.0
250805,Djené,Getafe,Spain,defender,1,0.018750396376822503,-0.005387949345689217,0.044687932679363614,180.5,0.006,139.0
334720,R. Bensebaini,Rennes,France,defender,0,0.018685945541281772,-0.0072128583128108536,0.04137422077841681,148.0,0.0,140.0
366581,J. Gnagnon,Rennes,France,defender,2,0.018619353147380155,-0.0025681059194326765,0.042990158364665666,162.0,0.005,141.0
454,P. van Aanholt,Crystal Palace,England,defender,5,0.018523323716901283,0.006156187077221991,0.03073096232517886,175.0,0.0,142.0
214628,J. Amavi,Olympique Marseille,France,defender,0,0.018478138572675044,0.0072003541513531175,0.03520406262582509,182.5,0.0,143.0
77546,A. Williams,Everton,England,defender,1,0.018417872137815178,-0.014507462099310751,0.05109351860544032,160.0,0.013,144.0
272378,P. Stenzel,Freiburg,Germany,defender,1,0.018337604888951628,0.004604755921487167,0.03343515124483641,179.0,0.0,145.0
3335,Bartra,Real Betis,Germany,defender,3,0.018322127596907146,0.0019058873944071937,0.037928317592463984,187.0,0.0,146.0
211853,Rúben Vezo,Valencia,Spain,defender,0,0.018299100283912767,-0.008353392939192288,0.04783667449169597,174.0,0.016,147.0
5472,Luis Hernández,Málaga,Spain,defender,0,0.018126314090624013,0.002707151757310054,0.03549860041207856,172.0,0.0,148.0
203113,I. Sylla,Toulouse,France,defender,1,0.01812375107991973,0.00046808665796650874,0.03709098299004844,171.5,0.001,149.0
26134,P. Gouano,Amiens SC,France,defender,0,0.018123135903999263,-0.004937001479853719,0.04051240348535259,186.0,0.003,150.0
25558,N. N'Koulou,Torino,Italy,defender,2,0.01800452951119904,-0.0008808128951151902,0.04219637414563162,190.0,0.001,151.0
48,J. Vertonghen,Tottenham Hotspur,England,defender,0,0.017893186859144854,0.011015060891926016,0.02475763180658968,185.0,0.0,152.0
228963,H. Traoré,Rennes,France,defender,0,0.0178068481797136,0.0032655130204470957,0.03184194535476302,181.0,0.0,153.0
3460,Coke,Levante,Germany,defender,3,0.017803747732583978,-0.005755387158242273,0.04504701855111247,176.5,0.015,154.0
20723,B. Salamon,SPAL,Italy,defender,0,0.017736246793235436,0.0014361869194007338,0.03967583481464742,188.0,0.0,155.0
135103,A. Christensen,Chelsea,England,defender,0,0.017712546006588666,0.004022404599231436,0.03081812189398558,197.0,0.0,156.0
7982,D. Santon,Internazionale,Italy,defender,0,0.017692688170297437,-0.005015888131702899,0.04649776472275087,183.5,0.012,157.0
25726,K. Koulibaly,Napoli,Italy,defender,5,0.01764168678020352,0.010787971731711062,0.025005551913438978,186.0,0.0,158.0
230862,Lekue,Athletic Club,Spain,defender,0,0.017584847554108517,0.007347592972274841,0.029945127753585325,192.0,0.0,159.0
8311,S. Savić,Atlético Madrid,Spain,defender,0,0.01745829374180755,-0.030887475148116357,0.064159443463363,192.0,0.068,160.0
93000,Antunes,Getafe,Spain,defender,0,0.017452161438893582,0.005384986662643198,0.03175834787384278,193.5,0.0,161.0
135901,Pedro Rebocho,Guingamp,France,defender,0,0.01742994546861355,0.008009258136679616,0.029045048392923132,193.0,0.0,162.0
74,R. Klavan,Liverpool,England,defender,1,0.017394015730649595,0.0034756402875031184,0.03138076919292262,192.0,0.0,163.0
25990,M. Deplagne,Troyes,France,defender,0,0.017306209158769854,0.004352678553654319,0.030380881295610035,196.0,0.0,164.0
4892,José Gayá,Valencia,Spain,defender,0,0.017275024401803823,0.007061878343896257,0.02936391081794388,193.0,0.0,165.0
50805,F. Helander,Bologna,Italy,defender,0,0.017265980364116425,-0.005456563170933739,0.04216647184011338,186.0,0.005,166.0
27958,T. Pellenard,Bordeaux,France,defender,0,0.017225659189010683,0.002294405337159488,0.03699597776653031,193.0,0.002,167.0
77,N. Moisander,Werder Bremen,Germany,defender,2,0.017214142405263897,0.007634134061334151,0.02852682244852479,191.0,0.001,168.0
410055,Rober,Levante,Spain,defender,0,0.01714722596286254,-0.02905117901369965,0.06189056698709114,181.0,0.059,169.0
14800,M. Schmelzer,Borussia Dortmund,Germany,defender,0,0.017128351142026182,0.0021874888977412928,0.030922090688056805,207.0,0.0,170.0
25883,J. Sorbon,Guingamp,France,defender,0,0.01705777389274392,-0.007857043498254737,0.046495906294284566,202.5,0.009,171.0
25878,T. Heurtaux,Hellas Verona,Italy,defender,0,0.017026452049611285,-0.010095827039218361,0.04880711501913732,194.0,0.016,172.0
15775,P. Verhaegh,Wolfsburg,Germany,defender,2,0.016976079220461487,0.007518629607713742,0.027403322550619634,202.0,0.0,173.0
83575,V. Chiricheș,Napoli,Italy,defender,0,0.01697539309451311,-0.005782251812597533,0.04495270940051007,204.5,0.008,174.0
8240,S. Coleman,Everton,England,defender,0,0.01697512110619867,-0.005919563878934074,0.044392187718373055,208.5,0.003,175.0
20495,M. Gobbi,Chievo,Italy,defender,0,0.016945732661633815,-0.003693274499737143,0.03691142914449824,194.0,0.0,176.0
134503,C. Lenglet,Sevilla,Spain,defender,3,0.016915678364228477,-0.005049697721463856,0.04049413852309579,195.0,0.001,177.0
246866,A. Mawson,Swansea City,England,defender,2,0.016822846274922743,-0.011621262446047116,0.039874885158327246,201.0,0.003,178.0
3465,Fernando Navarro,Deportivo La Coruña,Spain,defender,0,0.01673612619171417,-0.0013111236705486042,0.03665884365501286,212.0,0.0,179.0
242446,L. Dubois,Nantes,France,defender,3,0.016633651215625076,-0.002031759747778416,0.03176252496232156,186.5,0.0,180.0
99410,M. Kamiński,Stuttgart,Germany,defender,0,0.016632046697921194,-0.008092691186287351,0.043213345508667976,209.0,0.008,181.0
3309,R. Varane,Real Madrid,Spain,defender,0,0.016574486261917074,-0.006026509540527182,0.03398729763970328,188.5,0.0,182.0
169002,Diego Rico,Leganés,Spain,defender,2,0.01656462402721861,0.0033170596141955306,0.030432195719061448,205.5,0.0,183.0
20550,Ş. Radu,Lazio,Italy,defender,0,0.01654424228166746,0.005959297736478687,0.026997860893033993,202.0,0.0,184.0
340646,B. Pavard,Stuttgart,Germany,defender,1,0.016518017178724444,-0.00029719020012980256,0.03099887107536209,196.0,0.0,185.0
6281,Zaldúa,Leganés,Spain,defender,1,0.016499343309115094,0.004666741592590584,0.03070671879799412,212.0,0.0,186.0
94695,H. Sakai,Olympique Marseille,France,defender,0,0.016483218417945512,0.006165733157239905,0.028802529211957452,208.0,0.0,187.0
25854,K. Zouma,Stoke City,England,defender,1,0.016452871885575565,-0.01103956306615268,0.0527167680996233,208.0,0.032,188.0
4238,Míchel,Las Palmas,Spain,defender,0,0.016425944500670052,0.003486679218833351,0.03172967546077144,215.5,0.0,189.0
8582,A. Cresswell,West Ham United,England,defender,1,0.016372166811758782,0.003264618478222142,0.03095544060756387,205.0,0.0,190.0
3531,C. Zapata,Milan,Italy,defender,0,0.016362771445035007,-0.013432060396555088,0.04538376291552438,207.0,0.006,191.0
32959,P. Pekarík,Hertha BSC,Germany,defender,0,0.01619135534303452,0.006914463107372838,0.025488772143533456,211.0,0.0,192.0
20609,A. Costa,Benevento,Italy,defender,0,0.016126857390654833,-0.004235891300883025,0.03667656593546468,201.0,0.002,193.0
50007,B. Djimsiti,Benevento,Italy,defender,0,0.016105467305505508,-0.008445340306480364,0.040885249768697667,206.5,0.0,194.0
14795,M. Hummels,Bayern München,Germany,defender,1,0.01596831482340006,0.0032635216504205344,0.035322360812714455,209.0,0.0,195.0
15010,Dante,Nice,France,defender,1,0.01590144462321021,0.004560783347572963,0.02795152171466244,208.0,0.0,196.0
263433,A. Ferrari,Hellas Verona,Italy,defender,1,0.015895231919329452,-0.0026061350729698384,0.03256196203086597,217.0,0.0,197.0
222766,Bruno Gaspar,Fiorentina,Italy,defender,0,0.015780441190602974,-0.0012958098600590686,0.042026762677878304,222.5,0.01,198.0
279545,L. Hernández,Atlético Madrid,Spain,defender,0,0.015753649202458586,-0.008645231768393902,0.03971226929367296,220.0,0.005,199.0
288663,M. Caldara,Atalanta,Italy,defender,3,0.015739552051381847,-0.004029327107782502,0.03751731023818986,237.5,0.002,200.0
20579,M. Benatia,Juventus,Italy,defender,2,0.015714651166303748,-0.0018422949422064552,0.03582622213965677,212.5,0.002,201.0
58978,G. Cameron,Stoke City,England,defender,0,0.015697177247125837,-0.004451764108458114,0.03616203005821947,225.5,0.0,202.0
41363,Gabriel,Valencia,Spain,defender,0,0.015508824575467883,-0.015312804073798206,0.04676715298461979,200.0,0.012,203.0
21100,A. Ogbonna,West Ham United,England,defender,1,0.015497320936446615,-0.00915073252352778,0.037667095208662314,194.5,0.0,204.0
134383,N. Süle,Bayern München,Germany,defender,2,0.015420697179072924,0.005248267574621193,0.026940194946376,218.0,0.0,205.0
70088,Rolando,Olympique Marseille,France,defender,1,0.015329200139274112,9.894055840445901e-05,0.03423974726545257,225.0,0.001,206.0
3828,Raúl Navas,Real Sociedad,Spain,defender,0,0.015264230143770575,-0.005608975512613162,0.03323057339920185,228.0,0.0,207.0
229427,A. Djiku,Caen,France,defender,0,0.015246486500432931,0.0037373875241251344,0.02578360130088329,222.0,0.0,208.0
397168,T. Fosu-Mensah,Crystal Palace,England,defender,0,0.015157806308903803,-0.015207414433429649,0.05066981288926333,252.0,0.018,209.0
15772,M. Ostrzolek,Hannover 96,Germany,defender,0,0.015085856251395153,-0.0008483115178245197,0.03033299096547241,225.0,0.0,210.0
159,J. Gouweleeuw,Augsburg,Germany,defender,0,0.015079271583334823,0.00013887348239749936,0.03265431409924363,222.5,0.0,211.0
41034,Rafael Tolói,Atalanta,Italy,defender,1,0.014933348790571543,-0.0015518270549786525,0.032014006825806365,222.5,0.0,212.0
38079,D. Opare,Augsburg,Germany,defender,0,0.014929015419227757,-0.011280040073847234,0.03796365047095251,216.0,0.0,213.0
8186,S. Dann,Crystal Palace,England,defender,1,0.014894569259482262,-0.0167231358430736,0.050879089627011716,257.5,0.02,214.0
14803,S. Bender,Bayer Leverkusen,Germany,defender,2,0.014881850242851363,0.0022270624890770186,0.027976300486664846,227.0,0.0,215.0
3671,Íñigo Martínez,Athletic Club,Spain,defender,1,0.014818766254699545,-0.002458399551981229,0.03381817311257122,227.0,0.0,216.0
8643,M. Lowton,Burnley,England,defender,0,0.014587899647015961,-0.007056645304089004,0.03720894709792331,230.0,0.0,217.0
340,Cuco Martina,Everton,England,defender,0,0.014572370401516823,0.0038175467993174362,0.025796994648451345,230.0,0.0,218.0
26528,R. Genevois,Caen,France,defender,0,0.014542510162125249,-0.00676833445148182,0.04110732081465933,244.5,0.006,219.0
341973,N. Mukiele,Montpellier,France,defender,0,0.01453855330314926,-0.0026711264149130998,0.031807212797907755,228.5,0.0,220.0
290119,M. Niakhaté,Metz,France,defender,0,0.01445686863060441,-0.011654097448289616,0.0429658087701013,239.0,0.003,221.0
55979,M. Jørgensen,Huddersfield Town,England,defender,0,0.01435798307507932,0.0005330896755211228,0.02880497452523013,236.0,0.0,222.0
86183,F. Roncaglia,Celta de Vigo,Spain,defender,0,0.014325201203890628,0.0012001516803665396,0.033909629754052956,233.5,0.001,223.0
14857,K. Papadopoulos,Hamburger SV,Germany,defender,1,0.014247395704748061,-0.005344002423071201,0.035800625291310444,252.5,0.001,224.0
7858,B. Sagna,Benevento,Italy,defender,1,0.01418173950771513,-0.002497974871201745,0.03561811409994494,240.0,0.001,225.0
8488,W. Morgan,Leicester City,England,defender,0,0.014172634270720727,-0.0049341041454571384,0.03463596090945866,249.0,0.0,226.0
40301,Lucas Lima,Nantes,France,defender,2,0.013944817428863847,-0.010062812501537031,0.0367005405939062,235.0,0.0,227.0
3338,Sergi Gómez,Celta de Vigo,Spain,defender,1,0.013908998421743628,-0.0006051265734861,0.03295680087176568,247.0,0.0,228.0
3436,Javi Manquillo,Newcastle United,England,defender,0,0.013894681656753635,-0.009443562466910362,0.03457774949607157,247.0,0.0,229.0
7853,K. Gibbs,West Bromwich Albion,England,defender,0,0.013891644616595701,-0.003500819264043722,0.033841563547068416,250.0,0.0,230.0
231138,P. Kimpembe,PSG,France,defender,0,0.013824329141310092,-0.0007834043505231226,0.028509316162626322,251.5,0.0,231.0
134102,N. Aké,AFC Bournemouth,England,defender,2,0.013717850975712681,-0.002736368216136046,0.03167005619697319,258.5,0.0,232.0
25957,K. Adénon,Amiens SC,France,defender,0,0.013678728275852224,-0.010548648925213063,0.03649042618030577,252.5,0.001,233.0
344068,Unai Núñez,Athletic Club,Spain,defender,1,0.013669989544162153,-0.0035823309734182578,0.03072070337866234,252.5,0.0,234.0
216074,C. Günter,Freiburg,Germany,defender,1,0.013629483104582124,0.00510011823490495,0.023069664699840488,256.0,0.0,235.0
8292,D. Rose,Tottenham Hotspur,England,defender,0,0.013615191403157277,-0.0007768252224151391,0.025736047688783358,244.0,0.0,236.0
15771,S. Langkamp,Hertha BSC,Germany,defender,0,0.013593902138839459,-0.01126139131162933,0.043855991836427265,262.0,0.005,237.0
14748,A. Rüdiger,Chelsea,England,defender,2,0.013515720867225795,0.0059792914989881185,0.021722047180640424,256.0,0.0,238.0
3310,Marcelo,Real Madrid,Spain,defender,2,0.013436336865490135,0.0013286766013960952,0.025037832448688152,257.0,0.0,239.0
149389,J. Toljan,Borussia Dortmund,Germany,defender,1,0.013434148817340947,0.0004656431114642612,0.02560450433968936,260.0,0.0,240.0
393247,I. Konaté,RB Leipzig,Germany,defender,0,0.013401833261149257,-0.014637591188474915,0.037952798676938265,266.0,0.002,241.0
44251,Bruno Peres,Roma,Italy,defender,0,0.013329043858022145,0.0042287104682904525,0.025998873883993554,258.0,0.0,242.0
20811,M. Silvestre,Sampdoria,Italy,defender,1,0.013310061437393692,-0.0002089266274022643,0.026635893911765695,256.0,0.0,243.0
6210,Aday,Girona,Spain,defender,2,0.013289624057363775,0.002251507572990324,0.025959552672788138,262.0,0.0,244.0
3337,Fontàs,Celta de Vigo,Spain,defender,0,0.013288940563793119,-0.012863471724993745,0.033559341562141444,258.5,0.0,245.0
393284,C. Traoré,Troyes,France,defender,0,0.013265215767200102,-4.298774774246655e-05,0.023905379969405907,249.0,0.0,246.0
26495,G. Bong,Brighton & Hove Albion,England,defender,0,0.013109684596948223,-0.010039743054466295,0.03487574537331512,261.0,0.001,247.0
7855,L. Koscielny,Arsenal,England,defender,2,0.013060431504245795,-0.0029300266039589008,0.029771993052538005,255.0,0.0,248.0
70959,Edgar Ié,Lille,France,defender,1,0.01297036590468713,-0.0015436660751855606,0.02837934599680563,273.5,0.0,249.0
224593,J. Kimmich,Bayern München,Germany,defender,1,0.012965705664886867,0.003872199448195455,0.02603189599811582,270.5,0.0,250.0
370,V. van Dijk,Liverpool,England,defender,0,0.012943123416083339,-0.0013529545738086865,0.02476906897464567,266.0,0.0,251.0
29588,E. Seka,Strasbourg,France,defender,1,0.012912452877347923,-0.007108591482436508,0.03281830855363284,279.5,0.0,252.0
10108,K. Long,Burnley,England,defender,1,0.012866969792045005,-0.018442239244566627,0.04619951492575892,265.5,0.014,253.0
228768,J. Tah,Bayer Leverkusen,Germany,defender,0,0.012779655942363567,-0.003570738055501441,0.028518675981821014,267.0,0.0,254.0
20928,Felipe,SPAL,Italy,defender,1,0.012719912924747483,-0.003965857740337263,0.031596600567116745,271.0,0.0,255.0
4786,Iván Balliu,Metz,France,defender,0,0.012660952129472589,-0.006998167581345615,0.03239338097428159,266.5,0.0,256.0
20932,M. Nastasić,Schalke 04,Germany,defender,0,0.012645230928405403,-0.0025280235534457735,0.02866585255839108,276.0,0.0,257.0
130,S. de Vrij,Lazio,Italy,defender,6,0.012638899324240144,-0.006448262681702881,0.030723608769790862,271.0,0.0,258.0
215869,M. Bani,Chievo,Italy,defender,0,0.012510823097360365,-0.007288360539266678,0.03513553404873632,249.0,0.0,259.0
236528,N. Elvedi,Borussia M'gladbach,Germany,defender,2,0.01249195503521304,0.0018529070257814397,0.023028422269843703,270.0,0.0,260.0
14796,C. Löwe,Huddersfield Town,England,defender,0,0.012472748657397389,-0.0018695048681353023,0.029021646723691986,273.5,0.001,261.0
22889,D. Zappacosta,Chelsea,England,defender,1,0.012424534960983271,-0.0020430001811733646,0.030621850234520194,256.5,0.0,262.0
4780,David Juncà,Eibar,Spain,defender,0,0.012401137641699948,0.0036618998574538806,0.019700870290765938,277.0,0.0,263.0
257028,D. Calabria,Milan,Italy,defender,1,0.012316735719585968,0.0007366860667346014,0.024404584652934883,276.0,0.0,264.0
266286,Marlon,Nice,France,defender,0,0.012302129517210752,-0.003255776226134734,0.02705873939382128,268.0,0.0,265.0
8268,B. Assou-Ekotto,Metz,France,defender,0,0.012295098862989285,-0.00024347531397951998,0.02431990057438968,272.0,0.0,266.0
20436,José Ángel,Eibar,Spain,defender,0,0.012231433056298464,0.00048047512624761106,0.0230272454455211,278.5,0.0,267.0
49857,A. Ajeti,Crotone,Italy,defender,0,0.01222930045731414,-0.033335591050603866,0.05350200553690052,271.5,0.024,268.0
3304,Nacho,Real Madrid,Spain,defender,3,0.012213147692003606,-0.0021332064756010506,0.028879393356329403,287.5,0.0,269.0
284,M. van der Hoorn,Swansea City,England,defender,1,0.012210536607611564,-0.013950112333641733,0.03850270599417382,273.0,0.001,270.0
4360,Juanpe,Girona,Spain,defender,5,0.012140955928295918,-0.004279808204861954,0.02786285096223919,273.5,0.0,271.0
3431,João Miranda,Internazionale,Italy,defender,0,0.012097433150811163,-0.00018357433401784427,0.025000839691395254,281.0,0.0,272.0
32577,Sidnei,Deportivo La Coruña,Spain,defender,1,0.012095831322913857,-0.003358398163370032,0.028734135627873955,289.0,0.0,273.0
37745,J. Lukaku,Lazio,Italy,defender,1,0.012005567759230368,0.002197178845861848,0.0236686725593924,285.0,0.0,274.0
15806,J. Vestergaard,Borussia M'gladbach,Germany,defender,3,0.011958915235963987,-0.0046107059442925605,0.02959423944642398,291.0,0.0,275.0
20842,F. Peluso,Sassuolo,Italy,defender,1,0.011897554920176976,-0.00743362735900218,0.034205944782670694,282.0,0.002,276.0
64966,M. Suttner,Brighton & Hove Albion,England,defender,0,0.011835206952773666,0.004659176524480172,0.019390733151445527,293.5,0.0,277.0
14917,R. Knoche,Wolfsburg,Germany,defender,1,0.01183488781837411,-0.0006859072901519541,0.02345934562038478,286.0,0.0,278.0
25393,D. Lovren,Liverpool,England,defender,2,0.011763786165775532,-0.00959365135337164,0.030221176817667565,290.0,0.0,279.0
26499,A. Masuaku,West Ham United,England,defender,0,0.011608985233476319,-0.001296954690895127,0.027792271551264614,281.5,0.0,280.0
20390,I. Abate,Milan,Italy,defender,1,0.011597374693006169,-0.009930859357863892,0.0355080388047828,289.5,0.004,281.0
3806,Javi López,Espanyol,Spain,defender,0,0.011558339816000289,-0.01235338287317411,0.033240503847973724,283.0,0.001,282.0
4272,Ximo Navarro,Las Palmas,Spain,defender,0,0.011516382535367294,-0.01689218768226364,0.03888940274662467,311.5,0.003,283.0
20394,Thiago Silva,PSG,France,defender,1,0.011434151131740703,-0.006320996954008643,0.02626028402745578,291.0,0.0,284.0
26498,K. Lala,Strasbourg,France,defender,3,0.011423467038707608,0.002003231351684453,0.02220295072459224,283.0,0.0,285.0
71703,V. Lindelöf,Manchester United,England,defender,0,0.011411100163618543,-0.006700244781593537,0.025162676786368434,291.5,0.0,286.0
56026,J. Stryger Larsen,Udinese,Italy,defender,1,0.011290990474816728,-0.013192510119119408,0.030691193751436644,276.0,0.0,287.0
3464,Luna,Levante,Spain,defender,0,0.011278570937050326,-0.008186473364219205,0.03238763028581053,301.5,0.0,288.0
173212,N. Stark,Hertha BSC,Germany,defender,1,0.011258494796394227,-0.011097871462922024,0.0345869509738243,308.0,0.0,289.0
14772,D. da Costa,Eintracht Frankfurt,Germany,defender,1,0.011251402198706312,0.0001012635250953713,0.023581602171039714,293.5,0.0,290.0
366217,K. Danso,Augsburg,Germany,defender,2,0.01123038169084584,-0.01027144830773474,0.034783936429360784,337.0,0.002,291.0
258263,V. Jovanović,Bordeaux,France,defender,0,0.011223732729291142,-0.006965143776770858,0.02819937900389422,299.0,0.0,292.0
396475,A. Hakimi,Real Madrid,Spain,defender,2,0.011182196529317423,-0.0038631949390198557,0.02498784995650126,298.0,0.0,293.0
24838,G. Letizia,Benevento,Italy,defender,1,0.01114687911094847,0.0006258228711673592,0.022961563281471396,299.0,0.0,294.0
25846,Y. Andreu,Angers,France,defender,0,0.01103098958906756,-0.0049525398984473544,0.024862065814425252,288.5,0.0,295.0
3433,D. Godín,Atlético Madrid,Spain,defender,0,0.011017447480212692,-0.02359538037554933,0.050766099996658126,284.5,0.024,296.0
28529,Y. Sabaly,Bordeaux,France,defender,0,0.011008475722726733,0.0025150091343321378,0.021193604031582967,298.0,0.0,297.0
92966,K. Manolas,Roma,Italy,defender,2,0.011001614207814488,-0.00596460158129246,0.028968255353822005,296.5,0.0,298.0
134502,A. Laporte,Athletic Club,England,defender,0,0.010957366394182549,-0.003984493438233458,0.027336456952373807,307.0,0.0,299.0
7302,Albentosa,Deportivo La Coruña,Spain,defender,1,0.010953619219868564,-0.026523107054508718,0.04094652318960446,276.5,0.001,300.0
3827,Hugo Mallo,Celta de Vigo,Spain,defender,0,0.010935250759779186,-0.0022594972576409265,0.024789261051124598,291.5,0.0,301.0
20841,A. Masiello,Atalanta,Italy,defender,4,0.010841325735619925,-0.0008058479021295982,0.02187100016860093,300.5,0.0,302.0
14689,Naldo,Schalke 04,Germany,defender,7,0.010839085913809976,-0.005734700604599996,0.026093810275310693,307.5,0.0,303.0
29291,J. Giraudon,Troyes,France,defender,0,0.01079253365706899,-0.009678930012056058,0.029209082987533566,294.0,0.0,304.0
328488,P. Burner,Nice,France,defender,0,0.010774480319785408,-0.011784268640809139,0.03174610969071885,306.5,0.0,305.0
14869,S. Kolašinac,Arsenal,England,defender,2,0.010770380265193013,0.0041725542450287405,0.018134432643614043,300.0,0.0,306.0
8306,A. Kolarov,Roma,Italy,defender,2,0.01071486341633493,0.000578353357857855,0.019506106806116124,302.5,0.0,307.0
3434,Filipe Luis,Atlético Madrid,Spain,defender,1,0.010661321313075137,-0.004545151389166114,0.026867278558207253,308.5,0.0,308.0
25849,F. Ghoulam,Napoli,Italy,defender,2,0.01062157960157193,-0.0007880195841402946,0.026035105954563105,310.0,0.0,309.0
9380,J. Stones,Manchester City,England,defender,0,0.010571257549221814,-0.000306228891641164,0.020058456372221634,307.0,0.0,310.0
20680,F. Sørensen,Köln,Germany,defender,2,0.010562961347931702,-0.006147055352849571,0.029729187977967714,292.0,0.0,311.0
25947,B. Sankoh,Caen,France,defender,0,0.010556134170326354,-0.0030242103319861337,0.026386390786785337,300.5,0.0,312.0
3281,Juan Bernat,Bayern München,Germany,defender,0,0.01047869782567157,-0.005242384047462496,0.03496996894817322,327.5,0.0,313.0
1712,K. Tete,Olympique Lyonnais,France,defender,1,0.010322141598489721,-0.008586355036510231,0.0353001206952269,319.0,0.001,314.0
20748,N. Tomović,Chievo,Italy,defender,0,0.010316572537799943,-0.006544612108976964,0.026602402976658987,312.0,0.0,315.0
14988,O. Sorg,Hannover 96,Germany,defender,0,0.010315400460838928,-0.012838390651204306,0.03289502291367889,333.5,0.002,316.0
26368,A. Bamba,Angers,France,defender,0,0.01020003910266015,-0.006592599470275119,0.025745538436262302,324.0,0.0,317.0
86220,G. Mercado,Sevilla,Spain,defender,0,0.010022699409470615,-0.01397421301913414,0.03692779504604151,323.5,0.004,318.0
3300,Albiol,Napoli,Italy,defender,3,0.01002226262633402,0.0009040973565484133,0.02072808753409933,322.0,0.0,319.0
160,D. Janmaat,Watford,England,defender,3,0.009991491264327136,-0.0064499683327546116,0.028146688206401524,305.0,0.0,320.0
3269,Jordi Alba,Barcelona,Spain,defender,2,0.009936260578318564,0.0008423135875252586,0.020583551685265666,324.0,0.0,321.0
354123,Pol Lirola,Sassuolo,Italy,defender,0,0.009916050540490034,-0.010001466174358403,0.028960859002702947,316.0,0.0,322.0
26265,V. Manceau,Angers,France,defender,0,0.009847096686776568,-0.0006549894415959202,0.02127755378995586,319.0,0.0,323.0
4452,Yuri Berchiche,PSG,France,defender,2,0.00974848153693131,0.002976268482148805,0.01638646317234878,319.5,0.0,324.0
70451,Luisinho,Deportivo La Coruña,Spain,defender,1,0.00958643789299823,-0.0016742661725086734,0.02332857221455656,334.0,0.0,325.0
134427,D. Rugani,Juventus,Italy,defender,2,0.009486373743668335,-0.003437370495682083,0.024856281703177056,326.0,0.0,326.0
50069,S. Widmer,Udinese,Italy,defender,3,0.00940310227862779,-0.0019828006447319955,0.022048476963362602,331.0,0.0,327.0
3306,Sergio Ramos,Real Madrid,Spain,defender,4,0.009372179555633587,-0.009814119730346023,0.027814172181394158,321.0,0.0,328.0
8945,K. Trippier,Tottenham Hotspur,England,defender,0,0.00922749328280537,-0.0017573395119319267,0.02107348890275421,327.5,0.0,329.0
136441,B. Davies,Tottenham Hotspur,England,defender,2,0.009184598879031418,-0.003939778069474086,0.023118648470770976,331.0,0.0,330.0
15139,T. Chandler,Eintracht Frankfurt,Germany,defender,2,0.009153685047297893,-0.005747969247079946,0.02636267958798005,336.5,0.0,331.0
20583,Danilo,Udinese,Italy,defender,1,0.009120592360886668,-0.01943036336198751,0.04027291194871637,349.5,0.006,332.0
25943,C. Kerbrat,Guingamp,France,defender,1,0.009076791751184681,-0.008101534840497747,0.026923065972332058,334.5,0.0,333.0
21097,K. Glik,Monaco,France,defender,3,0.009025469987490762,-0.005849162358827762,0.023824297559441817,333.5,0.0,334.0
344864,C. Söyüncü,Freiburg,Germany,defender,1,0.009019445981258934,-0.014304946183514022,0.03241583666528306,354.0,0.0,335.0
7919,M. Keane,Everton,England,defender,0,0.009000642040127984,-0.01398208716027631,0.036133433550361985,342.0,0.001,336.0
3466,Alexis,Deportivo Alavés,Spain,defender,1,0.008961947846001555,-0.0183983791038549,0.033876537675494714,345.0,0.0,337.0
3795,H. Moreno,Real Sociedad,Italy,defender,1,0.008956906677629233,-0.013409571506227328,0.0278728958322207,333.0,0.0,338.0
15215,C. Schindler,Huddersfield Town,England,defender,0,0.00895486794994436,-0.012516811957539745,0.03041604874937138,349.0,0.0,339.0
25524,P. Djilobodji,Dijon,France,defender,0,0.00892688997097747,-0.0021810069500986145,0.020883003686514523,343.0,0.0,340.0
344132,T. Hernández,Real Madrid,Spain,defender,0,0.008892481447041144,-0.006354485496021782,0.027354321093660133,339.0,0.0,341.0
6365,Bustinza,Leganés,Spain,defender,2,0.008885860844247577,-0.026610064646008378,0.0351822744836279,303.0,0.0,342.0
26135,M. Le Marchand,Nice,France,defender,0,0.00882502624414661,0.0012618400958257444,0.01652676098881975,340.5,0.0,343.0
25526,J. Martins-Pereira,Guingamp,France,defender,0,0.008817770945719939,-0.004182898791827277,0.024186958716453,345.0,0.0,344.0
101742,C. Ansaldi,Torino,Italy,defender,1,0.008749153964681414,-0.001513574743929997,0.01900350946771299,341.0,0.0,345.0
8307,V. Kompany,Manchester City,England,defender,1,0.008742421231210678,-0.0022022028455216947,0.020229141458443962,343.0,0.0,346.0
370224,R. Holding,Arsenal,England,defender,0,0.00872013690240764,-0.03502409598551822,0.049097289817741245,304.5,0.017,347.0
222770,Nélson Semedo,Barcelona,Spain,defender,0,0.00869587968054088,-0.0065501747802911335,0.02645822270821988,346.0,0.0,348.0
70139,E. Insúa,Stuttgart,Germany,defender,0,0.008631639071992636,-0.014386004849611474,0.0317549847711813,340.0,0.0,349.0
28335,R. Aguilar,Montpellier,France,defender,0,0.008600296159804706,-0.00153528678664586,0.018171688717993312,341.0,0.0,350.0
297957,M. Akanji,Borussia Dortmund,Germany,defender,0,0.008578523156360613,-0.02249794134807685,0.04047410651035955,353.5,0.005,351.0
70086,N. Otamendi,Manchester City,England,defender,4,0.008517307594182753,-9.546860579338812e-05,0.01834561918000467,348.0,0.0,352.0
8501,J. Schlupp,Crystal Palace,England,defender,0,0.008516532171205925,-0.003942184538377405,0.020363615116700366,352.0,0.0,353.0
9285,C. Daniels,AFC Bournemouth,England,defender,1,0.008491721480494213,-0.009616905333385224,0.024480680852911555,345.5,0.0,354.0
15069,W. Orban,RB Leipzig,Germany,defender,3,0.008490824737714947,-0.02758738977744031,0.035086882040588144,340.5,0.0,355.0
105361,I. Strinić,Sampdoria,Italy,defender,0,0.00843164321220609,-0.002681106968666788,0.02073214160660475,336.0,0.0,356.0
14749,G. Sakai,Hamburger SV,Germany,defender,0,0.008398414027521155,-0.009175367979236319,0.026016589876300285,357.0,0.0,357.0
85113,A. Toșca,Benevento,Italy,defender,0,0.008371807616974892,-0.0053532222218028586,0.0205217581013961,349.5,0.0,358.0
14718,Rafinha,Bayern München,Germany,defender,1,0.008249728852792172,-0.004591669057636702,0.018636250611805613,343.5,0.0,359.0
8192,M. Olsson,Swansea City,England,defender,0,0.008200284425249248,-0.00603194547776095,0.021948268659581133,355.0,0.0,360.0
22313,V. Laurini,Fiorentina,Italy,defender,0,0.008199001114944024,-0.006537713065122742,0.021634091080705412,357.5,0.0,361.0
25427,C. Jallet,Nice,France,defender,0,0.008184175247535848,-0.0009164057437604938,0.01871351346072814,361.0,0.0,362.0
26307,A. Mandi,Real Betis,Spain,defender,1,0.008170830911651975,-0.02325088791383331,0.03466067714560807,335.5,0.0,363.0
22677,G. Angella,Udinese,Italy,defender,0,0.008168998551512228,-0.01788406442718394,0.039604943671295814,345.0,0.005,364.0
70507,Paulo Oliveira,Eibar,Spain,defender,0,0.008060725453933852,-0.007613966983352767,0.021318765219074835,353.5,0.0,365.0
8245,P. Jagielka,Everton,England,defender,0,0.007956882515476046,-0.017324530266738948,0.03134304093774727,355.5,0.001,366.0
284960,L. Venuti,Benevento,Italy,defender,0,0.007855011218875444,-0.008722205711090166,0.02597746427977103,366.0,0.001,367.0
20803,M. Aguirregaray,Las Palmas,Spain,defender,0,0.007809830779582671,-0.009809142900526405,0.024473440202878557,352.5,0.0,368.0
5281,A. Nyom,West Bromwich Albion,England,defender,0,0.007733524082201136,-0.011646716682420904,0.026164059380963802,359.0,0.0,369.0
135903,João Cancelo,Internazionale,Italy,defender,1,0.007708412387693868,-0.0015374500018813454,0.0179996646450226,364.0,0.0,370.0
3463,F. Fazio,Roma,Italy,defender,2,0.007705305300524618,-0.0026309333603138285,0.017181084179838404,362.5,0.0,371.0
235606,T. Kehrer,Schalke 04,Germany,defender,2,0.007681091492560175,-0.006055299890007614,0.021787939337473906,365.5,0.0,372.0
8460,A. Smith,AFC Bournemouth,England,defender,1,0.007659440574303706,-0.004106063056405264,0.02093695803391005,359.0,0.0,373.0
70981,Marçal,Olympique Lyonnais,France,defender,0,0.007617386894656245,-0.013449032086887611,0.030682116184922167,337.0,0.002,374.0
189821,M. Zeegelaar,Watford,England,defender,0,0.007591124585837033,-0.007983293390661953,0.02742978559290813,372.0,0.0,375.0
14904,J. Sala,Sampdoria,Italy,defender,0,0.007546067837943105,-0.012512917174194485,0.030078401208312427,378.5,0.0,376.0
21370,M. Capuano,Crotone,Italy,defender,0,0.007425414865082967,-0.012530855458656894,0.026015979846325567,352.5,0.0,377.0
25786,D. Congré,Montpellier,France,defender,1,0.007410778357318739,-0.007891772963757968,0.025860352829120054,369.5,0.0,378.0
8242,S. Duffy,Brighton & Hove Albion,England,defender,0,0.007407195175556649,-0.013891839370209285,0.027556541563360574,377.0,0.0,379.0
8221,J. Ward,Crystal Palace,England,defender,0,0.0073799884911542254,-0.009917096878732226,0.028220616096307695,365.0,0.0,380.0
257899,J. Gomez,Liverpool,England,defender,0,0.007334205378918413,-0.0024656914742502397,0.01804818895159431,368.0,0.0,381.0
3750,Balenziaga,Athletic Club,Spain,defender,0,0.007289299330562946,-0.004539029338680826,0.020086921999451158,366.0,0.0,382.0
258252,L. Klostermann,RB Leipzig,Germany,defender,1,0.007283177031030566,-0.0045672362993346895,0.018967047826483653,376.0,0.0,383.0
44510,Vitor Hugo,Fiorentina,Italy,defender,1,0.007234143114827189,-0.02748364987950698,0.03671936479376625,345.0,0.001,384.0
257762,D. Sánchez,Tottenham Hotspur,England,defender,0,0.007206300181645106,-0.003625655652274184,0.018590689140085173,371.0,0.0,385.0
21469,G. Donati,Mainz 05,Germany,defender,0,0.007173507773643653,-0.006312609497555119,0.018259496928956363,366.0,0.0,386.0
3334,Dani Alves,PSG,France,defender,1,0.007127153578518062,-0.0030936936655664676,0.01690816299587135,371.0,0.0,387.0
134540,L. Kurzawa,PSG,France,defender,2,0.007037444445091246,-0.005901451507204579,0.020815375279684408,366.0,0.0,388.0
26021,S. Falette,Eintracht Frankfurt,France,defender,1,0.006992474293260634,-0.0233084784242764,0.03874458626781457,380.5,0.002,389.0
26138,J. Rivierez,Metz,France,defender,0,0.006948000521885091,-0.014438793221552613,0.027961154463731562,360.5,0.0,390.0
25553,Azpilicueta,Chelsea,England,defender,2,0.006895274808290802,-0.0034797562109720914,0.01697263633722844,380.0,0.0,391.0
86366,J. Palomino,Atalanta,Italy,defender,1,0.006876137624135125,-0.017886273523196047,0.030332624654148422,361.0,0.001,392.0
7939,A. Young,Manchester United,England,defender,2,0.006809466867747357,-0.0009506751273046374,0.014705462913630217,378.0,0.0,393.0
21607,F. Cacciatore,Chievo,Italy,defender,2,0.006787699847901415,-0.0011567518439881829,0.014734161095978382,375.0,0.0,394.0
21001,E. Hysaj,Napoli,Italy,defender,0,0.006706914885523775,0.0007732699666128327,0.012187570132148395,378.0,0.0,395.0
9279,S. Francis,AFC Bournemouth,England,defender,0,0.006672384973930307,-0.0036875316895487475,0.015709216187486177,376.0,0.0,396.0
20459,L. Bonucci,Milan,Italy,defender,2,0.006665714216363105,-0.012317965094265202,0.02286896573108713,378.0,0.0,397.0
209012,Kévin Rodrigues,Real Sociedad,Spain,defender,1,0.006568043140150411,-0.007791615307728158,0.021242282664505625,380.0,0.0,398.0
15014,O. Wendt,Borussia M'gladbach,Germany,defender,1,0.00656073619152759,-0.006674075670996929,0.02007230935654917,373.0,0.0,399.0
25937,F. Bellugou,Troyes,France,defender,0,0.006511165238154093,-0.0037340032765500724,0.018695968232996515,384.5,0.0,400.0
3339,Montoya,Valencia,Spain,defender,0,0.006436722593150661,-0.0118537825427387,0.026240423384735617,392.0,0.0,401.0
49971,M. Bauer,Stoke City,England,defender,0,0.00643010170342568,-0.012675315388046055,0.019515055026703556,372.0,0.0,402.0
3407,Ramalho,Girona,Spain,defender,0,0.006403065067008039,-0.018396185234528944,0.030358015004727085,366.0,0.0,403.0
21094,D. D'Ambrosio,Internazionale,Italy,defender,2,0.0063992246653110955,-0.0015770744765210949,0.013711364743199577,383.5,0.0,404.0
82340,T. Gebre Selassie,Werder Bremen,Germany,defender,3,0.006383710046844365,-0.01143175711863934,0.026424447340448774,375.0,0.0,405.0
346101,T. Alexander-Arnold,Liverpool,England,defender,1,0.006241362718540977,-0.00764915039413248,0.02050867633054064,384.5,0.0,406.0
7938,A. Valencia,Manchester United,England,defender,3,0.006185457117257127,-0.0012681372205134778,0.013759364655183052,387.0,0.0,407.0
272338,L. Klünter,Köln,Germany,defender,1,0.006028990766097286,-0.00456006507535212,0.018256132852403458,396.0,0.0,408.0
301013,J. Gelin,Rennes,France,defender,0,0.006000029250521833,-0.014388086923731105,0.025143225126518728,383.0,0.0,409.0
8336,K. Naughton,Swansea City,England,defender,0,0.005990587224405538,-0.0024021002318229067,0.013136428130864743,393.0,0.0,410.0
20776,L. Rossettini,Genoa,Italy,defender,0,0.005892074955597855,-0.01663576705352312,0.030501630671723307,381.0,0.001,411.0
4094,Ander Capa,Eibar,Spain,defender,0,0.005867851281090116,-0.0016952238876671545,0.013998741804089828,395.5,0.0,412.0
4908,Alberto Moreno,Liverpool,England,defender,0,0.005811432212309039,-0.0030535425561382815,0.01518146363756763,389.5,0.0,413.0
268776,W. Hoedt,Southampton,England,defender,0,0.005784653783041783,-0.01225503624145799,0.022396518249082738,384.0,0.0,414.0
20465,S. Lichtsteiner,Juventus,Italy,defender,0,0.005770407021319727,-0.005170511051841732,0.017369502828196055,381.0,0.0,415.0
11078,T. Smith,Huddersfield Town,England,defender,0,0.005693145512871515,-0.010724951989860204,0.02277953040163525,395.5,0.0,416.0
3974,D. Suárez,Getafe,Spain,defender,1,0.005672538276783578,-0.017558394246716135,0.022004712224331913,382.0,0.0,417.0
9433,J. Tarkowski,Burnley,England,defender,0,0.005645381462732092,-0.021545657252473826,0.03298636944274339,412.0,0.0,418.0
8360,C. Dawson,West Bromwich Albion,England,defender,2,0.005639055359228815,-0.018899357508848528,0.03092213678242195,411.0,0.0,419.0
7860,T. Vermaelen,Barcelona,Spain,defender,0,0.005622097200333574,-0.01091578121660494,0.020255338774928838,391.0,0.0,420.0
91702,J. Mojica,Girona,Spain,defender,0,0.005568468602699349,-0.0028234410428148696,0.013118603847268482,397.0,0.0,421.0
4065,J. Murillo,Valencia,Spain,defender,0,0.005472599695525117,-0.010196783022528825,0.02167566391463557,400.5,0.0,422.0
7885,R. Bertrand,Southampton,England,defender,0,0.005443625917322477,-0.007231405272810324,0.017991727250892868,398.0,0.0,423.0
8135,L. Shaw,Manchester United,England,defender,0,0.005442989098410921,-0.022540037853123755,0.0353775862793854,394.0,0.004,424.0
3447,Juanfran,Atlético Madrid,Spain,defender,0,0.005306724585912018,-0.015365240413227475,0.02882900868319642,410.5,0.0,425.0
18670,L. Kübler,Freiburg,Germany,defender,0,0.005254701780843886,-0.01652065188567653,0.03448900139165144,404.0,0.001,426.0
14922,R. Rodríguez,Milan,Italy,defender,1,0.005168041921064158,-0.003258525818333685,0.013378574721895742,403.0,0.0,427.0
4936,David Simón,Las Palmas,Spain,defender,0,0.0051297913239154785,-0.018572105547981065,0.037686522094621575,425.5,0.006,428.0
14842,K. Vogt,Hoffenheim,Germany,defender,0,0.005108735584678723,-0.007735076869139422,0.017220510668762755,409.0,0.0,429.0
149101,A. Touré,Monaco,France,defender,1,0.005043655723187258,-0.0078175205802344,0.021035968143481586,408.0,0.0,430.0
30320,O. El Hajjam,Amiens SC,France,defender,1,0.005020135825276846,-0.0110582348523919,0.021235495198530505,415.5,0.0,431.0
14852,Sergio Escudero,Sevilla,Spain,defender,0,0.0049627868088165435,-0.016325061752991706,0.02369451654102321,405.5,0.0,432.0
8277,K. Walker,Manchester City,England,defender,0,0.004948374355600716,-0.0012375327283943585,0.01048838480051067,406.0,0.0,433.0
286380,I. Diop,Toulouse,France,defender,3,0.004916712363607538,-0.015027853601699292,0.0253981624627549,407.5,0.0,434.0
15798,A. Beck,Stuttgart,Germany,defender,1,0.004895432360203355,-0.008938667341128465,0.021029114524411904,412.0,0.0,435.0
20638,D. Dainelli,Chievo,Italy,defender,0,0.00487970715375533,-0.032592208855482196,0.037881697420912165,408.5,0.004,436.0
3667,De La Bella,Real Sociedad,Spain,defender,0,0.004866117737040103,-0.009353792793168008,0.019144810637139884,407.5,0.0,437.0
280419,H. Hateboer,Atalanta,Italy,defender,0,0.004826488166828719,-0.006297300922964126,0.015609937028113934,412.0,0.0,438.0
15719,B. Hübner,Hoffenheim,Germany,defender,3,0.00474647032346327,-0.012987149051999021,0.02131599388675056,411.0,0.0,439.0
20395,M. De Sciglio,Juventus,Italy,defender,1,0.00474326040802923,-0.018531525383910834,0.02431321026954206,398.0,0.0,440.0
69525,M. Pavlović,Angers,France,defender,2,0.004675978000302465,-0.029278577627926017,0.04084776062985694,429.5,0.006,441.0
344178,P. Retsos,Bayer Leverkusen,Germany,defender,1,0.004614721124812694,-0.0196016950278609,0.024758662051940394,396.0,0.0,442.0
7920,Rafael,Olympique Lyonnais,France,defender,1,0.004593662738105025,-0.007022667804260675,0.01716815614406546,417.5,0.0,443.0
3276,A. Rami,Olympique Marseille,France,defender,1,0.004560541186222463,-0.009893910079068412,0.01926867568555823,418.0,0.0,444.0
144867,K. Malcuit,Lille,France,defender,0,0.004463434875833383,-0.0044820689427523324,0.013295978157600733,414.5,0.0,445.0
282799,S. Posch,Hoffenheim,Germany,defender,0,0.004460809784413861,-0.01808674834336635,0.02466436081903474,390.0,0.001,446.0
18579,M. Halstenberg,RB Leipzig,Germany,defender,2,0.004406452721462874,-0.0177171514103413,0.01972356749415311,408.0,0.0,447.0
9280,S. Malone,Huddersfield Town,England,defender,0,0.004400599920132299,-0.009217984206222411,0.01832934125799419,419.0,0.0,448.0
40657,Wendell,Bayer Leverkusen,Germany,defender,1,0.004356972768005832,-0.00923414055559833,0.018131112876468184,412.0,0.0,449.0
146588,A. Romagnoli,Milan,Italy,defender,2,0.004327297661813331,-0.02240374833744211,0.030640862541538427,413.0,0.0,450.0
8239,L. Baines,Everton,England,defender,2,0.004213440281219505,-0.01442868131961019,0.02221575483592253,421.5,0.0,451.0
131184,Ali Adnan,Udinese,Italy,defender,0,0.004089419000834721,-0.008899966854012623,0.016661413008585212,427.0,0.0,452.0
51217,L. Augustinsson,Werder Bremen,Germany,defender,1,0.0039754102194628944,-0.010727521520097554,0.018216208892335106,419.0,0.0,453.0
28528,J. Ikoko,Guingamp,France,defender,0,0.003961581564446455,-0.01015588160736004,0.018485633803836467,422.5,0.0,454.0
3308,Pedro Mendes,Montpellier,France,defender,1,0.003931809277077866,-0.014135439508704084,0.022496270401112985,434.0,0.0,455.0
372904,K. Dabila,Lille,France,defender,0,0.00391123796555993,-0.01728537702481849,0.03256868201773418,446.0,0.0,456.0
36,T. Alderweireld,Tottenham Hotspur,England,defender,0,0.003889477207521633,-0.010001028959185301,0.016421337969732656,424.5,0.0,457.0
8136,J. Stephens,Southampton,England,defender,2,0.0038071229731988054,-0.020737564041230023,0.024647922286051633,431.0,0.0,458.0
125286,G. González,Bologna,Italy,defender,0,0.003762649988237525,-0.02931227432702005,0.028115486850338472,436.0,0.0,459.0
99833,B. Bereszyński,Sampdoria,Italy,defender,0,0.0037520924803785484,-0.021190638048459803,0.021906087148153217,414.5,0.0,460.0
25392,B. Koné,Strasbourg,France,defender,1,0.0037010184633509587,-0.02193477405221697,0.032309874777128586,440.0,0.002,461.0
3560,Nacho Monreal,Arsenal,England,defender,5,0.003615869816056041,-0.008253814059227456,0.01749803058018154,429.0,0.0,462.0
14724,D. Alaba,Bayern München,Germany,defender,2,0.0036142972363737034,-0.009268651095683056,0.01626414022846329,422.0,0.0,463.0
20855,E. Schelotto,Brighton & Hove Albion,England,defender,0,0.003607918821561075,-0.011385377581702832,0.021282351668785175,434.5,0.001,464.0
228639,Y. Gerhardt,Wolfsburg,Germany,defender,1,0.003552605536596692,-0.0073644161435946105,0.01424169482090005,431.0,0.0,465.0
3277,Víctor Ruíz,Villarreal,Spain,defender,2,0.0034643845898617988,-0.026335197459448654,0.02703461659070566,404.5,0.0,466.0
255387,C. Salcedo,Eintracht Frankfurt,Germany,defender,0,0.0034217626890120784,-0.02709097303566897,0.03365823165982291,443.0,0.003,467.0
252365,D. Yedlin,Newcastle United,England,defender,0,0.0031679927150204306,-0.013842980379346006,0.017988065855954492,433.5,0.0,468.0
4805,Arbilla,Eibar,Spain,defender,2,0.0030638851990572,-0.026819095745354484,0.022054240859736143,421.0,0.0,469.0
20434,A. Rosi,Genoa,Italy,defender,0,0.0029438589729703438,-0.01374070146566775,0.021484584418083992,439.0,0.0,470.0
70084,Alex Sandro,Juventus,Italy,defender,4,0.0028400773953176717,-0.005888680677679089,0.01283318848755866,447.0,0.0,471.0
20429,N. Burdisso,Torino,Italy,defender,0,0.0028358711457272035,-0.01923304869759851,0.024122320483175308,445.5,0.0,472.0
25700,M. Debuchy,Saint-Étienne,France,defender,4,0.0027910663277588297,-0.01836968543368344,0.030768056418388878,454.0,0.001,473.0
70083,Danilo,Manchester City,England,defender,3,0.00278690788632127,-0.007104339703541029,0.013328120011543853,451.5,0.0,474.0
25457,J. Roussillon,Montpellier,France,defender,3,0.002697452958041851,-0.006973201223165613,0.012182883166955821,446.0,0.0,475.0
134392,K. Akpoguma,Hoffenheim,Germany,defender,0,0.0026486996058717985,-0.014217991648026396,0.020333278751384735,448.5,0.0,476.0
25791,S. Yago,Toulouse,France,defender,0,0.0026482827221779542,-0.01810439969467395,0.02102719759255645,442.0,0.0,477.0
8433,S. Ward,Burnley,England,defender,1,0.0025843826479179416,-0.010645893590185277,0.0170685433785527,443.0,0.0,478.0
339964,Y. Salmier,Strasbourg,France,defender,0,0.0025665228149530065,-0.025836121776409704,0.036684816676347286,445.0,0.004,479.0
14888,D. Diekmeier,Hamburger SV,Germany,defender,0,0.0024850824692613546,-0.005477270096464018,0.010612647417098888,449.0,0.0,480.0
8309,K. Rekik,Hertha BSC,Germany,defender,2,0.0024168608477769193,-0.023631032896975,0.028305295603458246,445.5,0.0,481.0
29748,F. Chafik,Dijon,France,defender,0,0.002310911863442197,-0.011236057332990853,0.01612422433914522,456.5,0.0,482.0
22185,B. Martella,Crotone,Italy,defender,1,0.0022885821955981327,-0.01550754124147943,0.020626170426993252,457.0,0.0,483.0
20869,N. Murru,Sampdoria,Italy,defender,0,0.0022751892410549984,-0.015894903019956354,0.019361765429751772,444.0,0.0,484.0
20461,G. Chiellini,Juventus,Italy,defender,0,0.002237890334632845,-0.010640394197407204,0.015981997540100882,449.0,0.0,485.0
213124,Chema,Levante,Spain,defender,1,0.002234633838175881,-0.056763601004824304,0.04024486554563183,383.5,0.009,486.0
14991,M. Ginter,Borussia M'gladbach,Germany,defender,5,0.0021499573935023,-0.013741108445516757,0.01732162960878616,444.0,0.0,487.0
40538,Leandro Castán,Cagliari,Italy,defender,0,0.002089799678132948,-0.029545463587077117,0.022173979723308083,440.0,0.0,488.0
222220,A. Robertson,Liverpool,England,defender,1,0.0018690070581867306,-0.005050131809183536,0.008798616175448568,454.0,0.0,489.0
278867,S. Janko,Saint-Étienne,France,defender,0,0.0018682021126587036,-0.024000326927794226,0.024431446173167493,447.5,0.0,490.0
263432,F. Vicari,SPAL,Italy,defender,0,0.0018308212219177353,-0.017780105145353938,0.019457122301870845,451.0,0.0,491.0
3534,Jaume Costa,Villarreal,Spain,defender,0,0.0017775647815701711,-0.009697475143083716,0.012895635509469497,453.0,0.0,492.0
20612,S. Mustafi,Arsenal,England,defender,3,0.001765081735161508,-0.030098797253120646,0.023321361981270616,442.5,0.0,493.0
20677,A. Raggi,Monaco,France,defender,1,0.001464286166408585,-0.020953459029820105,0.025495999203382462,450.0,0.0,494.0
92899,J. Holebas,Watford,England,defender,0,0.0014073705077678167,-0.021825842229909305,0.020308128988290697,451.0,0.0,495.0
167145,Bellerín,Arsenal,England,defender,2,0.0014025569678651748,-0.011248219639018345,0.016519065702418984,463.0,0.0,496.0
14990,F. Diagne,Metz,France,defender,1,0.0013205751233212094,-0.02102617100106742,0.02353248889681358,469.0,0.0,497.0
7857,Miquel,Málaga,Spain,defender,0,0.001315908397499831,-0.016136805931744762,0.01858953365216512,459.0,0.0,498.0
22107,Mário Rui,Napoli,Italy,defender,2,0.001264766452563616,-0.008744781200796845,0.009502809812260215,465.0,0.0,499.0
379209,D. Rice,West Ham United,England,defender,0,0.0012573978937468657,-0.03276599718630692,0.032727797764359814,452.0,0.001,500.0
286825,J. Kenny,Everton,England,defender,0,0.0011156815575189968,-0.01921736709060385,0.022193622509897322,476.0,0.0,501.0
26086,I. Traoré,Angers,France,defender,3,0.0010833154925534109,-0.015600915733402554,0.015681151555526674,475.5,0.0,502.0
146590,F. Mattiello,SPAL,Italy,defender,0,0.0008767317548997801,-0.013004568995008205,0.015068718411094374,467.0,0.0,503.0
37824,T. Meunier,PSG,France,defender,4,0.0007223009442569473,-0.009123436208156477,0.011971269213469542,471.0,0.0,504.0
25785,S. Aurier,Tottenham Hotspur,England,defender,2,0.0006899943896643417,-0.012990938381517683,0.014641836022471294,464.5,0.0,505.0
232822,A. Masina,Bologna,Italy,defender,0,0.00025206991991768267,-0.01825166429745627,0.018741119422982698,479.0,0.0,506.0
263803,T. Castagne,Atalanta,Italy,defender,0,0.0002143449926439154,-0.015048321770095133,0.016886877397521958,472.5,0.0,507.0
365441,R. van Drongelen,Hamburger SV,Germany,defender,0,0.00014344332248060045,-0.02315927445410302,0.017625826700051538,476.0,0.0,508.0
14798,Ł. Piszczek,Borussia Dortmund,Germany,defender,0,-1.40333285248313e-05,-0.020666845180488117,0.01955332803337729,476.0,0.0,509.0
26196,D. Sidibé,Monaco,France,defender,2,-2.8344188965877646e-05,-0.020800580541935274,0.017744167064891844,478.0,0.0,510.0
241966,G. Jung,Hamburger SV,Germany,defender,1,-7.310163999079768e-05,-0.018695472617879984,0.01603055843260439,479.0,0.0,511.0
3270,Barragán,Real Betis,Spain,defender,0,-9.788118027172973e-05,-0.013064553059984076,0.013634091847795751,480.0,0.0,512.0
8032,Marcos Alonso,Chelsea,England,defender,7,-0.00015363588433764535,-0.009698450222671257,0.00923583679506703,484.0,0.0,513.0
263766,Jemerson,Monaco,France,defender,2,-0.0001842346206063355,-0.02033381683154398,0.02023517327426199,477.5,0.0,514.0
20433,S. Kjær,Sevilla,Spain,defender,2,-0.00028462202303454785,-0.025654081383681006,0.027381619195175733,490.0,0.0,515.0
248950,Samir,Udinese,Italy,defender,2,-0.0003172358213457796,-0.019197530010700944,0.01378939166717075,473.0,0.0,516.0
9277,S. Cook,AFC Bournemouth,England,defender,2,-0.00034994519065470654,-0.020356566603259626,0.020057611789710775,482.0,0.0,517.0
364850,J. Firpo,Real Betis,Spain,defender,2,-0.00037677064930414795,-0.012822436449179405,0.01420107048497712,485.0,0.001,518.0
26945,M. Poundjé,Bordeaux,France,defender,0,-0.00037935935918765326,-0.02754207882633354,0.01627899416675367,471.5,0.0,519.0
352986,K. Amian,Toulouse,France,defender,1,-0.0004981641697868393,-0.03896951119808324,0.026746245424479655,472.0,0.0,520.0
279533,Mario Hermoso,Espanyol,Spain,defender,1,-0.0005121583273538945,-0.017419497052757263,0.017043191020451858,479.5,0.0,521.0
3788,Jordi Amat,Real Betis,Spain,defender,0,-0.0005173719137070934,-0.017940268402275073,0.016359067054566856,488.5,0.0,522.0
25397,S. Umtiti,Barcelona,Spain,defender,1,-0.0007856844647529379,-0.01565216421684317,0.014282068375339805,490.0,0.0,523.0
16884,J. Korb,Hannover 96,Germany,defender,1,-0.0007877245085325214,-0.01609357012543791,0.013443454470008609,493.5,0.0,524.0
283832,F. Romagna,Cagliari,Italy,defender,0,-0.000805641992347496,-0.015128526390170552,0.014436037264837148,490.0,0.0,525.0
99661,T. Cionek,SPAL,Italy,defender,1,-0.0009909420569238292,-0.0281495107820691,0.02661295416856963,497.5,0.001,526.0
247169,Diego González,Málaga,Spain,defender,1,-0.0010350565794108998,-0.01574788778180762,0.016550129391173406,491.0,0.0,527.0
14687,S. Papastathopoulos,Borussia Dortmund,Germany,defender,2,-0.0012999753161523923,-0.013973631803328295,0.010078718751870164,489.0,0.0,528.0
146569,M. Kempf,Freiburg,Germany,defender,0,-0.0013461978919259694,-0.0460554918751907,0.03203012801690953,500.5,0.001,529.0
93003,D. Siovas,Leganés,Spain,defender,1,-0.0015346912526923871,-0.058863573922399166,0.04245411933372395,455.5,0.007,530.0
4371,Dani Castellano,Las Palmas,Spain,defender,0,-0.0015822236396198415,-0.024274273242820166,0.020599771004851355,489.0,0.0,531.0
224080,G. Maripán,Deportivo Alavés,Spain,defender,0,-0.0015854804398784863,-0.04257786916009271,0.034731031886190575,501.0,0.002,532.0
15178,S. Bell,Mainz 05,Germany,defender,1,-0.0017703897419157118,-0.020210431487470315,0.014566461316875019,493.5,0.0,533.0
8313,P. Zabaleta,West Ham United,England,defender,0,-0.0019100437583098513,-0.04381569950603607,0.024630511809852644,471.0,0.0,534.0
171283,C. Chambers,Arsenal,England,defender,0,-0.0019184633413697639,-0.03299833479546155,0.01969341591821931,492.0,0.0,535.0
5677,Bruno,Getafe,Spain,defender,0,-0.0019963448017982794,-0.04071160976092496,0.03693725865332791,506.0,0.004,536.0
397028,D. Zagadou,Borussia Dortmund,Germany,defender,1,-0.002022707826789494,-0.0090852993176599,0.007136746476667772,510.0,0.0,537.0
4303,David López,Espanyol,Spain,defender,1,-0.0020780456538718865,-0.027856059552370617,0.01920109806181149,485.0,0.0,538.0
3421,De Marcos,Athletic Club,Spain,defender,1,-0.0021263670157062736,-0.01422924316370956,0.01125230212123579,502.0,0.0,539.0
394,B. Nuytinck,Udinese,Italy,defender,1,-0.0021517655754725532,-0.02327719496746515,0.01777540522760267,501.0,0.0,540.0
4501,Daniel Carvajal,Real Madrid,Spain,defender,0,-0.002155759741699724,-0.01795623425323299,0.01607782548731584,503.0,0.0,541.0
352988,D. Upamecano,RB Leipzig,Germany,defender,3,-0.002320914131668011,-0.03264773004679008,0.024065690842589384,489.5,0.0,542.0
3529,Mario,Villarreal,Spain,defender,2,-0.002330986840285909,-0.017359734748311408,0.012264242016316432,513.0,0.0,543.0
14775,B. Oczipka,Schalke 04,Germany,defender,0,-0.002582795120474729,-0.036371484677715324,0.016363052122836643,495.5,0.0,544.0
21164,F. Fernández,Swansea City,England,defender,1,-0.002631368660801555,-0.02155221155123103,0.014862811929491734,512.0,0.0,545.0
3351,Kiko Femenía,Watford,England,defender,1,-0.0028362366454374095,-0.012912915238522196,0.006795504772466582,513.0,0.0,546.0
25701,L. Digne,Barcelona,Spain,defender,0,-0.002944343992928092,-0.02095757129443388,0.01363382081639774,514.0,0.0,547.0
3341,Piqué,Barcelona,Spain,defender,2,-0.0029654438328313537,-0.02537941536072193,0.015246936770345047,512.0,0.0,548.0
112377,O. Vizcarrondo,Troyes,France,defender,0,-0.0032338312685591315,-0.05181242767369255,0.04451430498564423,501.0,0.005,549.0
295176,R. Gosens,Atalanta,Italy,defender,1,-0.003278084313635828,-0.014025022922377596,0.008017374612371326,511.0,0.0,550.0
26332,P. Baysse,Málaga,France,defender,1,-0.0033249535149585947,-0.05154311611266467,0.028186640418473668,488.5,0.0,551.0
3791,Z. Feddal,Real Betis,Spain,defender,3,-0.0033445399487969586,-0.027463880264420863,0.020080384817217387,506.5,0.0,552.0
4424,Jonny,Celta de Vigo,Spain,defender,2,-0.0035786502901868924,-0.01849653377825118,0.00795761532955239,516.0,0.0,553.0
25638,D. Foulquier,Strasbourg,France,defender,0,-0.003958871859845016,-0.019758098174862508,0.012895853809644786,519.0,0.0,554.0
29616,P. Martinez,Strasbourg,France,defender,0,-0.004016070484533768,-0.02474317193684267,0.0146426541050403,521.0,0.0,555.0
68085,C. Kabasele,Watford,England,defender,2,-0.004079742911428317,-0.02744983339820371,0.016961454779070566,520.5,0.0,556.0
263105,Pablo Maffeo,Girona,Spain,defender,0,-0.004087529339068983,-0.016901451329021357,0.008142906544627716,521.0,0.0,557.0
25919,J. Palmieri,Metz,France,defender,0,-0.00414811628276725,-0.021014777197634747,0.011188653891170608,516.0,0.0,558.0
5383,Toño,Levante,Spain,defender,0,-0.004161354471692657,-0.024970042612188,0.010610078535554377,511.0,0.0,559.0
3340,Muniesa,Girona,Spain,defender,0,-0.004256338301547201,-0.04366719356346142,0.02316245945719329,504.0,0.0,560.0
258253,B. Henrichs,Bayer Leverkusen,Germany,defender,0,-0.00427208161995977,-0.06804425661810577,0.03648119229044071,497.5,0.001,561.0
424241,N. Milenković,Fiorentina,Italy,defender,0,-0.004504622633872009,-0.03239815486887837,0.016809841528872813,520.0,0.0,562.0
337682,F. Uduokhai,Wolfsburg,Germany,defender,1,-0.005448506096195419,-0.023444359621991772,0.015335030213612556,537.5,0.0,563.0
3644,Bigas,Las Palmas,Spain,defender,0,-0.00567180006691707,-0.02486943190675394,0.011914177030423205,540.5,0.0,564.0
3278,Bruno Saltor,Brighton & Hove Albion,England,defender,0,-0.005696649352785482,-0.0346637335143134,0.020295055612224555,527.5,0.0,565.0
82487,P. Kadeřábek,Hoffenheim,Germany,defender,2,-0.005870525378499638,-0.02522505335022036,0.011066384629950837,533.5,0.0,566.0
343685,William,Wolfsburg,Germany,defender,0,-0.005955357259346405,-0.02132537334991083,0.008413411511027776,533.0,0.0,567.0
282550,F. Hadergjonaj,Huddersfield Town,England,defender,0,-0.00617048443884667,-0.016283151169233477,0.0034102238330672024,538.0,0.0,568.0
25641,K. Mangane,Strasbourg,France,defender,1,-0.006180060927685721,-0.0337400232672106,0.015610849688423169,536.0,0.0,569.0
70389,Cédric Soares,Southampton,England,defender,0,-0.006214234467792866,-0.024195025710203367,0.010121264260548468,539.0,0.0,570.0
21528,F. Ceccherini,Crotone,Italy,defender,1,-0.006240641036158862,-0.05163136060861665,0.02661498454608844,530.0,0.0,571.0
276979,F. Mendy,Olympique Lyonnais,France,defender,0,-0.0064135357746304454,-0.02880846902268816,0.01201546291988699,529.0,0.0,572.0
51064,E. Krafth,Bologna,Italy,defender,0,-0.006711351884673452,-0.04615276477114554,0.028598822722789782,529.5,0.001,573.0
3325,Juanfran,Deportivo La Coruña,Spain,defender,0,-0.006804612257885415,-0.03200865517706965,0.008890185793017842,538.0,0.0,574.0
25523,K. Djidji,Nantes,France,defender,0,-0.006813205426785975,-0.03651091650774994,0.017197755619651894,546.0,0.0,575.0
275384,Jorge Meré,Köln,Germany,defender,1,-0.007021836498781304,-0.025856515109932154,0.010711063893714895,535.0,0.0,576.0
149091,M. Tisserand,Wolfsburg,Germany,defender,0,-0.00737544245162184,-0.03056979985124145,0.018042058029434833,548.0,0.0,577.0
112366,M. Layún,Sevilla,Spain,defender,2,-0.00738598153779091,-0.019762173315674314,0.003639036740881892,544.5,0.0,578.0
25399,M. Zeffane,Rennes,France,defender,0,-0.007649466988586405,-0.04019755555990195,0.02695513665341801,551.0,0.001,579.0
8516,P. Bardsley,Burnley,England,defender,0,-0.007721915873112196,-0.04876930991397855,0.023224467059223864,530.0,0.0,580.0
21280,M. Sampirisi,Crotone,Italy,defender,0,-0.008112568474083362,-0.03373498926745988,0.0164444567693449,547.0,0.0,581.0
376362,Luiz Felipe,Lazio,Italy,defender,0,-0.008523958213481593,-0.04321472157790836,0.015460851399697573,544.0,0.0,582.0
3347,Sergi Roberto,Barcelona,Spain,defender,1,-0.00880144483879356,-0.036328607762795895,0.006463014653036062,545.0,0.0,583.0
21004,V. Regini,Sampdoria,Italy,defender,0,-0.008813493330381526,-0.036617803734072134,0.02386001333064769,555.0,0.005,584.0
278288,Aritz Elustondo,Real Sociedad,Spain,defender,3,-0.009011423504752107,-0.02968222686433692,0.007208721517697126,553.0,0.0,585.0
20927,L. De Silvestri,Torino,Italy,defender,5,-0.00953565929142311,-0.029127661950504827,0.009696080960309808,555.0,0.0,586.0
15214,A. Rukavina,Villarreal,Spain,defender,0,-0.00987532952276269,-0.04979645971754932,0.029739555882039928,562.5,0.0,587.0
260250,Wallace,Lazio,Italy,defender,0,-0.01029047421590503,-0.0410990005851243,0.012904441163096513,558.0,0.0,588.0
14745,C. Molinaro,Torino,Italy,defender,0,-0.010822236349294852,-0.023422292289260616,0.00042153095255719104,563.0,0.0,589.0
341751,Marc Navarro,Espanyol,Spain,defender,1,-0.010905002570943803,-0.06546450224472795,0.04634679570462829,555.5,0.012,590.0
278289,Odriozola,Real Sociedad,Spain,defender,0,-0.011874899978070848,-0.024920121784531114,-0.0007112728759023485,568.0,0.0,591.0
22270,G. Ferrari,Sampdoria,Italy,defender,2,-0.012370615374186688,-0.029637032402239603,0.005016188309962195,572.0,0.0,592.0
396616,R. Pierre-Gabriel,Saint-Étienne,France,defender,0,-0.013631025225545082,-0.06461456786279449,0.025197932908686733,574.0,0.0,593.0
3526,M. Musacchio,Milan,Italy,defender,0,-0.013970338635964863,-0.04201942047947109,0.004305651304097739,574.0,0.0,594.0
8731,R. Shawcross,Stoke City,England,defender,1,-0.014139703676830548,-0.04835790844017791,0.023656722563822685,579.0,0.0,595.0
56009,R. Durmisi,Real Betis,Spain,defender,2,-0.014501337846442901,-0.03651546751760109,0.002189388819964011,575.0,0.0,596.0
22093,A. Caracciolo,Hellas Verona,Italy,defender,2,-0.01589012540089787,-0.04886934025771729,0.01813912575700536,579.0,0.0,597.0
355937,M. Holgate,Everton,England,defender,0,-0.016064368496412927,-0.03408403577810577,0.007183086913994885,580.0,0.0,598.0
21578,G. Di Chiara,Benevento,Italy,defender,0,-0.016876123128629555,-0.03469897695501049,6.003570288392098e-05,584.0,0.0,599.0
208865,Bastos,Lazio,Italy,defender,4,-0.017681509864023368,-0.06931170311540963,0.01981440289180746,581.5,0.0,600.0
225996,Diego Llorente,Real Sociedad,Spain,defender,3,-0.018666832470233548,-0.04561548887722098,-0.0012742786073759098,587.0,0.0,601.0
215036,C. Yamberé,Dijon,France,defender,3,-0.01905598202808174,-0.04595752065622776,0.005005286691116554,589.0,0.0,602.0
134420,F. Costa,SPAL,Italy,defender,0,-0.019593246047204863,-0.04680322487765045,0.0006163759865610081,588.0,0.0,603.0
70711,Mexer,Rennes,France,defender,0,-0.021481432176787125,-0.14745227264047434,0.05245234429123978,587.0,0.026,604.0
69409,Š. Vrsaljko,Atlético Madrid,Spain,defender,0,-0.02236147682197767,-0.06637958526665955,0.01188197466854315,592.0,0.0,605.0
149019,D. Simpson,Leicester City,England,defender,0,-0.022833420897401407,-0.03775581652498532,-0.007989330819617604,595.0,0.0,606.0
388398,G. Pezzella,Udinese,Italy,defender,0,-0.023928873542958057,-0.05605020606545309,0.01255346722389734,596.0,0.0,607.0
7892,David Luiz,Chelsea,England,defender,1,-0.0241735482012136,-0.0967726749170871,0.02698868109907062,588.5,0.0,608.0
417231,C. Adjapong,Sassuolo,Italy,defender,0,-0.033830336997606604,-0.10067633311948422,0.002299375267586847,602.0,0.0,609.0
26069,H. Bazile,Caen,France,forward,0,0.011191492001284865,-0.0034340835387543854,0.028820811486617467,6.0,0.69,1.0
372753,Francis Guerrero,Real Betis,Spain,forward,1,0.010435999369469456,-0.0031608760683845306,0.027619420584403705,7.0,0.649,2.0
228946,M. Cornet,Olympique Lyonnais,France,forward,4,0.009816862899938767,-0.005224112371919854,0.03397118735295644,8.0,0.604,3.0
424624,O. Etebo,Las Palmas,Spain,forward,0,0.008476903932050164,-0.0031337137902896117,0.022969564138346332,9.0,0.575,4.0
343925,D. Verde,Hellas Verona,Italy,forward,2,0.007981904704221743,-0.003972270566427094,0.021243924222697576,9.0,0.575,5.0
25889,R. Hamouma,Saint-Étienne,France,forward,5,0.007735269909311796,-0.011216780713341784,0.0372051181950091,11.0,0.482,6.0
3425,Muniain,Athletic Club,Spain,forward,4,0.007013069487662051,-0.007280679412786065,0.03084172415501826,11.0,0.496,7.0
20449,F. Borini,Milan,Italy,forward,2,0.005496089455418344,-0.006832422784378959,0.019985297382311643,14.0,0.409,8.0
20941,A. Ljajić,Torino,Italy,forward,6,0.004786839168339719,-0.002782901366055777,0.014751884135666998,14.0,0.335,9.0
90880,S. Mendoza,Amiens SC,France,forward,2,0.0041450369114992515,-0.007122099502936337,0.017172838801455387,16.0,0.332,10.0
7944,W. Rooney,Everton,England,forward,10,0.0035582546989679164,-0.007346149736779197,0.017247206454714014,17.0,0.292,11.0
20820,J. Iličić,Atalanta,Italy,forward,11,0.0025931638418436836,-0.0023069395751114216,0.007423265738974591,20.0,0.065,12.0
254189,Ivi,Levante,Spain,forward,3,0.001714240306097596,-0.012677860649029937,0.01851859042082138,24.0,0.252,13.0
3358,Cristian Tello,Real Betis,Spain,forward,4,0.0013322586348918069,-0.0058505183565491755,0.010404017682549555,24.0,0.111,14.0
276944,J. Bamba,Saint-Étienne,France,forward,7,0.0012109847872727015,-0.006433566886693874,0.008776877288409193,25.0,0.073,15.0
21077,A. Gómez,Atalanta,Italy,forward,6,0.0009463438836163665,-0.004706230012036697,0.006178286959562893,26.0,0.023,16.0
3451,Adrián López,Deportivo La Coruña,Spain,forward,9,0.0006218840893549184,-0.010367642029521373,0.01093053824401034,27.0,0.121,17.0
21655,A. Stoian,Crotone,Italy,forward,2,0.0006189241439277424,-0.005988544983457328,0.007809806855260479,28.0,0.051,18.0
134769,Y. Carrasco,Atlético Madrid,Spain,forward,3,0.0003676435888593437,-0.01688008875417131,0.01594531486489303,27.0,0.203,19.0
15533,M. Terrazzino,Freiburg,Germany,forward,0,0.0002929241858450804,-0.01600732302811171,0.017730845959567084,28.0,0.242,20.0
250134,Luiz Araújo,Lille,France,forward,5,-0.00029050888957530646,-0.007639513973642703,0.007689766318031701,30.0,0.036,21.0
231139,K. Coman,Bayern München,Germany,forward,3,-0.0006542011046312846,-0.0074884129706185455,0.008673646942823908,32.0,0.058,22.0
69411,A. Kramarić,Hoffenheim,Germany,forward,13,-0.0008841301197551688,-0.011635934522902057,0.00839911374634431,30.0,0.06,23.0
134512,C. Jean,Toulouse,France,forward,1,-0.0011075779995898464,-0.022957417903660335,0.020543465546960796,31.0,0.268,24.0
70975,Bruma,RB Leipzig,Germany,forward,4,-0.0014371850666406295,-0.007512797699472728,0.004936447111720746,35.0,0.01,25.0
21123,S. Verdi,Bologna,Italy,forward,10,-0.002377285565533192,-0.009019836430842365,0.0048907434717291665,40.0,0.011,26.0
3293,P. Piatti,Espanyol,Spain,forward,2,-0.0024050275010376867,-0.012109430836767243,0.00775622483057802,40.0,0.032,27.0
20949,Ryder Matos,Hellas Verona,Italy,forward,0,-0.002457828815599403,-0.012248196149631787,0.00923444379955175,41.0,0.049,28.0
3802,Philippe Coutinho,Barcelona,England,forward,15,-0.002613024601195509,-0.008869314455575771,0.0032135858013433104,42.0,0.005,29.0
293862,Nacho Gil,Las Palmas,Spain,forward,0,-0.002722149182177832,-0.015879943635545703,0.011464968289543442,37.0,0.104,30.0
252589,B. Petković,Hellas Verona,Italy,forward,0,-0.002775575605112334,-0.026502781617303173,0.02479048526928679,32.0,0.261,31.0
239295,V. Parigini,Benevento,Italy,forward,0,-0.0029732048063482925,-0.015557477975280594,0.010905684006469723,46.0,0.074,32.0
40810,Neymar,PSG,France,forward,20,-0.0030258506738145945,-0.01024536246493864,0.004748283501707565,44.0,0.007,33.0
8677,M. Antonio,West Ham United,England,forward,3,-0.0031248889049948826,-0.010113358193370817,0.004919785612668004,44.0,0.011,34.0
142755,B. Traoré,Olympique Lyonnais,France,forward,13,-0.003494470990201694,-0.016595703253764468,0.009692735239695018,48.0,0.05,35.0
15054,M. Diouf,Stoke City,England,forward,6,-0.003550224199821792,-0.02231551794742474,0.017715722213346934,48.5,0.166,36.0
3348,Deulofeu,Barcelona,England,forward,2,-0.0035562837245694525,-0.0207115804140571,0.013277385140528071,43.0,0.108,37.0
250956,F. Ricci,Crotone,Italy,forward,1,-0.0038121605993132676,-0.014337676877075637,0.008347401084307834,48.0,0.044,38.0
135927,André Silva,Milan,Italy,forward,2,-0.0038401454015800137,-0.0248490275678284,0.016919132652010078,45.0,0.187,39.0
15020,M. Leckie,Hertha BSC,Germany,forward,5,-0.004276533238874763,-0.01943314889651104,0.013905001497193039,50.0,0.086,40.0
28122,Y. Benzia,Lille,France,forward,1,-0.004375097334059689,-0.012506787418497763,0.002893131011946761,49.0,0.001,41.0
295761,S. Grandsir,Troyes,France,forward,3,-0.004637915882475464,-0.01099562272797955,0.002624496328304292,53.0,0.0,42.0
300485,Malcom,Bordeaux,France,forward,12,-0.004679195507591887,-0.015383896519897603,0.003077533794714456,51.0,0.004,43.0
24269,M. Coda,Benevento,Italy,forward,4,-0.0047003914924903046,-0.014152976847459378,0.005599163644000484,54.0,0.015,44.0
89186,P. Dybala,Juventus,Italy,forward,22,-0.005102188722965165,-0.012801588731234098,0.002582065003983189,55.0,0.002,45.0
25715,R. Rodelin,Caen,France,forward,5,-0.005105088107767337,-0.01507735002113553,0.003708716687645485,56.0,0.005,46.0
3360,Pedro,Chelsea,England,forward,4,-0.005220154147103416,-0.012772437788453928,0.003607255087599705,55.0,0.003,47.0
377071,Richarlison,Watford,England,forward,5,-0.005444832636631261,-0.01720097491602105,0.005924319688667706,57.0,0.015,48.0
228765,T. Kleindienst,Freiburg,Germany,forward,2,-0.0054502124352328075,-0.02965566719515252,0.01891218012400231,64.5,0.149,49.0
38095,S. Gakpé,Amiens SC,France,forward,3,-0.005766145134268806,-0.02753584934095509,0.017955906548465416,59.5,0.154,50.0
350032,C. Ünder,Roma,Italy,forward,7,-0.00589383188670434,-0.02016351752657007,0.009992754661672184,59.5,0.047,51.0
16025,M. Kruse,Werder Bremen,Germany,forward,6,-0.006004431802552031,-0.013702347204839812,0.0013843835576715336,58.0,0.0,52.0
3475,D. Perotti,Roma,Italy,forward,5,-0.006477249722232914,-0.015105002339114687,0.003340053192232456,63.0,0.007,53.0
25622,T. Hazard,Borussia M'gladbach,Germany,forward,10,-0.006932533260440624,-0.0182187022939163,0.005003242707664183,65.0,0.016,54.0
12536,D. Gayle,Newcastle United,England,forward,6,-0.007111275777360585,-0.02078282648698934,0.00945939469608025,69.0,0.045,55.0
237034,Gonçalo Guedes,Valencia,France,forward,5,-0.007154128339117204,-0.013494242661478043,-0.00122320652325361,66.0,0.0,56.0
3682,A. Griezmann,Atlético Madrid,Spain,forward,19,-0.007224579154429208,-0.020161103683892827,0.005111695218809033,65.0,0.016,57.0
3359,L. Messi,Barcelona,Spain,forward,34,-0.0076003688581510066,-0.016037814737546535,-0.0006501835925624166,67.0,0.0,58.0
338249,Gil Dias,Fiorentina,France,forward,2,-0.00771575951552556,-0.02192278191983345,0.0065734875094452605,67.0,0.023,59.0
334552,F. Kamano,Bordeaux,France,forward,8,-0.0077877339432460896,-0.019376795586191507,0.0029341854045022166,69.0,0.005,60.0
15198,E. Choupo-Moting,Stoke City,England,forward,5,-0.007868091803178325,-0.01997138699617103,0.0032746031854789612,67.0,0.006,61.0
8148,Iago Falqué,Torino,Italy,forward,12,-0.007976088031351422,-0.01835939088001594,0.0007555837026617865,70.5,0.0,62.0
14789,A. Schürrle,Borussia Dortmund,Germany,forward,1,-0.008206663264570032,-0.01930203395206013,0.002981811342609856,72.0,0.008,63.0
25770,F. Thauvin,Olympique Marseille,France,forward,22,-0.008386485870101493,-0.01904166105769643,2.2868485100996572e-05,73.0,0.0,64.0
447821,Y. En-Nesyri,Málaga,Spain,forward,4,-0.008394272489405826,-0.0344207798992017,0.012858070399760271,75.0,0.092,65.0
15877,A. Hahn,Hamburger SV,Germany,forward,3,-0.008675072198795741,-0.02617475259284177,0.017596401400728674,81.0,0.086,66.0
118,M. Depay,Olympique Lyonnais,France,forward,19,-0.008718494161961238,-0.015865047843804325,-0.0010084451288361537,76.0,0.0,67.0
25707,E. Hazard,Chelsea,England,forward,12,-0.008724842528825967,-0.015735310410854117,-0.0016696050448393308,75.0,0.0,68.0
16436,C. Quaner,Huddersfield Town,England,forward,0,-0.00886602840990497,-0.023597325947093743,0.006135519086162194,75.0,0.025,69.0
224801,I. Bebou,Hannover 96,Germany,forward,5,-0.009303776668505287,-0.03051855137406426,0.007918659514593451,72.0,0.041,70.0
20947,A. Cerci,Hellas Verona,Italy,forward,3,-0.009304880069159591,-0.02235795680370986,0.0023762555266894337,81.0,0.001,71.0
91381,J. Izquierdo,Brighton & Hove Albion,England,forward,5,-0.009514965496365876,-0.02491393099681373,0.00497761712788792,80.0,0.015,72.0
25572,A. Ayew,Swansea City,England,forward,3,-0.009979373747595905,-0.034132960844200574,0.011590424902594904,81.0,0.077,73.0
11063,Suso,Milan,Italy,forward,6,-0.010054165266168752,-0.015891951675308536,-0.0038994215826954545,83.0,0.0,74.0
208696,M. Politano,Sassuolo,Italy,forward,10,-0.010100481829511867,-0.0190317621701813,-0.001527135061734463,83.0,0.001,75.0
8747,P. Crouch,Stoke City,England,forward,5,-0.010270739983640332,-0.030851225395412917,0.012529139134491505,84.0,0.059,76.0
65180,M. Gregoritsch,Augsburg,Germany,forward,13,-0.010370807901833612,-0.027714360786814395,0.005922535359898413,84.0,0.025,77.0
293687,D. Calvert-Lewin,Everton,England,forward,4,-0.010479958833225085,-0.025660604424283327,0.004653843696852945,88.5,0.013,78.0
3313,José Callejón,Napoli,Italy,forward,8,-0.01053202795253946,-0.022477154537536497,0.0009902088020431628,88.0,0.001,79.0
3840,Iago Aspas,Celta de Vigo,Spain,forward,22,-0.010798215415154307,-0.028766958174381387,0.0012537939759558875,85.0,0.0,80.0
149054,W. Saïd,Dijon,France,forward,9,-0.010879450131329535,-0.027874652567087873,0.0017189163045024847,90.0,0.003,81.0
382,Suk Hyun-Jun,Troyes,France,forward,6,-0.010956717794437354,-0.029533879262390032,0.009663942314249434,88.0,0.054,82.0
339791,Álex Berenguer,Torino,Italy,forward,1,-0.011135098210856969,-0.021325678886143958,0.00010079845542088246,90.0,0.003,83.0
86517,P. De Blasis,Mainz 05,Germany,forward,5,-0.01115970175642991,-0.0275423140965555,0.006230003788546707,95.0,0.022,84.0
105541,Lucas Pérez,Deportivo La Coruña,Spain,forward,8,-0.011175925583055683,-0.01956600292792462,-0.001869320619557749,93.0,0.0,85.0
26543,J. Blayac,Strasbourg,France,forward,3,-0.011333156681501358,-0.04029088097763581,0.01329591834047589,90.0,0.081,86.0
20418,S. El Shaarawy,Roma,Italy,forward,7,-0.011510095091153114,-0.021033337193597797,-0.003203488750533113,93.0,0.0,87.0
16122,E. Kachunga,Huddersfield Town,England,forward,1,-0.011703556393168493,-0.024991593031767234,0.001109823998281331,90.0,0.004,88.0
25747,S. Mané,Liverpool,England,forward,10,-0.011864752223453229,-0.018775530538196087,-0.005849284922152736,95.0,0.0,89.0
394006,M. Terrier,Strasbourg,France,forward,3,-0.011916823201644172,-0.037327205180467816,0.007035966747725462,86.5,0.028,90.0
11156,M. Trotta,Crotone,Italy,forward,7,-0.01204573948575407,-0.022514112391153227,-0.0028394151962791805,97.0,0.0,91.0
134494,V. Germain,Olympique Marseille,France,forward,9,-0.012125688091391163,-0.031022586090851005,0.0084392080468395,96.0,0.035,92.0
3327,Joselu,Newcastle United,England,forward,4,-0.012204874765264797,-0.02580920467468551,0.0019096635645188033,102.0,0.006,93.0
328336,M. Fares,Hellas Verona,Italy,forward,0,-0.012462902310768622,-0.030288945923645543,0.0017792020623295386,101.0,0.003,94.0
25577,L. Rémy,Las Palmas,Spain,forward,8,-0.01276961171006556,-0.027662071578891057,0.00011758799227738345,98.0,0.004,95.0
7941,J. Hernández,West Ham United,England,forward,8,-0.012822270530493889,-0.023046136970991726,-0.000124160138589811,98.0,0.001,96.0
344744,J. Ikoné,Montpellier,France,forward,1,-0.012859251377964205,-0.02787868232967487,0.003496490104574473,95.0,0.008,97.0
105619,A. Mehmedi,Bayer Leverkusen,Germany,forward,3,-0.012912941699246554,-0.05169680897860566,0.013852677991965684,90.0,0.13,98.0
397178,M. Rashford,Manchester United,England,forward,7,-0.013373340122220936,-0.025548468707345,-0.0026026351863829623,102.5,0.001,99.0
21385,L. Insigne,Napoli,Italy,forward,8,-0.013828607891904205,-0.02037436551866791,-0.008381216886821282,108.0,0.0,100.0
214654,S. Mounié,Huddersfield Town,England,forward,8,-0.013919094668219603,-0.029267345892546162,0.0031881151706433684,108.0,0.005,101.0
7904,S. Kalou,Hertha BSC,Germany,forward,12,-0.014225201514982416,-0.029506212231740037,0.0014974224907565914,110.0,0.007,102.0
15107,Raffael,Borussia M'gladbach,Germany,forward,9,-0.014477796929425909,-0.03013381160598722,-0.0026670740936296697,108.0,0.0,103.0
344140,A. Ndiaye,Getafe,Spain,forward,3,-0.014598833742369621,-0.024983134121872023,-0.0037423086440027745,113.0,0.0,104.0
254408,Á. Correa,Atlético Madrid,Spain,forward,8,-0.014798286559815682,-0.025148860336036385,-0.0039430459155533415,110.5,0.001,105.0
9637,J. King,AFC Bournemouth,England,forward,8,-0.014997158314605338,-0.02763483253020417,-0.0010470539876066831,117.0,0.0,106.0
26124,B. Jeannot,Dijon,France,forward,4,-0.015218182633521732,-0.03989102505456775,0.005349024278425522,115.0,0.018,107.0
286553,A. El Ghazi,Lille,France,forward,4,-0.015384008807699977,-0.028079644262028997,-0.002804995098496622,113.0,0.0,108.0
23314,Diego Farias,Cagliari,Italy,forward,1,-0.015389799451074984,-0.03559484077040335,0.0044325548236039776,117.0,0.012,109.0
38031,C. Benteke,Crystal Palace,England,forward,3,-0.015464255312031931,-0.03025759644662239,-0.0019860171705427536,118.0,0.0,110.0
21177,G. Pandev,Genoa,Italy,forward,5,-0.015560966239919568,-0.02688229855961441,-0.0037566646636269766,116.0,0.0,111.0
26042,K. Monnet-Paquet,Saint-Étienne,France,forward,2,-0.015747700498379365,-0.027450068301803916,-0.004512539472157083,118.0,0.001,112.0
15232,B. Wood,Hamburger SV,Germany,forward,2,-0.015921763846991868,-0.03272408911938955,0.004665877948383668,122.0,0.015,113.0
286390,O. Dembélé,Barcelona,Spain,forward,3,-0.015945011180515493,-0.02341396793533648,-0.00837487537798525,121.0,0.0,114.0
276211,A. Saint-Maximin,Nice,France,forward,3,-0.016071959586276892,-0.023213032363713904,-0.00951809923150883,120.0,0.0,115.0
14943,M. Mandžukić,Juventus,Italy,forward,5,-0.01621346169146674,-0.03870189691810387,0.004369115317681526,122.0,0.015,116.0
24964,M. Pucciarelli,Chievo,Italy,forward,2,-0.016324791566165932,-0.030879593564227616,-0.002644222884569244,122.0,0.001,117.0
250885,Santi Mina,Valencia,Spain,forward,12,-0.016388944417882818,-0.03627433883413375,0.0021850396230613063,120.5,0.009,118.0
5167,Mariano Díaz,Olympique Lyonnais,France,forward,18,-0.016455324225479833,-0.04652457699449069,0.01545695743047717,126.5,0.082,119.0
343951,T. Abraham,Swansea City,England,forward,5,-0.016463302398368986,-0.03323262757380406,0.0006184121397814457,124.0,0.006,120.0
105622,A. Yarmolenko,Borussia Dortmund,Germany,forward,3,-0.016497657760527872,-0.0346129081008926,-0.004196855774222992,118.0,0.0,121.0
388267,L. Bailey,Bayer Leverkusen,Germany,forward,10,-0.016749127228519976,-0.04141937668882955,0.002199509730040569,120.0,0.005,122.0
230883,Ayoze Pérez,Newcastle United,England,forward,8,-0.016818696508572265,-0.0276485467903511,-0.004150978329703252,128.0,0.001,123.0
70125,Nolito,Sevilla,Spain,forward,4,-0.01746799164673953,-0.03646408705088336,-0.0008010733875880015,128.0,0.003,124.0
279780,J. Augustin,RB Leipzig,Germany,forward,9,-0.017545551370794023,-0.028550809996759616,-0.007700677393362769,130.0,0.0,125.0
219350,A. Niane,Troyes,France,forward,8,-0.017652263005771652,-0.030106323715295213,-0.003291261812969615,133.5,0.0,126.0
70129,Rodrigo,Valencia,Spain,forward,16,-0.01809816839864856,-0.029080161080891433,-0.008071085040243894,134.0,0.0,127.0
25571,J. Ayew,Swansea City,England,forward,7,-0.018263604583489797,-0.030025898763990273,-0.007102162523107008,136.0,0.0,128.0
14763,S. Okazaki,Leicester City,England,forward,6,-0.018526892342861225,-0.04083996913704217,0.0018386169163932566,128.0,0.006,129.0
353833,K. Mbappé,PSG,France,forward,13,-0.018908123197600976,-0.03187646577970798,-0.0042462554003176245,138.0,0.001,130.0
134249,Rubén Sobrino,Deportivo Alavés,Spain,forward,3,-0.01905010986613071,-0.05018670551159057,-0.0003932305743304905,129.5,0.003,131.0
25716,N. Roux,Metz,France,forward,15,-0.019127819131062044,-0.03476329236857178,-0.003612195674267722,138.0,0.002,132.0
3361,A. Sánchez,Arsenal,England,forward,9,-0.019131510754838557,-0.027547049127691584,-0.010825613121465787,142.0,0.0,133.0
259292,F. Di Francesco,Bologna,Italy,forward,1,-0.019343885485964274,-0.03630369472985198,0.0025082155248455497,144.0,0.012,134.0
8628,F. Di Santo,Schalke 04,Germany,forward,3,-0.019444590903549615,-0.038909429243580554,0.002998682224060845,146.0,0.011,135.0
15051,L. Stindl,Borussia M'gladbach,Germany,forward,6,-0.019724916996911337,-0.02859796649392379,-0.010882341121242645,142.0,0.0,136.0
7623,Léo Baptistão,Espanyol,Spain,forward,8,-0.019905234840393735,-0.03877402990486756,-0.005205218762199451,143.0,0.0,137.0
206314,M. Icardi,Internazionale,Italy,forward,29,-0.020136412382351608,-0.04307779572257893,0.00229112739566133,145.0,0.007,138.0
134513,A. Martial,Manchester United,England,forward,9,-0.02015962839278853,-0.02937568176647004,-0.012138696125866218,147.0,0.0,139.0
21865,M. Sau,Cagliari,Italy,forward,2,-0.02018017366568276,-0.03319942978187494,-0.006870496868808985,148.5,0.001,140.0
4498,Lucas Vázquez,Real Madrid,Spain,forward,4,-0.020481367309558306,-0.03944343777375432,-0.007793235844719439,145.0,0.0,141.0
338201,E. Boateng,Levante,Spain,forward,6,-0.021298116804898116,-0.04498112492450629,0.0015969368373890747,151.0,0.006,142.0
8384,S. Long,Southampton,England,forward,2,-0.021370360468912622,-0.03697029279187516,-0.005511190119944116,152.0,0.001,143.0
14762,V. Ibišević,Hertha BSC,Germany,forward,7,-0.021513691239958416,-0.0429988590692328,0.0013221276768462758,158.0,0.014,144.0
20663,C. Théréau,Fiorentina,Italy,forward,7,-0.021579510604989638,-0.04038029552193072,-0.0022446096565931985,155.5,0.002,145.0
3321,K. Benzema,Real Madrid,Spain,forward,5,-0.021753397231889585,-0.037578632141172776,-0.006435856354259173,158.0,0.001,146.0
25898,M. Niang,Torino,Italy,forward,4,-0.021853718301127888,-0.03996670187736414,-0.008469279045549505,153.0,0.0,147.0
276983,I. Mbenza,Montpellier,France,forward,8,-0.021858971050257945,-0.046917821773457456,-0.0016346643029500811,151.0,0.001,148.0
26638,K. Toko Ekambi,Angers,France,forward,17,-0.02212480714344376,-0.03096086472727512,-0.012761330695953308,156.0,0.0,149.0
21376,G. Caprari,Sampdoria,Italy,forward,5,-0.02272066517455366,-0.04121949601550835,-0.008704479530217593,160.0,0.0,150.0
215130,Nuno Da Costa,Strasbourg,France,forward,5,-0.02282705253133797,-0.040832431758318535,-0.008272626594202383,159.0,0.0,151.0
264989,F. Mubele,Rennes,France,forward,6,-0.02295396510900091,-0.03330082937868029,-0.012567753988738094,162.0,0.0,152.0
25867,P. Aubameyang,Borussia Dortmund,England,forward,23,-0.022980601303079707,-0.041978550844368384,-0.004993489959004454,163.0,0.002,153.0
56274,Y. Poulsen,RB Leipzig,Germany,forward,4,-0.02334259150542951,-0.045419477924592916,0.002951025777541309,172.0,0.012,154.0
15808,Roberto Firmino,Liverpool,England,forward,15,-0.023782697566375608,-0.0370007101750554,-0.01125482112549916,164.0,0.0,155.0
21384,C. Immobile,Lazio,Italy,forward,29,-0.023919297595451885,-0.041608773157772456,-0.0056388644998126,168.5,0.001,156.0
247671,N. Pépé,Lille,France,forward,13,-0.024112950370895884,-0.051925508786468004,-0.005789283506393721,163.0,0.0,157.0
25795,W. Ben Yedder,Sevilla,Spain,forward,9,-0.024141571482884726,-0.03907813036008777,-0.009190686627216086,168.0,0.0,158.0
40770,Willian José,Real Sociedad,Spain,forward,15,-0.024185501532564466,-0.03637721097765947,-0.009177022144921507,170.0,0.0,159.0
454457,E. Brignola,Benevento,Italy,forward,3,-0.024199718930715264,-0.037083225328314304,-0.013551279450038605,167.0,0.0,160.0
99453,P. Nakoulma,Nantes,France,forward,3,-0.02437641027662251,-0.04797264027121223,-0.003402089111021576,168.0,0.001,161.0
134399,D. Selke,Hertha BSC,Germany,forward,10,-0.024396317653703523,-0.044231668313004215,-0.007150535871334636,166.5,0.0,162.0
7879,T. Walcott,Everton,England,forward,3,-0.024483641425970912,-0.05653652680566368,-0.0009621008492783613,161.0,0.003,163.0
25410,A. Pléa,Nice,France,forward,16,-0.024512938724357423,-0.037233864095955735,-0.012854030377416066,171.0,0.0,164.0
3816,Sergio García,Espanyol,Spain,forward,2,-0.024676452003034158,-0.04597477618740854,-0.0005913725276464084,168.0,0.004,165.0
333913,K. Lasagna,Udinese,Italy,forward,12,-0.02473759662528701,-0.03766839938041514,-0.008151446141101476,174.0,0.0,166.0
14911,Son Heung-Min,Tottenham Hotspur,England,forward,12,-0.024750837842567843,-0.034743423128259926,-0.014969256832672265,173.0,0.0,167.0
8717,H. Kane,Tottenham Hotspur,England,forward,29,-0.024843969817011806,-0.04917050535199001,-0.003490674836131845,171.0,0.0,168.0
86243,D. Zapata,Sampdoria,Italy,forward,11,-0.025113496976507405,-0.035321437612436314,-0.014510947572577522,173.0,0.0,169.0
15085,S. Wagner,Hoffenheim,Germany,forward,12,-0.025219284728876728,-0.042960368980928955,-0.005692931254183874,176.5,0.004,170.0
8903,T. Deeney,Watford,England,forward,5,-0.02542912483671897,-0.04185907005066971,-0.009305257381039659,177.0,0.0,171.0
8278,G. Bale,Real Madrid,Spain,forward,16,-0.02579489108908749,-0.04416617511273051,-0.009806545935638835,178.0,0.0,172.0
247141,Iñaki Williams,Athletic Club,Spain,forward,7,-0.02583595188794569,-0.037596096439217436,-0.014984931564381928,182.0,0.0,173.0
25411,J. Briand,Guingamp,France,forward,11,-0.02584051352299168,-0.04726359725809607,-0.005914123476911942,176.0,0.0,174.0
8325,S. Agüero,Manchester City,England,forward,21,-0.025933401665982098,-0.045567379240271356,-0.008745105747718824,176.0,0.0,175.0
143189,C. Ninga,Montpellier,France,forward,1,-0.025967791629905142,-0.044855522967630214,-0.0077330255382418705,177.0,0.0,176.0
135150,A. Cornelius,Atalanta,Italy,forward,3,-0.025976744736952512,-0.04904771316468337,-0.00443932700947751,182.0,0.001,177.0
25860,M. Gradel,Toulouse,France,forward,8,-0.026193635106068532,-0.05436251353487975,-0.006587915923053344,177.5,0.0,178.0
86338,L. Ocampos,Olympique Marseille,France,forward,9,-0.026204010652726754,-0.03992370993877164,-0.012184729148673485,180.0,0.0,179.0
134708,D. Origi,Wolfsburg,England,forward,6,-0.026554979086604417,-0.04129117849191772,-0.010983272932795008,185.0,0.001,180.0
278278,Munir,Deportivo Alavés,Spain,forward,10,-0.026591863585261534,-0.039019164322400594,-0.014686512710843857,180.0,0.0,181.0
26167,C. Beauvue,Leganés,Spain,forward,2,-0.026767728728059305,-0.04677244182161889,-0.008459720827946491,187.5,0.0,182.0
120353,Mohamed Salah,Liverpool,England,forward,32,-0.026815525981813967,-0.03805267797856973,-0.0159264927124512,184.0,0.0,183.0
14760,M. Harnik,Hannover 96,Germany,forward,9,-0.02684228053650797,-0.04966825910285002,-0.0029455101049021193,187.0,0.0,184.0
173214,T. Werner,RB Leipzig,Germany,forward,13,-0.026923840785804867,-0.04184086029830835,-0.014122675764359384,182.5,0.0,185.0
21234,A. Belotti,Torino,Italy,forward,10,-0.02708532909796949,-0.04168733884586641,-0.014112191889315501,185.0,0.0,186.0
25673,S. Bahoken,Strasbourg,France,forward,7,-0.02724782708318343,-0.047023112619237174,-0.00778354232741399,186.0,0.0,187.0
28965,O. Nguette,Metz,France,forward,0,-0.027335458079928186,-0.05317930040918264,-0.008769308064571766,181.0,0.0,188.0
209400,D. Berardi,Sassuolo,Italy,forward,4,-0.027417431857586546,-0.03727260044251634,-0.016709362724999684,190.0,0.0,189.0
25472,C. Bakambu,Villarreal,Spain,forward,9,-0.027423693762611733,-0.06017958107285809,0.010456220498684492,189.0,0.034,190.0
14817,R. Lewandowski,Bayern München,Germany,forward,29,-0.027649492130463325,-0.04513025780276545,-0.012846345525546666,189.0,0.0,191.0
7945,D. Welbeck,Arsenal,England,forward,5,-0.027734094074939455,-0.0618596402585843,0.007433783244870559,184.0,0.027,192.0
25923,N. de Préville,Bordeaux,France,forward,6,-0.027751506544386247,-0.04753187915823788,-0.01383938104410222,186.0,0.0,193.0
272878,A. Nalini,Crotone,Italy,forward,0,-0.027860205603319213,-0.049001743748028154,-0.005302978156642399,193.0,0.001,194.0
15231,K. Volland,Bayer Leverkusen,Germany,forward,14,-0.02805035727835347,-0.05567783332995208,-0.00044260422012718734,194.0,0.008,195.0
16094,S. Terodde,Köln,Germany,forward,7,-0.028094601696915068,-0.05050229356348073,-0.002119851005876199,193.0,0.001,196.0
97582,M. Konaté,Amiens SC,France,forward,13,-0.028163296396175604,-0.045240468967316726,-0.01212178211801736,192.0,0.0,197.0
116283,D. Rolán,Málaga,Spain,forward,5,-0.02823045310570926,-0.04080163449714708,-0.015674600937673297,191.0,0.0,198.0
15292,M. Uth,Hoffenheim,Germany,forward,14,-0.02828004644916406,-0.048339656912784086,-0.009504689453029153,189.5,0.0,199.0
26010,O. Giroud,Chelsea,England,forward,7,-0.028300997756376498,-0.0526012330591821,0.0030584988001304174,194.0,0.015,200.0
14705,N. Füllkrug,Hannover 96,Germany,forward,14,-0.029034125136030806,-0.044116800811778614,-0.016123785630487223,194.0,0.0,201.0
5400,Gerard Moreno,Espanyol,Spain,forward,16,-0.029067413262423552,-0.04030566568833999,-0.01969930270688164,198.0,0.0,202.0
20479,F. Quagliarella,Sampdoria,Italy,forward,19,-0.02913152633077832,-0.0500308153371602,-0.011140936894461563,200.0,0.0,203.0
21114,M. Antenucci,SPAL,Italy,forward,11,-0.029326579844984192,-0.050797756555431006,-0.014236655427030247,189.0,0.0,204.0
395636,Maxi Gómez,Celta de Vigo,Spain,forward,18,-0.029326883793861502,-0.047189916782845086,-0.011439015874948248,199.0,0.0,205.0
3577,S. Rondón,West Bromwich Albion,England,forward,7,-0.02943971921191264,-0.04119610423319983,-0.019284643289013546,198.0,0.0,206.0
38377,L. Depoitre,Huddersfield Town,England,forward,6,-0.029756687487200322,-0.04773398701945259,-0.009873293715636555,204.0,0.001,207.0
20764,L. Muriel,Sevilla,Spain,forward,7,-0.02977370295178402,-0.059347558756009694,-0.005968365895451675,193.5,0.0,208.0
122,D. Mertens,Napoli,Italy,forward,18,-0.029939482221571497,-0.0417296103734204,-0.01928836581644881,201.0,0.0,209.0
8326,M. Balotelli,Nice,France,forward,18,-0.030160126266649438,-0.05204410638050122,-0.008478646517381951,205.0,0.0,210.0
25605,E. Sala,Nantes,France,forward,12,-0.030189062252573805,-0.04239807713190426,-0.017288757530544194,203.0,0.0,211.0
10663,A. Gray,Watford,England,forward,5,-0.03020673282118522,-0.04573354740940861,-0.015731944502390162,200.0,0.0,212.0
145692,O. Niasse,Everton,England,forward,8,-0.03038195663613987,-0.05411782781962284,-0.008807618333740155,199.0,0.0,213.0
94831,Y. Ōsako,Köln,Germany,forward,4,-0.030462054381242762,-0.06013009607557605,-0.009505315873698739,193.0,0.0,214.0
14734,N. Petersen,Freiburg,Germany,forward,15,-0.03058371389169102,-0.047772512893089314,-0.015445938344146181,201.0,0.0,215.0
234359,P. Schick,Roma,Italy,forward,2,-0.03079030404392689,-0.05473790829245706,-0.00460252247695425,200.0,0.0,216.0
3290,Aduriz,Athletic Club,Spain,forward,9,-0.031205657564612032,-0.06103782180394084,-0.0028914496211069054,206.0,0.002,217.0
32968,N. Amrabat,Leganés,England,forward,2,-0.03155457193648716,-0.054079992714966864,-0.013452122580742472,203.0,0.0,218.0
12829,J. Vardy,Leicester City,England,forward,20,-0.031900110301239695,-0.058483716250289426,-0.0019989729866483935,213.0,0.008,219.0
301017,M. Thuram,Guingamp,France,forward,3,-0.03270103054750458,-0.04859730313245747,-0.01810604898298251,212.0,0.0,220.0
20796,M. Destro,Bologna,Italy,forward,6,-0.03288401232188324,-0.07960929899306114,0.009547700487667798,214.0,0.027,221.0
37948,A. Finnbogason,Augsburg,Germany,forward,12,-0.03358097609835452,-0.06379503143960563,-0.00724346181594909,212.0,0.001,222.0
256480,B. Keita,Monaco,France,forward,8,-0.03375458453649411,-0.0704696415268695,-0.006516377847360678,216.0,0.003,223.0
11066,R. Sterling,Manchester City,England,forward,18,-0.03385552300837714,-0.04696706461274488,-0.02143481336749687,220.0,0.0,224.0
151,J. Guidetti,Deportivo Alavés,Spain,forward,3,-0.033909133645661095,-0.05372478132050802,-0.016048613755234854,217.0,0.0,225.0
5268,Sergio León,Real Betis,Spain,forward,11,-0.03410189459534668,-0.05540526649022404,-0.015151934029245256,217.0,0.0,226.0
27354,Júlio Tavares,Dijon,France,forward,12,-0.03418747280747891,-0.06649982251639286,-0.005559381849772293,218.0,0.003,227.0
21296,R. Palacio,Bologna,Italy,forward,4,-0.03459749577161259,-0.07967721945647159,0.0030100583106703323,214.0,0.013,228.0
8958,J. Rodriguez,West Bromwich Albion,England,forward,7,-0.034611045170704964,-0.052658566376982095,-0.01841030546357123,220.0,0.0,229.0
8327,E. Džeko,Roma,Italy,forward,16,-0.034843216131172104,-0.060252812094354395,-0.009125421216034033,221.0,0.0,230.0
64995,G. Burgstaller,Schalke 04,Germany,forward,11,-0.03559848058736863,-0.04816977464562138,-0.021856638199868782,225.0,0.0,231.0
14945,G. Sio,Montpellier,France,forward,10,-0.035650191070902386,-0.05010271041871756,-0.021856595732253726,226.0,0.0,232.0
14703,M. Arnautović,West Ham United,England,forward,11,-0.035790217947236636,-0.07485660152340574,-0.008726137799275363,227.0,0.001,233.0
3576,Juanmi,Real Sociedad,Spain,forward,8,-0.035950136372553544,-0.06576773076169498,-0.013003514705324036,226.0,0.0,234.0
6165,F. Andone,Deportivo La Coruña,Spain,forward,7,-0.03632626954245618,-0.0673646769952976,-0.0061365254640315565,223.0,0.002,235.0
228902,J. Calleri,Las Palmas,Spain,forward,9,-0.036445700804748564,-0.047770105117828886,-0.02596629115816862,228.5,0.0,236.0
37831,C. Bacca,Villarreal,Spain,forward,15,-0.0364527063596322,-0.05731666336340792,-0.015554627515312095,224.0,0.0,237.0
22020,A. Galabinov,Genoa,Italy,forward,3,-0.03714889271518074,-0.06256403210124574,-0.013151785360107143,230.0,0.0,238.0
69513,A. Budimir,Crotone,Italy,forward,6,-0.03752778825800851,-0.06890701699535046,-0.013383115348663308,228.0,0.0,239.0
86489,L. Alario,Bayer Leverkusen,Germany,forward,9,-0.03782752831324662,-0.06266319323882362,-0.014872851614052898,232.0,0.0,240.0
20692,I. Belfodil,Werder Bremen,Germany,forward,4,-0.03831763237925924,-0.05898022973888922,-0.019555782732803152,231.0,0.0,241.0
25745,A. Delort,Toulouse,France,forward,5,-0.03927482028274016,-0.057256664622043575,-0.02256503164078233,237.0,0.0,242.0
3322,Cristiano Ronaldo,Real Madrid,Spain,forward,26,-0.040693375224666255,-0.07157455581795051,-0.016603368671062137,239.0,0.0,243.0
3605,Jorge Molina,Getafe,Spain,forward,7,-0.04083292907266325,-0.06405522635340212,-0.022911528526403796,240.0,0.0,244.0
14732,T. Müller,Bayern München,Germany,forward,8,-0.040925468472057844,-0.0671371184205841,-0.015307051464218907,240.0,0.0,245.0
9206,C. Wood,Burnley,England,forward,10,-0.040931165179714055,-0.059788275877928176,-0.02455638278426759,241.0,0.0,246.0
22933,L. Pavoletti,Cagliari,Italy,forward,11,-0.041003376063862104,-0.06196956838327888,-0.02153337559432596,241.0,0.0,247.0
11669,C. Wilson,AFC Bournemouth,England,forward,8,-0.041442669192335836,-0.06687746390002475,-0.019815182037354034,245.0,0.0,248.0
25517,Y. Sanogo,Toulouse,France,forward,6,-0.04150610977847847,-0.0613809842616029,-0.023499177342902296,244.0,0.0,249.0
7972,L. Suárez,Barcelona,Spain,forward,25,-0.04169971810487585,-0.05536762805638795,-0.028116714667365237,245.0,0.0,250.0
69616,A. Rebić,Eintracht Frankfurt,Germany,forward,6,-0.041805814954616285,-0.05576458018479915,-0.02655093558617773,245.5,0.0,251.0
21174,E. Cavani,PSG,France,forward,28,-0.041868145541787,-0.06262523300333345,-0.023416003631580064,246.0,0.0,252.0
3874,Kike García,Eibar,Spain,forward,8,-0.0425463750564603,-0.05470263678624454,-0.029422266477285273,247.0,0.0,253.0
14845,D. Ginczek,Stuttgart,Germany,forward,7,-0.042769181995566355,-0.08199001562014437,-0.005266346500073164,242.0,0.005,254.0
351010,P. Cutrone,Milan,Italy,forward,10,-0.04302036319279762,-0.0690298135932388,-0.013774961670112116,247.0,0.0,255.0
3323,G. Higuaín,Juventus,Italy,forward,16,-0.0432494989647901,-0.062057655061347916,-0.023936355688871955,249.0,0.0,256.0
8416,G. Murray,Brighton & Hove Albion,England,forward,12,-0.04345168277869986,-0.061097557998995904,-0.026236817515640463,249.0,0.0,257.0
72397,Simy,Crotone,Italy,forward,7,-0.043464585785786165,-0.08518992172761083,-0.005083824274166878,247.0,0.005,258.0
4131,Ángel,Getafe,Spain,forward,13,-0.045953075842527065,-0.06879033012179803,-0.025502353187883478,253.0,0.0,259.0
3450,R. Falcao,Monaco,France,forward,18,-0.04650644178561696,-0.07719311768985798,-0.022570149940964502,256.0,0.0,260.0
115933,G. Lapadula,Genoa,Italy,forward,6,-0.047109684033798935,-0.07465120749206933,-0.017532635445664288,257.0,0.0,261.0
7905,R. Lukaku,Manchester United,England,forward,16,-0.04748041960847795,-0.06386701279445253,-0.03246494817605339,258.0,0.0,262.0
14731,M. Gómez,Stuttgart,Germany,forward,9,-0.04761312560280814,-0.07611678811926732,-0.024932637726228397,256.0,0.0,263.0
25809,E. Rivière,Metz,France,forward,5,-0.048041274167691994,-0.06946749892074193,-0.024652218345209573,259.0,0.0,264.0
274435,E. Ünal,Villarreal,Spain,forward,6,-0.04829217542970437,-0.07294023889749889,-0.025005261155459556,256.0,0.0,265.0
5481,Guerrero,Leganés,Spain,forward,4,-0.0484893188033366,-0.07322459191248891,-0.02698858952521592,260.0,0.0,266.0
385273,Charles,Eibar,Spain,forward,8,-0.04905557467117763,-0.07850312631963156,-0.01890860238697614,263.0,0.0,267.0
3324,Álvaro Morata,Chelsea,England,forward,11,-0.049153987685375926,-0.08072361435857843,-0.013155192777902948,263.0,0.003,268.0
246175,A. Petagna,Atalanta,Italy,forward,4,-0.04935737371607083,-0.07774454634630015,-0.029328733579060347,261.0,0.0,269.0
25512,S. Haller,Eintracht Frankfurt,Germany,forward,9,-0.04962959668605333,-0.0710460283729811,-0.027821879362358127,262.0,0.0,270.0
21861,D. Falcinelli,Sassuolo,Italy,forward,2,-0.050512616277617314,-0.08573131122410896,-0.02330662624502543,264.0,0.0,271.0
269152,G. Simeone,Fiorentina,Italy,forward,14,-0.05067761613377093,-0.08421195855396152,-0.028207223279251663,261.0,0.0,272.0
3714,C. Stuani,Girona,Spain,forward,21,-0.05094725468136171,-0.07020256074633457,-0.03243447322419241,265.0,0.0,273.0
94764,Y. Muto,Mainz 05,Germany,forward,8,-0.052068607749915403,-0.07796226290173228,-0.028518031518346115,266.0,0.0,274.0
15004,I. Santini,Caen,France,forward,11,-0.05319317902364719,-0.07326799315795655,-0.03323051443285544,267.0,0.0,275.0
22202,S. Zaza,Valencia,Spain,forward,13,-0.05531761790678239,-0.09700404493169869,-0.020322210523151037,270.0,0.0,276.0
20661,A. Paloschi,SPAL,Italy,forward,7,-0.05545041001745302,-0.08973761710897461,-0.024428920910781467,272.0,0.001,277.0
25413,A. Lacazette,Arsenal,England,forward,14,-0.05606396675856373,-0.07338223712734437,-0.03845457382995079,271.0,0.0,278.0
282772,B. Embolo,Schalke 04,Germany,forward,3,-0.05707998229164325,-0.1370677640557126,0.0005673496283392454,268.5,0.013,279.0
340386,Gabriel Jesus,Manchester City,England,forward,13,-0.057260108835407636,-0.08787170570564454,-0.03325149277718918,273.0,0.0,280.0
105376,N. Kalinić,Milan,Italy,forward,6,-0.057409795938166946,-0.09168820039803798,-0.01990540247727696,275.0,0.001,281.0
21438,R. Inglese,Chievo,Italy,forward,12,-0.059107543302829975,-0.08448663883980698,-0.03790848679215808,275.0,0.0,282.0
4048,Sergi Enrich,Eibar,Spain,forward,3,-0.05971052570257046,-0.09712225302584,-0.02877801574487744,274.0,0.0,283.0
20422,Maxi López,Udinese,Italy,forward,2,-0.06251885919439361,-0.0944797544629116,-0.03548943076168225,277.0,0.0,284.0
9123,A. Barnes,Burnley,England,forward,9,-0.0671842900163396,-0.11253010923142003,-0.02735173411261824,280.0,0.0,285.0
4338,Diego Costa,Atlético Madrid,Spain,forward,3,-0.0713436889502785,-0.12796472550906027,-0.03464574437880366,283.0,0.0,286.0
275032,E. Crivelli,Angers,France,forward,3,-0.09289459510935337,-0.1583434846355338,-0.04927211671944218,286.0,0.0,287.0
70273,J. Oblak,Atlético Madrid,Spain,goalkeeper,0,0.28235690046112105,0.22238467263600306,0.34660742083677604,2.0,0.967,1.0
3330,Oier,Levante,Spain,goalkeeper,0,0.23983032672426588,0.18316921769779032,0.2922645988639924,8.0,0.615,2.0
3267,Guaita,Getafe,Spain,goalkeeper,0,0.23957949755474045,0.19335779720605414,0.2865748243918756,8.0,0.659,3.0
10131,J. Pickford,Everton,England,goalkeeper,0,0.23533264878813498,0.11629317757138406,0.4304186809275013,12.0,0.48,4.0
82690,T. Koubek,Rennes,France,goalkeeper,0,0.23310669419271465,0.17776818041335593,0.29361139621713955,9.0,0.572,5.0
20832,A. Consigli,Sassuolo,Italy,goalkeeper,0,0.2327232817582953,0.1825849370758847,0.28521315891245275,9.0,0.575,6.0
86745,W. Benítez,Nice,France,goalkeeper,0,0.23203684587489307,0.1732594611499749,0.28748858689737966,9.0,0.578,7.0
134413,A. Cragno,Cagliari,Italy,goalkeeper,0,0.23044773540420171,0.1654969707661706,0.31171496812297705,10.0,0.523,8.0
20922,Neto,Valencia,Spain,goalkeeper,0,0.22931774247731737,0.18797582730414863,0.2691575333188373,10.0,0.549,9.0
12242,N. Pope,Burnley,England,goalkeeper,0,0.21953529472872124,0.16601034467125556,0.27856720123613865,15.0,0.366,10.0
8358,B. Foster,West Bromwich Albion,England,goalkeeper,0,0.21943128598963935,0.1746716003646529,0.27085553556737096,15.0,0.338,11.0
20633,S. Sorrentino,Chievo,Italy,goalkeeper,0,0.21902797035580762,0.16927296549713247,0.2687321898483835,14.0,0.355,12.0
26583,R. Gurtner,Amiens SC,France,goalkeeper,0,0.21601624519644186,0.17111016238351806,0.2593483754991068,16.0,0.258,13.0
21468,M. Perin,Genoa,Italy,goalkeeper,0,0.21082550118105828,0.1729030955589565,0.25081730976819455,18.0,0.193,14.0
8425,W. Hennessey,Crystal Palace,England,goalkeeper,0,0.2094382267702272,0.1608315175944606,0.2541286735357691,19.0,0.201,15.0
3299,Fernando Pacheco,Deportivo Alavés,Spain,goalkeeper,0,0.20904688948614988,0.16262943510887953,0.2592781791441126,19.0,0.217,16.0
135747,D. Subašić,Monaco,France,goalkeeper,0,0.20612663106796433,0.15760245218011817,0.25518277501150655,20.0,0.18,17.0
50849,E. Berisha,Atalanta,Italy,goalkeeper,0,0.20580217878931573,0.16800933111003571,0.250615536178216,22.0,0.145,18.0
3397,Arrizabalaga,Athletic Club,Spain,goalkeeper,0,0.20486350407457413,0.13593817406915087,0.2906957480379082,23.0,0.237,19.0
3582,Adrián,West Ham United,England,goalkeeper,0,0.2026716323691443,0.12260620898297189,0.2826082879380731,22.0,0.263,20.0
25930,M. Samassa,Troyes,France,goalkeeper,0,0.202032359949647,0.13428609191951296,0.2720971698476504,23.0,0.209,21.0
3458,Sergio Rico,Sevilla,Spain,goalkeeper,0,0.19726907682085956,0.14519301663613698,0.25120826279018954,25.0,0.129,22.0
26016,B. Lecomte,Montpellier,France,goalkeeper,0,0.19659506450546918,0.15877588565578735,0.2370578828384626,26.0,0.062,23.0
247206,Pau López,Espanyol,Spain,goalkeeper,0,0.19644773191157924,0.14437330570660223,0.25317281774909817,27.0,0.116,24.0
120631,Y. Bounou,Girona,Spain,goalkeeper,0,0.1963856433041237,0.13127509869547435,0.27166635095921465,25.0,0.187,25.0
25632,B. Costil,Bordeaux,France,goalkeeper,0,0.1959905388112137,0.15220152161644673,0.24510543875393712,27.0,0.082,26.0
25421,S. Sirigu,Torino,Italy,goalkeeper,0,0.19259129913687137,0.1550659861274397,0.23018070136554353,29.0,0.03,27.0
83574,C. Tătărușanu,Nantes,France,goalkeeper,0,0.19061957093434737,0.14020785765999333,0.2437152673837697,30.0,0.082,28.0
350999,G. Donnarumma,Milan,Italy,goalkeeper,0,0.1902054856138886,0.1452207802139158,0.23172762128867128,30.0,0.043,29.0
21098,A. Gomis,SPAL,Italy,goalkeeper,0,0.1877991689451537,0.1398179357209121,0.2448950013051886,31.0,0.081,30.0
3719,Roberto,Málaga,Spain,goalkeeper,0,0.18425284850077453,0.144897486293383,0.2249212772288602,34.0,0.02,31.0
3428,Sergio Asenjo,Villarreal,Spain,goalkeeper,0,0.18395563208415272,0.10183957970593525,0.2579727873893894,35.0,0.115,32.0
20571,S. Handanovič,Internazionale,Italy,goalkeeper,0,0.18124015576967434,0.14129128144005684,0.21940616243754374,36.0,0.011,33.0
253822,J. Pavlenka,Werder Bremen,Germany,goalkeeper,0,0.18068585119733008,0.1389875362972131,0.22629628695186604,37.0,0.021,34.0
21494,A. Cordaz,Crotone,Italy,goalkeeper,0,0.17781245954151914,0.13520681615034794,0.223385080550983,38.0,0.016,35.0
8480,K. Schmeichel,Leicester City,England,goalkeeper,0,0.17745938633989086,0.1237893133617693,0.23070408397033187,38.0,0.033,36.0
20802,E. Viviano,Sampdoria,Italy,goalkeeper,0,0.1774073064077135,0.12341748193660376,0.23142556176132284,38.0,0.03,37.0
7847,Ł. Fabiański,Swansea City,England,goalkeeper,0,0.17652471034144787,0.13061642499057594,0.22815890099699382,38.0,0.023,38.0
61390,M. Ryan,Brighton & Hove Albion,England,goalkeeper,0,0.17603826874528625,0.13123926053760965,0.2237568212178863,39.0,0.014,39.0
8301,J. Hart,West Ham United,England,goalkeeper,0,0.17584074858804782,0.0995315188255508,0.2768225375913863,42.0,0.124,40.0
15032,R. Zieler,Stuttgart,Germany,goalkeeper,0,0.17499109360601378,0.12725390490273694,0.23715114880661275,42.5,0.034,41.0
3554,Rubén,Deportivo La Coruña,Spain,goalkeeper,0,0.1749085095218653,0.1258591182291913,0.23359967394458933,41.5,0.038,42.0
14847,R. Fährmann,Schalke 04,Germany,goalkeeper,0,0.1746635125385887,0.13368446466888925,0.22582023763454048,41.0,0.02,43.0
7910,David de Gea,Manchester United,England,goalkeeper,0,0.17343155336151309,0.11716285947676174,0.2260660908459116,40.0,0.022,44.0
20483,A. Mirante,Bologna,Italy,goalkeeper,0,0.1730093149152454,0.13822613394841243,0.21009512707163833,42.0,0.0,45.0
25521,E. Zelazny,Troyes,France,goalkeeper,0,0.17279415925332917,0.10974785784939409,0.23222770975651047,40.0,0.04,46.0
8726,A. Begović,AFC Bournemouth,England,goalkeeper,0,0.17201818626536583,0.13738587876553426,0.21008937706875638,42.0,0.0,47.0
3963,Cuéllar,Leganés,Spain,goalkeeper,0,0.17018379912293052,0.13001842323342822,0.21088886574689217,44.0,0.001,48.0
50771,K. Johnsson,Guingamp,France,goalkeeper,0,0.16366606482725246,0.12438257328160618,0.19761098523051596,50.0,0.001,49.0
23705,M. Sportiello,Fiorentina,Italy,goalkeeper,0,0.16307117610783659,0.09270402050326497,0.23587227282458537,50.0,0.035,50.0
25418,A. Aréola,PSG,France,goalkeeper,0,0.1618822165212098,0.12229253928529359,0.20080136450474462,50.0,0.0,51.0
14914,M. Hitz,Augsburg,Germany,goalkeeper,0,0.1610468696065425,0.11065262925516764,0.21863339374560983,51.0,0.014,52.0
18704,C. Mathenia,Hamburger SV,Germany,goalkeeper,0,0.16027077715049215,0.09682032939139525,0.23449168908732718,53.0,0.039,53.0
9611,P. Gulácsi,RB Leipzig,Germany,goalkeeper,0,0.15831250359231003,0.12730635397842502,0.19031932359538412,53.0,0.0,54.0
20632,C. Puggioni,Benevento,Italy,goalkeeper,0,0.15723949660371142,0.11229288821323696,0.20514605393087948,53.0,0.002,55.0
54579,R. Jarstein,Hertha BSC,Germany,goalkeeper,0,0.15511970921594878,0.1189181063565506,0.19734412998528758,55.0,0.001,56.0
37896,E. Kawashima,Metz,France,goalkeeper,0,0.15506883180817888,0.08830922747370987,0.22706570984732252,57.0,0.022,57.0
19525,A. Schwolow,Freiburg,Germany,goalkeeper,0,0.1531464033698851,0.11169164672962603,0.1960988645689642,57.5,0.001,58.0
20540,A. Bizzarri,Udinese,Italy,goalkeeper,0,0.15305890039905523,0.0721564850595649,0.2293923403169902,55.0,0.023,59.0
16010,P. Tschauner,Hannover 96,Germany,goalkeeper,0,0.15301829959322952,0.11312274057230434,0.19920864624829784,55.0,0.0,60.0
55951,L. Hradecky,Eintracht Frankfurt,Germany,goalkeeper,0,0.1505859747330105,0.11664640569705531,0.18652476328237522,58.0,0.0,61.0
25845,S. Ruffier,Saint-Étienne,France,goalkeeper,0,0.14896670582047145,0.10265494367179967,0.20387132881769232,59.0,0.004,62.0
8094,J. Butland,Stoke City,England,goalkeeper,0,0.14700695186871124,0.09337664554552892,0.20227406980206586,61.0,0.001,63.0
15795,K. Casteels,Wolfsburg,Germany,goalkeeper,0,0.14559153109341905,0.09954433646775,0.19193835028281228,64.0,0.001,64.0
25384,R. Vercoutre,Caen,France,goalkeeper,0,0.14451323227990243,0.10960555530830822,0.17839769944999143,65.0,0.0,65.0
404213,A. Lafont,Toulouse,France,goalkeeper,0,0.14214755887913874,0.10054414429476484,0.18126356628302506,65.0,0.0,66.0
166534,T. Strakosha,Lazio,Italy,goalkeeper,0,0.14115025442083362,0.11131413064157283,0.16989262795581417,66.0,0.0,67.0
301635,B. Kamara,Strasbourg,France,goalkeeper,0,0.14048018464188658,0.08296764643577896,0.19380555024356885,67.0,0.002,68.0
3296,Adán,Real Betis,Spain,goalkeeper,0,0.1397590737320991,0.10041704590153164,0.1809567640411806,67.0,0.0,69.0
7949,Pepe Reina,Napoli,Italy,goalkeeper,0,0.1395114706497314,0.11188774637746711,0.17186626710175487,67.0,0.0,70.0
86319,L. Chichizola,Las Palmas,Spain,goalkeeper,0,0.13883111009024365,0.1037273360281704,0.17320291270248195,69.0,0.0,71.0
25552,S. Mandanda,Olympique Marseille,France,goalkeeper,0,0.13800382139067668,0.09436355149840604,0.18562970404455226,68.0,0.0,72.0
7882,P. Čech,Arsenal,England,goalkeeper,0,0.13620828381269912,0.10083284470369862,0.1725622186990953,71.0,0.0,73.0
214220,Alisson,Roma,Italy,goalkeeper,0,0.13544286180545437,0.07732304184045787,0.1857849558773532,69.0,0.0,74.0
14979,O. Baumann,Hoffenheim,Germany,goalkeeper,0,0.13414406117602765,0.10688871996967485,0.16590256925374783,72.0,0.0,75.0
3429,T. Courtois,Chelsea,England,goalkeeper,0,0.1334995993847989,0.08602652012015935,0.17534346145553495,72.0,0.0,76.0
21298,Nicolas,Hellas Verona,Italy,goalkeeper,0,0.12879819323348937,0.0876466610511816,0.17181813259388332,76.0,0.0,77.0
56038,J. Lössl,Huddersfield Town,England,goalkeeper,0,0.12794937589799704,0.08884134951369596,0.16693013989856612,77.0,0.0,78.0
8266,Gomes,Watford,England,goalkeeper,0,0.125667135174235,0.07974014842116274,0.16940706930879887,77.0,0.0,79.0
26365,B. Reynet,Dijon,France,goalkeeper,0,0.12555537012968096,0.09537054048210854,0.15727231915642753,77.5,0.0,80.0
25381,H. Lloris,Tottenham Hotspur,England,goalkeeper,0,0.12464584797558334,0.09226855759037524,0.15916260002478103,78.0,0.0,81.0
49855,Y. Sommer,Borussia M'gladbach,Germany,goalkeeper,0,0.12410843526121841,0.09446047379435987,0.15568030562671675,79.0,0.0,82.0
134496,M. Maignan,Lille,France,goalkeeper,0,0.12383590263080063,0.07267212723385984,0.17321489198558773,79.0,0.0,83.0
15265,T. Horn,Köln,Germany,goalkeeper,0,0.12287283229992887,0.08604435305574186,0.15936553729195554,80.0,0.0,84.0
14768,B. Leno,Bayer Leverkusen,Germany,goalkeeper,0,0.12281803198334475,0.09708932420312756,0.1505043542074599,80.0,0.0,85.0
25382,A. Lopes,Olympique Lyonnais,France,goalkeeper,0,0.1208567394919517,0.08026987263320495,0.15710805472464381,80.0,0.0,86.0
49968,R. Bürki,Borussia Dortmund,Germany,goalkeeper,0,0.1204983888732646,0.08246638151721511,0.1606890926065591,81.0,0.0,87.0
3821,Sergio Álvarez,Celta de Vigo,Spain,goalkeeper,0,0.11699118938575778,0.06432746025691055,0.1660562602260499,83.0,0.0,88.0
15008,M. ter Stegen,Barcelona,Spain,goalkeeper,0,0.11674402172935736,0.08017066797183482,0.1535834555761707,83.0,0.0,89.0
3822,Rubén Blanco,Celta de Vigo,Spain,goalkeeper,0,0.11582467341848884,0.07612787254476483,0.16341960230726116,83.0,0.0,90.0
3915,K. Navas,Real Madrid,Spain,goalkeeper,0,0.11548099111196719,0.07601016824945268,0.15941060750238717,83.0,0.0,91.0
140046,M. Dmitrović,Eibar,Spain,goalkeeper,0,0.10910257378074886,0.07527056732222717,0.1431059901804645,87.0,0.0,92.0
86212,G. Rulli,Real Sociedad,Spain,goalkeeper,0,0.09603418463082676,0.06675677212339796,0.12430215892058832,91.0,0.0,93.0
71654,Ederson,Manchester City,England,goalkeeper,0,0.09263511838883769,0.06951766200785293,0.11817289917899096,92.0,0.0,94.0
14736,S. Ulreich,Bayern München,Germany,goalkeeper,0,0.04542648313777683,-0.009664606957313008,0.09019728935186838,95.0,0.0,95.0
228983,W. Cyprien,Nice,France,midfielder,2,0.034146295844761074,0.01880345872402199,0.052329505843412685,6.0,0.714,1.0
51151,M. Rohdén,Crotone,Italy,midfielder,2,0.033467482961209126,0.003564456247636689,0.0814645700131686,9.0,0.53,2.0
3510,Timor,Girona,Spain,midfielder,2,0.03037959117444857,0.0018918296883875963,0.07056697155034287,9.5,0.513,3.0
246063,S. Sensi,Sassuolo,Italy,midfielder,2,0.028021913459064986,0.007486593678383829,0.05620523551477034,14.0,0.433,4.0
20876,A. Ekdal,Hamburger SV,Germany,midfielder,0,0.025430981151198233,0.004202742505089103,0.056599607528311516,23.0,0.353,5.0
20685,R. Krhin,Nantes,France,midfielder,1,0.025165386587223955,0.006427292384070809,0.05034655632085788,20.0,0.348,6.0
14692,P. Bargfrede,Werder Bremen,Germany,midfielder,1,0.024159512486464904,0.013640706809870498,0.037993818911932445,22.0,0.205,7.0
210044,E. Dier,Tottenham Hotspur,England,midfielder,0,0.023116564084439302,0.009353610676655171,0.04144904365124898,27.0,0.192,8.0
8370,C. Brunt,West Bromwich Albion,England,midfielder,0,0.02252329500694634,0.008907033339706117,0.03934943871184603,27.0,0.165,9.0
208716,A. Schöpf,Schalke 04,Germany,midfielder,0,0.0224943598789307,-0.011604320231704072,0.05950944266616329,31.0,0.33,10.0
21564,I. Radovanović,Chievo,Italy,midfielder,1,0.02230649321434625,0.0105162061239045,0.03486732737688857,26.0,0.138,11.0
374013,A. Diawara,Napoli,Italy,midfielder,1,0.022218484177316845,0.012272069242505342,0.03675643233887344,27.0,0.169,12.0
256706,L. Phiri,Guingamp,France,midfielder,0,0.022150625306094365,0.005905166276461193,0.04109893210491291,26.0,0.186,13.0
276920,V. Vada,Bordeaux,France,midfielder,2,0.0216834125564178,0.009052000599717018,0.03873718010941063,31.5,0.165,14.0
83836,A. Maxim,Mainz 05,Germany,midfielder,2,0.021632258328348034,0.010195920309491565,0.03566906308694564,30.0,0.117,15.0
292310,L. Mazzitelli,Sassuolo,Italy,midfielder,0,0.021212506469811414,-0.01984708230581476,0.08436026854135963,36.0,0.343,16.0
3573,J. Toulalan,Bordeaux,France,midfielder,0,0.020326348597096765,-0.004494351167086745,0.041283471315909114,35.0,0.23,17.0
25537,G. Krychowiak,West Bromwich Albion,England,midfielder,0,0.019683793923449593,0.006540879230237556,0.03759678889436549,45.0,0.12,18.0
8144,J. Ward-Prowse,Southampton,England,midfielder,3,0.01938398007575424,0.006549831785788091,0.03576812362356543,39.0,0.114,19.0
3317,Granero,Espanyol,Spain,midfielder,1,0.019320047179250677,0.00421097355348045,0.044058135757243766,43.0,0.174,20.0
144766,N. Bentaleb,Schalke 04,Germany,midfielder,4,0.019182474330453864,0.002036871398733911,0.04047811781541455,43.5,0.138,21.0
14723,T. Kroos,Real Madrid,Spain,midfielder,5,0.019148988714879592,0.00988649604777625,0.02875271052621298,42.0,0.024,22.0
14929,M. Hasebe,Eintracht Frankfurt,Germany,midfielder,0,0.018689460915611404,-0.001746294834852713,0.0430245839536858,45.0,0.186,23.0
7929,T. Cleverley,Watford,England,midfielder,1,0.01860087897432816,0.008714986767387415,0.03094590307695374,47.0,0.042,24.0
40756,Casemiro,Real Madrid,Spain,midfielder,5,0.018562862361500485,0.0018073252913565698,0.03653243725806918,48.0,0.117,25.0
54380,O. Selnæs,Saint-Étienne,France,midfielder,0,0.018508395455242386,0.00631695209561969,0.032430527835498615,49.0,0.054,26.0
25939,M. Diallo,Guingamp,France,midfielder,5,0.01812472823600525,0.0004889947700077818,0.04157640837714153,48.5,0.133,27.0
25649,Y. M'Vila,Saint-Étienne,France,midfielder,0,0.018063555440937743,0.0024504002467982617,0.03585835104860778,52.0,0.098,28.0
40614,Guilherme,Deportivo La Coruña,Spain,midfielder,0,0.017970176286662684,0.007617259549480979,0.028832844543059823,50.0,0.019,29.0
29640,M. Lemina,Southampton,England,midfielder,1,0.0178336766459781,0.003182031247659227,0.03171900182437454,55.0,0.057,30.0
14998,J. Schuster,Freiburg,Germany,midfielder,0,0.017788612199802184,-0.0009616383161593034,0.039191481315092626,51.0,0.12,31.0
14781,L. Bender,Bayer Leverkusen,Germany,midfielder,2,0.017759057505727906,0.004967536202339296,0.029593762463051128,49.0,0.033,32.0
127537,L. Milivojević,Crystal Palace,England,midfielder,10,0.01775053392248295,0.005359270935485642,0.030605986994837717,54.5,0.033,33.0
25596,J. Plašil,Bordeaux,France,midfielder,0,0.017735232431394507,0.004368247779183355,0.030205861843217684,48.0,0.038,34.0
282448,Aleix García,Girona,Spain,midfielder,1,0.017599615539554903,0.0016373873781922103,0.0366303669821478,53.0,0.117,35.0
217874,A. Touré,Nantes,France,midfielder,1,0.01759147670943941,0.005013723246315615,0.030588376005241082,56.0,0.036,36.0
25764,Y. Cahuzac,Toulouse,France,midfielder,0,0.01747077528962911,-0.0012114450646480293,0.03582345839674441,55.0,0.095,37.0
3320,N. Şahin,Borussia Dortmund,Germany,midfielder,2,0.017260923557902708,0.00818128324078634,0.02602861290915924,55.0,0.006,38.0
3413,Ander Herrera,Manchester United,England,midfielder,0,0.01722245794667502,0.002197531410706934,0.034412687340318944,58.0,0.064,39.0
25647,J. Féret,Caen,France,midfielder,0,0.017081172467265225,0.005257154697104384,0.029988110071775112,54.0,0.032,40.0
25995,B. Stambouli,Schalke 04,Germany,midfielder,0,0.017006426147084128,0.0028217563356919594,0.03599213194768855,56.0,0.096,41.0
15256,P. Schwegler,Hannover 96,Germany,midfielder,0,0.01631353165752568,0.00881466393998467,0.025354310704774025,60.5,0.003,42.0
7989,D. Gosling,AFC Bournemouth,England,midfielder,2,0.016160817796675987,0.0012058603182525539,0.040208623445027306,73.0,0.102,43.0
286226,M. Locatelli,Milan,Italy,midfielder,0,0.016121146268859576,0.003715161910553152,0.03708486149312158,69.0,0.066,44.0
4009,M. Lacen,Málaga,Spain,midfielder,0,0.015799863292927353,0.008326051177977117,0.02530583190633884,67.0,0.009,45.0
7932,D. Fletcher,Stoke City,England,midfielder,1,0.015631590412726715,0.0011496340260412855,0.03381750065837997,72.0,0.057,46.0
295569,Otávio,Bordeaux,France,midfielder,0,0.015403925048689558,0.0016333393939730984,0.03188011079675547,74.5,0.042,47.0
15253,M. Lehmann,Köln,Germany,midfielder,0,0.015127480850947127,0.006781791544765482,0.023894253723661458,70.0,0.004,48.0
25403,J. Ferri,Olympique Lyonnais,France,midfielder,0,0.015126781816689453,0.002298806103674291,0.03227943487692271,74.0,0.043,49.0
7873,J. Wilshere,Arsenal,England,midfielder,1,0.014987410599885509,-0.005429399223269572,0.05034563652384534,85.0,0.174,50.0
69404,M. Kovačić,Real Madrid,Spain,midfielder,0,0.014903453352992757,0.003645202229162539,0.02982705866076241,78.0,0.032,51.0
20401,A. Aquilani,Las Palmas,Spain,midfielder,0,0.01486791657360355,0.00364179469524232,0.023679590583242986,72.0,0.0,52.0
364644,A. Dioussé,Saint-Étienne,France,midfielder,1,0.014789753594931546,0.0049144861981866295,0.03115069815400716,77.0,0.033,53.0
21288,Miguel Veloso,Genoa,Italy,midfielder,1,0.014764737551980538,-0.0014623553330512483,0.029703718920208243,74.0,0.031,54.0
3535,J. de Guzmán,Eintracht Frankfurt,Germany,midfielder,0,0.014339713230843027,-0.0012075840241571763,0.03019223736389394,75.5,0.031,55.0
225948,Rubén Peña,Eibar,Spain,midfielder,1,0.014269175597775576,-0.004127997341327577,0.03278563163687151,87.0,0.045,56.0
3595,Beñat,Athletic Club,Spain,midfielder,0,0.014266113926719035,0.005914408039092581,0.0241023940492603,82.5,0.008,57.0
20443,M. Pjanić,Juventus,Italy,midfielder,5,0.014234081909623233,0.006262071190666912,0.021796359319456657,77.0,0.0,58.0
25888,F. Fajr,Getafe,Spain,midfielder,1,0.01423122245450437,0.0012451246357815205,0.02830688332147507,78.0,0.022,59.0
7967,J. Shelvey,Newcastle United,England,midfielder,1,0.014146801473065995,0.006893250121694783,0.021642264407228187,83.0,0.001,60.0
61962,Sung-Yeung Ki,Swansea City,England,midfielder,2,0.01376712619778813,0.002274884551987187,0.026187942114603457,85.0,0.013,61.0
15823,D. Williams,Huddersfield Town,England,midfielder,0,0.013683639987862132,-0.007597450514391604,0.034737284605689006,82.0,0.064,62.0
149053,R. Walter,Troyes,France,midfielder,1,0.013603093209166132,0.0027976824663591996,0.026085868984090568,84.0,0.009,63.0
25503,G. Mandjeck,Metz,France,midfielder,0,0.013560607541494326,0.0024270098850691173,0.030638659269553406,90.0,0.029,64.0
3566,Camacho,Wolfsburg,Germany,midfielder,0,0.013402443990079936,-0.006354539374688238,0.03364080506064237,90.0,0.068,65.0
3350,Fàbregas,Chelsea,England,midfielder,2,0.013298256874518594,0.0056175314590627,0.022920030503650848,91.5,0.004,66.0
256992,A. Fulgini,Angers,France,midfielder,3,0.013094498753689825,0.00021357165875799368,0.025473423366995426,99.0,0.01,67.0
149062,T. Dingomé,Troyes,France,midfielder,0,0.013075898508558888,0.0042997619385015265,0.025922884031071257,94.5,0.006,68.0
20588,K. Asamoah,Juventus,Italy,midfielder,0,0.012969395302280534,0.003167701637449886,0.022293120965186233,96.0,0.0,69.0
8530,J. McClean,West Bromwich Albion,England,midfielder,1,0.012967873717260398,-0.002068564617187786,0.030679495196587015,103.0,0.026,70.0
8200,S. N'Zonzi,Sevilla,Spain,midfielder,1,0.01295022487121772,-0.0015105055205292058,0.026780777977052486,93.0,0.013,71.0
28990,D. Liénard,Strasbourg,France,midfielder,5,0.012906434980217906,0.007210026890853972,0.01825059764550489,98.0,0.0,72.0
8897,J. Hogg,Huddersfield Town,England,midfielder,0,0.012692952837345254,-0.0009847177915495353,0.02790784577936128,104.0,0.018,73.0
3414,Iturraspe,Athletic Club,Spain,midfielder,0,0.012688710918704358,0.0013785641909750824,0.02450135049672597,100.5,0.001,74.0
415809,F. Depaoli,Chievo,Italy,midfielder,0,0.012679275854438694,-0.012767124105741582,0.038929735093860426,92.0,0.103,75.0
263091,Gumbau,Leganés,Spain,midfielder,1,0.012640596518264994,-0.02047750021406011,0.05535971165174817,116.5,0.181,76.0
15012,H. Nordtveit,Hoffenheim,Germany,midfielder,0,0.012383929742589296,-0.01821470456623896,0.050484083682829584,122.5,0.161,77.0
62224,R. Fraser,AFC Bournemouth,England,midfielder,5,0.01229621354718757,0.0020359681478187247,0.023815757904741885,97.5,0.003,78.0
246061,F. Bernardeschi,Juventus,Italy,midfielder,4,0.012259355525681186,-0.009247769250472819,0.037627436432066536,111.0,0.073,79.0
3568,Recio,Málaga,Spain,midfielder,1,0.012221925984919049,0.001243086634500851,0.024631247260216274,112.0,0.003,80.0
61988,S. Davis,Southampton,England,midfielder,3,0.012195277520853054,0.004068310257544852,0.023859503278013696,106.0,0.004,81.0
70093,João Moutinho,Monaco,France,midfielder,1,0.01199976469861202,0.005466836717397375,0.01844801799750824,105.5,0.0,82.0
3650,Tomás Pina,Deportivo Alavés,Spain,midfielder,1,0.011975926488370998,-0.024753066852248724,0.040438929212041896,97.5,0.12,83.0
7965,Lucas Leiva,Lazio,Italy,midfielder,2,0.01179285579199731,0.0019791105630677344,0.020446381631919648,109.0,0.0,84.0
28232,I. Amadou,Lille,France,midfielder,0,0.01173446059996838,-0.0010210908053074163,0.026082333935914463,115.0,0.011,85.0
135561,F. Grillitsch,Hoffenheim,Germany,midfielder,1,0.011664445279388877,0.0017293004289613528,0.0215587979900326,116.0,0.0,86.0
15188,J. Baumgartlinger,Bayer Leverkusen,Germany,midfielder,1,0.011663028804550632,0.0007143829817733495,0.02211064057223346,114.5,0.0,87.0
7899,Oriol Romeu,Southampton,England,midfielder,1,0.011633896950260954,0.003372553185964216,0.01945565853647512,109.0,0.0,88.0
3315,L. Diarra,PSG,France,midfielder,0,0.011492601578968914,0.0007210489872631069,0.024713962561578335,115.0,0.01,89.0
25532,V. Bessat,Caen,France,midfielder,0,0.011467769335211994,0.0026618354690346384,0.02114348439642236,117.0,0.001,90.0
3441,Gabi,Atlético Madrid,Spain,midfielder,0,0.011438602442102385,0.004094777962782964,0.018417281386076286,115.0,0.0,91.0
23427,M. Fossati,Hellas Verona,Italy,midfielder,0,0.011434550231956268,-0.006848044190620526,0.02894609481433488,106.0,0.02,92.0
30437,F. Mollet,Metz,France,midfielder,7,0.011398324539013757,0.0012979616199499454,0.02327127999803023,115.0,0.006,93.0
86301,L. Castro,Chievo,Italy,midfielder,3,0.01139479608278309,-0.004274534080252973,0.03401086754073316,131.0,0.052,94.0
3542,Trigueros,Villarreal,Spain,midfielder,3,0.011335089311529609,0.005273391310085034,0.017615845190480352,119.0,0.0,95.0
224971,E. Thommy,Stuttgart,Germany,midfielder,2,0.011321419284345408,-0.006865113813219248,0.031508377803258464,131.5,0.042,96.0
366401,A. Zambo Anguissa,Olympique Marseille,France,midfielder,0,0.011238549561276906,0.003295318925941426,0.020290758999073337,121.0,0.0,97.0
20470,C. Marchisio,Juventus,Italy,midfielder,0,0.011224231603397732,-0.0009233699305094889,0.027266750789472285,119.0,0.018,98.0
25405,M. Gonalons,Roma,Italy,midfielder,0,0.011161467142002744,0.0032275121984534647,0.020624222267811007,121.0,0.0,99.0
134294,I. Hayden,Newcastle United,England,midfielder,1,0.011113006731307266,-0.008252940681159235,0.03211401239464604,129.0,0.051,100.0
20620,Pedro Obiang,West Ham United,England,midfielder,2,0.010861384638327134,-0.01217318708260315,0.04223359670576356,128.0,0.108,101.0
282804,K. Laimer,RB Leipzig,Germany,midfielder,0,0.010840534327063297,-0.002568306320137319,0.02802520392228368,130.0,0.016,102.0
356237,G. Lo Celso,PSG,France,midfielder,4,0.01078168366028723,0.0012010524501524767,0.02026104387664602,124.0,0.0,103.0
26065,J. Martin,Strasbourg,France,midfielder,4,0.010744688970603404,0.0039529742765916885,0.017805536374825227,124.0,0.0,104.0
20448,F. Viviani,SPAL,Italy,midfielder,3,0.010672375472233252,0.00033972832717644487,0.020527536798632482,126.0,0.001,105.0
70122,N. Matić,Manchester United,England,midfielder,1,0.010389502262793013,0.0007095171754690399,0.02161036339389651,135.0,0.003,106.0
8925,A. Westwood,Burnley,England,midfielder,0,0.01034780892605942,-0.0024047094093062513,0.034051530212051456,146.0,0.042,107.0
3416,Javi Martínez,Bayern München,Germany,midfielder,1,0.010310966565443414,0.001572468450596934,0.019479838956124252,133.0,0.001,108.0
21025,R. Saponara,Fiorentina,Italy,midfielder,0,0.010308397158234867,-0.001690676695539067,0.03047736913498583,138.0,0.034,109.0
14989,D. Caligiuri,Schalke 04,Germany,midfielder,6,0.010273005532379049,-8.098545324451149e-05,0.02038333212893722,138.0,0.001,110.0
375001,I. Sangaré,Toulouse,France,midfielder,1,0.010197888580660569,-0.001551425297990621,0.02760532273024615,141.0,0.017,111.0
3797,Víctor Sánchez,Espanyol,Spain,midfielder,0,0.010166464531286112,-0.0046309610039731814,0.02601336823827273,136.0,0.008,112.0
131959,J. Seri,Nice,France,midfielder,2,0.010097599668419235,0.0032427385707693135,0.017312700952675914,136.5,0.0,113.0
25439,T. Motta,PSG,France,midfielder,1,0.01003300600906888,0.0005738909541205264,0.019519126434018732,137.0,0.001,114.0
49876,G. Xhaka,Arsenal,England,midfielder,1,0.009976336730189635,0.000965569975438372,0.018215013502318793,133.5,0.0,115.0
8625,V. Moses,Chelsea,England,midfielder,3,0.009967275607463067,-0.0033897185598516033,0.025851812986379855,148.5,0.009,116.0
140125,N. Radoja,Celta de Vigo,Spain,midfielder,0,0.009962921361471856,0.0013997569309104603,0.02326281747860096,144.0,0.008,117.0
28922,T. Lemar,Monaco,France,midfielder,2,0.009941224250846424,0.0034175080141259904,0.01725094096285167,137.0,0.0,118.0
65027,S. Ilsanker,RB Leipzig,Germany,midfielder,0,0.009875934448738381,-0.01336765542442352,0.03511945840087008,133.5,0.05,119.0
37732,L. Biglia,Milan,Italy,midfielder,1,0.009785627991050618,0.0005558791895065781,0.018851220672364603,140.5,0.001,120.0
25706,I. Gueye,Everton,England,midfielder,2,0.009761965267034314,0.0022167003821047587,0.01732562162095436,146.0,0.0,121.0
25942,G. Imbula,Toulouse,France,midfielder,1,0.009710972103428344,0.0016297025796705668,0.017809651449422717,143.0,0.0,122.0
300669,A. Balić,Udinese,Italy,midfielder,0,0.009614014385277817,-0.002041064711968193,0.02078957946562822,142.0,0.001,123.0
224896,G. Holtmann,Mainz 05,Germany,midfielder,2,0.009585371331625602,-0.0052398478363433,0.02608142180836567,142.5,0.012,124.0
25805,F. Tabanou,Guingamp,France,midfielder,0,0.009574948096517003,-0.004563494657432516,0.024845014376647708,149.0,0.004,125.0
364005,F. Valverde,Deportivo La Coruña,Spain,midfielder,0,0.00951454890479104,-0.0013285216038772865,0.02108030542609301,142.0,0.001,126.0
70096,J. Rodríguez,Bayern München,Germany,midfielder,7,0.009512755195517435,0.0031423413276686694,0.017255526807187803,146.5,0.0,127.0
302518,L. Cook,AFC Bournemouth,England,midfielder,0,0.009507473433922163,0.0031233292216493306,0.016968231109855864,148.0,0.0,128.0
3443,Koke,Atlético Madrid,Spain,midfielder,4,0.00949579520942513,0.0010328591527330865,0.018749761464944333,148.5,0.0,129.0
31528,N. Kanté,Chelsea,England,midfielder,1,0.009461873040215934,0.0007258307279829418,0.017795532744939977,141.0,0.0,130.0
25504,S. Meïté,Bordeaux,France,midfielder,1,0.009418916799158917,-0.006146006225914972,0.02803192271962541,150.0,0.018,131.0
220341,R. Chibsah,Benevento,Italy,midfielder,0,0.009343289120177067,-0.00447261405296093,0.028939300915571408,160.0,0.029,132.0
269060,P. Hernández,Celta de Vigo,Spain,midfielder,3,0.00930743862460158,-0.004454648094429166,0.02127140846787941,139.0,0.001,133.0
340019,Gerson,Roma,Italy,midfielder,2,0.009290155012850035,-0.0028942233139587856,0.030066508018859402,156.0,0.027,134.0
135114,P. Højbjerg,Southampton,England,midfielder,0,0.009239952870117451,-0.003529082761955203,0.023218879135697538,153.5,0.004,135.0
278813,S. Bastien,Chievo,Italy,midfielder,1,0.009136889926136087,0.0005618016006308002,0.019197298682489386,149.5,0.0,136.0
15430,N. Höfler,Freiburg,Germany,midfielder,1,0.00912437705763447,-0.008829354467112135,0.02440363526083478,148.0,0.003,137.0
9283,H. Arter,AFC Bournemouth,England,midfielder,1,0.009119797326572764,-0.003342977538379628,0.02035665192271519,141.5,0.001,138.0
3571,Joaquín,Real Betis,Spain,midfielder,4,0.009098055430950462,-0.008396076273632187,0.03909698779469622,177.0,0.066,139.0
220359,P. Faragò,Cagliari,Italy,midfielder,2,0.009062085178334336,-0.004476847448600306,0.02225967654110732,146.0,0.002,140.0
253333,A. Blin,Toulouse,France,midfielder,1,0.0090260195102583,-0.005271153775587605,0.02405554050522163,149.5,0.005,141.0
20472,S. Padoin,Cagliari,Italy,midfielder,1,0.008965979761450481,-0.004809133622431994,0.02587553873926311,168.5,0.008,142.0
25704,F. Balmont,Dijon,France,midfielder,1,0.008901324606368305,-0.004466914988321993,0.02306130195118649,150.0,0.006,143.0
14997,J. Schmid,Augsburg,Germany,midfielder,0,0.008899380152220531,-0.006174775102616317,0.026336595003662228,162.5,0.009,144.0
51004,C. Borges,Deportivo La Coruña,Spain,midfielder,3,0.008884454755300895,-0.0022125789823278816,0.02093454704560609,163.0,0.0,145.0
114,K. Strootman,Roma,Italy,midfielder,1,0.00883869562654844,-0.008600510171471275,0.035163556578995336,185.0,0.052,146.0
69968,M. Brozović,Internazionale,Italy,midfielder,4,0.008778263654612038,0.001979386606436216,0.016659200144562698,165.0,0.0,147.0
217031,Thomas,Atlético Madrid,Spain,midfielder,3,0.008731634822219166,-0.004129556837660107,0.02083071826533092,150.0,0.0,148.0
91064,D. Torres,Deportivo Alavés,Spain,midfielder,0,0.008730073389141708,-0.012343008388486423,0.03281049907434465,150.5,0.05,149.0
214062,Álex Granell,Girona,Spain,midfielder,1,0.00871033421501406,0.0029169196853161983,0.013776602296497036,160.0,0.0,150.0
257750,Thiago Maia,Lille,France,midfielder,0,0.008693382312323777,-0.00033316768494708895,0.019388452509834828,173.0,0.0,151.0
425926,A. Maier,Hertha BSC,Germany,midfielder,0,0.008657768978302286,-0.010353805037817987,0.02544336934781316,136.0,0.003,152.0
413582,Y. Bissouma,Lille,France,midfielder,2,0.00856744366614126,0.0025655548718214855,0.01709546238112994,165.0,0.0,153.0
3866,M. Iturra,Málaga,Spain,midfielder,0,0.008550925691077804,-0.004567822627783628,0.0273114658050633,177.0,0.018,154.0
333571,L. Torreira,Sampdoria,Italy,midfielder,4,0.008298138525966937,-0.001380248942707256,0.01849916527863565,175.0,0.0,155.0
26389,Y. Sankharé,Bordeaux,France,midfielder,7,0.008290297493854907,-0.0031285931849863446,0.020810764656730103,170.0,0.002,156.0
228980,J. Gbamin,Mainz 05,Germany,midfielder,1,0.008283419490712086,-0.008327410188113534,0.02478482655072332,171.5,0.01,157.0
8498,A. King,Swansea City,England,midfielder,3,0.008265885557228115,-0.0011375449125928482,0.0184292562702655,170.0,0.002,158.0
86828,G. Pizarro,Sevilla,Spain,midfielder,1,0.008255317524178508,-0.0038302431075356493,0.02006170319637213,170.0,0.001,159.0
4013,Rubén Pérez,Leganés,Spain,midfielder,0,0.00821102049063198,0.000477055018304054,0.015808456325104157,169.0,0.0,160.0
279734,V. Koziello,Nice,France,midfielder,1,0.008183423914478283,0.0024231005656779664,0.015218422331576139,173.0,0.0,161.0
207143,Fabinho,Monaco,France,midfielder,7,0.008144766662818777,-0.0010853936957687263,0.0187696508423337,167.0,0.0,162.0
3286,Dani Parejo,Valencia,Spain,midfielder,7,0.008123302429731026,-0.0027734421339680026,0.018267332434065225,163.5,0.001,163.0
20935,Rômulo,Hellas Verona,Italy,midfielder,3,0.008028286028000183,0.0009127247687502299,0.017491086687311544,180.0,0.001,164.0
3476,I. Rakitić,Barcelona,Spain,midfielder,1,0.00802058084192197,0.004184765544606333,0.011660118064617715,172.0,0.0,165.0
8464,F. Delph,Manchester City,England,midfielder,1,0.007938034688827141,0.0032720798746111533,0.012218804846091188,173.0,0.0,166.0
226200,M. Lazzari,SPAL,Italy,midfielder,2,0.00793688148438256,-0.0010111713053459843,0.017310029130883992,176.0,0.0,167.0
25541,J. Veretout,Fiorentina,Italy,midfielder,8,0.007901448674851635,0.0031870169787341068,0.012642356332267136,173.0,0.0,168.0
471348,W. McKennie,Schalke 04,Germany,midfielder,0,0.0078623447992936,-0.0037486512093533953,0.022308955331873354,186.0,0.002,169.0
354547,J. Jankto,Udinese,Italy,midfielder,4,0.007857002927039643,-0.0020509317309155956,0.01988330346075578,181.0,0.0,170.0
241564,O. Zinchenko,Manchester City,England,midfielder,0,0.007814597100737591,0.0018644152490608053,0.014285082085742128,174.0,0.0,171.0
14862,J. Draxler,PSG,France,midfielder,4,0.00765545119209234,0.002123980924753658,0.014836178608850899,180.0,0.0,172.0
14938,M. Arnold,Wolfsburg,Germany,midfielder,2,0.007651065226019077,-0.0010768659127562198,0.015661484527073517,176.5,0.0,173.0
325781,J. Lea Siliki,Rennes,France,midfielder,4,0.007569321363048333,-0.014736028787785991,0.03123188600020958,180.0,0.032,174.0
3346,Sergio Busquets,Barcelona,Spain,midfielder,1,0.007505293338660744,0.00033693221298459374,0.01420971400887512,183.0,0.0,175.0
7986,M. Abeid,Dijon,France,midfielder,0,0.007498144876934716,-0.001102078769745517,0.016707630360007227,183.5,0.0,176.0
8976,T. Carroll,Swansea City,England,midfielder,0,0.007475215170498813,-0.0036605848853738226,0.01831577837926904,190.5,0.0,177.0
4911,Jozabed,Celta de Vigo,Spain,midfielder,0,0.007324909553467688,-0.004553907420985248,0.02108312447809581,192.5,0.002,178.0
3384,A. Guardado,Real Betis,Spain,midfielder,2,0.007317337277752472,-0.005515045863837607,0.018369025285786524,181.5,0.0,179.0
339789,Mikel Merino,Newcastle United,England,midfielder,1,0.007263787731971951,-0.005090629364032269,0.024654016472170102,193.0,0.009,180.0
62389,A. Mooy,Huddersfield Town,England,midfielder,4,0.007256567223550489,0.000869608262289421,0.013642718028080876,188.0,0.0,181.0
25798,E. Capoue,Watford,England,midfielder,1,0.007203519756019184,-0.007324925900854434,0.023236843429250545,191.0,0.008,182.0
8319,J. Milner,Liverpool,England,midfielder,0,0.007181277119956934,-0.002252362350234271,0.019456665371639245,197.0,0.001,183.0
25743,B. Sarr,Olympique Marseille,France,midfielder,0,0.007073923600443517,-0.0029424660060137675,0.019512339380176876,198.0,0.002,184.0
234527,A. Halilović,Las Palmas,Spain,midfielder,2,0.007045678456368295,-0.0012468951310638493,0.017127109548852472,198.5,0.0,185.0
4363,Vicente Gómez,Las Palmas,Spain,midfielder,0,0.0070303491155556536,-0.0026050746804869513,0.01709262805921297,187.0,0.0,186.0
25714,D. Payet,Olympique Marseille,France,midfielder,6,0.006924924593731147,-8.813378644319692e-05,0.015272022905672852,193.0,0.0,187.0
8351,A. Surman,AFC Bournemouth,England,midfielder,2,0.006902238722066399,-0.006380511944788988,0.02002204765829223,188.0,0.0,188.0
3409,San José,Athletic Club,Spain,midfielder,1,0.006898165167018503,-0.0030336616478631936,0.01783229608698256,198.0,0.0,189.0
3543,Borja Valero,Internazionale,Italy,midfielder,2,0.006868517369331837,-0.0006350814426498364,0.01562438718732158,196.5,0.0,190.0
27646,P. Capelle,Angers,France,midfielder,2,0.00674802720542536,-0.007926597394517775,0.018291616305303078,188.5,0.0,191.0
15777,D. Baier,Augsburg,Germany,midfielder,0,0.00664485802744647,-0.001124945240467431,0.014154014255975242,204.0,0.0,192.0
120339,Mohamed Elneny,Arsenal,England,midfielder,0,0.006634183824123356,0.0010271504109717125,0.013838687690219034,203.0,0.0,193.0
127534,D. Lazović,Genoa,Italy,midfielder,0,0.006607521927181998,-0.02418483615274083,0.03390576834479683,167.0,0.056,194.0
49997,S. Zuber,Hoffenheim,Germany,midfielder,1,0.006512856450623536,-0.006594119205084579,0.017964951852371864,202.0,0.0,195.0
397046,H. Aouar,Olympique Lyonnais,France,midfielder,6,0.006484771615169502,-0.0022197680260012996,0.015663846331824424,214.0,0.0,196.0
26652,D. Wass,Celta de Vigo,Spain,midfielder,4,0.006429268358714434,-0.0009715178531861795,0.014876420695631273,206.0,0.0,197.0
20815,A. Barberis,Crotone,Italy,midfielder,2,0.00631375822178774,-0.002910371500295601,0.016297847580037914,208.0,0.0,198.0
15937,D. Demme,RB Leipzig,Germany,midfielder,0,0.006269827750413104,0.0006745990945041373,0.012642888695546967,211.0,0.0,199.0
4365,Roque Mesa,Swansea City,England,midfielder,0,0.00625727862683638,-0.019028416803671417,0.030446726590435878,218.5,0.033,200.0
15018,P. Herrmann,Borussia M'gladbach,Germany,midfielder,0,0.006204936210960197,-0.012439576341875341,0.024519142694037432,195.0,0.005,201.0
212644,G. Escalante,Eibar,Spain,midfielder,1,0.006194475362843413,-0.0034808894312149926,0.017408647459409975,208.0,0.0,202.0
14863,M. Höger,Köln,Germany,midfielder,0,0.006132454339370427,-0.0020710496864855144,0.015761052692862786,211.0,0.001,203.0
20850,L. Cigarini,Cagliari,Italy,midfielder,2,0.006072412116045827,-0.0010620021616829737,0.012753084441132533,207.0,0.0,204.0
3319,M. Özil,Arsenal,England,midfielder,4,0.00605679435715362,-0.00088868664244446,0.01262674215463065,212.0,0.0,205.0
4969,Tana,Las Palmas,Spain,midfielder,1,0.006003781081696036,-0.00015469163267835297,0.013678463460760282,221.0,0.0,206.0
20751,J. Cuadrado,Juventus,Italy,midfielder,4,0.005983699080423963,-0.0033289852579041607,0.01595113257822526,218.5,0.0,207.0
228981,B. Bourigeaud,Rennes,France,midfielder,10,0.005876651882191756,-0.005646183499111257,0.0168162774356315,205.0,0.0,208.0
141172,J. Aholou,Strasbourg,France,midfielder,5,0.0058693639738954945,-0.002761729335351496,0.01563933103507229,209.5,0.0,209.0
8533,S. Sessègnon,Montpellier,France,midfielder,1,0.005709692276447873,-0.015871213060230555,0.022633746114233758,214.5,0.005,210.0
26285,A. Gonçalves,Strasbourg,France,midfielder,0,0.005708098977931224,-0.005806246323477419,0.01910104904840864,227.0,0.002,211.0
361807,R. Bentancur,Juventus,Italy,midfielder,0,0.005707883057998939,-0.004514099275919388,0.02431604866517712,212.0,0.017,212.0
5542,Dani García,Eibar,Spain,midfielder,0,0.00568649839757385,-0.0034993854940274993,0.017985830124590887,226.0,0.0,213.0
247207,Joan Jordán,Eibar,Spain,midfielder,6,0.005579847882816471,-0.003613592671081471,0.01661469654584515,230.0,0.0,214.0
367621,D. Geiger,Hoffenheim,Germany,midfielder,2,0.0055530793827348445,-0.0058261535508039,0.01980959577081645,234.0,0.001,215.0
38015,S. Peeters,Caen,France,midfielder,0,0.005428325229714582,-0.008232458461516585,0.022558241198419107,242.0,0.006,216.0
224680,M. Wolf,Eintracht Frankfurt,Germany,midfielder,5,0.005427744023123498,-0.020720616488814094,0.03337883030205632,254.5,0.047,217.0
274344,B. Santamaria,Angers,France,midfielder,0,0.005420438267833016,-0.003033581622595947,0.015018924230703666,226.0,0.0,218.0
22566,A. Florenzi,Roma,Italy,midfielder,1,0.005405421789543291,-0.01234046437039282,0.02163305783379846,229.5,0.001,219.0
134369,M. Meyer,Schalke 04,Germany,midfielder,0,0.005400790105735976,-0.0023481105555851526,0.012466872413706743,224.0,0.0,220.0
20402,K. Boateng,Eintracht Frankfurt,Germany,midfielder,6,0.005375936730378899,-0.007318129043453556,0.01842077826809877,217.0,0.0,221.0
14706,A. Hunt,Hamburger SV,Germany,midfielder,3,0.005332774984643658,-0.004205276194389348,0.01485442280151055,225.5,0.0,222.0
190167,L. Spinazzola,Atalanta,Italy,midfielder,0,0.005303356051409735,-0.007435031420211301,0.02266399428693711,243.0,0.001,223.0
167641,S. Lobotka,Celta de Vigo,Spain,midfielder,0,0.005259640324310313,0.0007059037498652068,0.009731928765746318,227.5,0.0,224.0
345707,B. Özcan,Stuttgart,Germany,midfielder,1,0.005237894318113415,-0.007951043169833914,0.019538839474113782,227.0,0.001,225.0
90268,E. Pulgar,Bologna,Italy,midfielder,2,0.005168839906521613,-0.005416546385932354,0.0166363160119415,227.5,0.0,226.0
289711,N. Keïta,RB Leipzig,Germany,midfielder,5,0.00516585454397549,-0.004396090999786437,0.013173825138793708,226.0,0.0,227.0
14722,Luiz Gustavo,Olympique Marseille,France,midfielder,5,0.005142344412631607,-0.0074864293668538496,0.016176918184089492,232.0,0.0,228.0
15194,M. Risse,Köln,Germany,midfielder,1,0.005111763252614088,-0.00010745573587332149,0.010644649206172686,234.0,0.0,229.0
7868,A. Oxlade-Chamberlain,Liverpool,England,midfielder,3,0.004913231170519464,-0.004347687151763539,0.014744397625330249,230.0,0.0,230.0
25950,A. Knockaert,Brighton & Hove Albion,England,midfielder,3,0.004878211426835691,-0.005358363579499939,0.0148773881075248,239.5,0.0,231.0
14816,S. Kagawa,Borussia Dortmund,Germany,midfielder,5,0.004853856105145618,-0.0027983021616324725,0.011858993166892491,241.0,0.0,232.0
3420,Susaeta,Athletic Club,Spain,midfielder,2,0.004680626477900774,-0.004127467677612974,0.014900659010871795,238.0,0.0,233.0
340920,L. Blas,Guingamp,France,midfielder,3,0.0046048865298841815,-0.003973817851418698,0.012975923058480993,240.0,0.0,234.0
86486,G. Poblete,Metz,France,midfielder,0,0.004517272499529658,-0.011717846453159668,0.020697688829326457,240.0,0.002,235.0
275243,S. Khaoui,Troyes,France,midfielder,5,0.004499314113495033,-0.0016497276284289627,0.01174669059687646,239.0,0.0,236.0
26120,T. Mangani,Angers,France,midfielder,2,0.004449879101393552,-0.0028164851058146167,0.012241068718570034,244.0,0.0,237.0
11152,M. Dembélé,Tottenham Hotspur,England,midfielder,0,0.0044216680305032615,-0.0026655718258001087,0.013197572248277873,244.0,0.0,238.0
404219,M. Cuisance,Borussia M'gladbach,Germany,midfielder,0,0.004374292119625234,-0.012456304706266583,0.02345893724237869,239.0,0.007,239.0
70092,S. Defour,Burnley,England,midfielder,1,0.004283205871795446,-0.0046310830058215605,0.011616815490499654,245.0,0.0,240.0
49872,X. Shaqiri,Stoke City,England,midfielder,8,0.0041886391623496754,-0.008820525073796387,0.016011100320459642,244.5,0.0,241.0
22163,S. Missiroli,Sassuolo,Italy,midfielder,1,0.004121231256894184,-0.01044625826889638,0.019923546568716092,262.0,0.003,242.0
28292,A. Doucouré,Watford,England,midfielder,7,0.004068606846847873,-0.004337234361317064,0.011432248648111923,246.5,0.0,243.0
21314,E. Hallfreðsson,Udinese,Italy,midfielder,0,0.004065356004010386,-0.011278313494850653,0.02219992121792103,260.0,0.005,244.0
283142,D. Gray,Leicester City,England,midfielder,3,0.003958146532529237,-0.005734044489458944,0.014862733442608366,256.0,0.0,245.0
25800,É. Didot,Guingamp,France,midfielder,2,0.003940027512796685,-0.003986146639195396,0.013323180266688758,249.5,0.0,246.0
3470,Campaña,Levante,Spain,midfielder,1,0.003939923550331699,-0.0055379696875119035,0.012917776016789865,250.5,0.0,247.0
286448,M. Arambarri,Getafe,Spain,midfielder,1,0.0039021378106235197,-0.017142339638577312,0.02901538352696485,263.5,0.026,248.0
260002,V. Rongier,Nantes,France,midfielder,1,0.00385426213441513,-0.0030377171270173486,0.01168022638582914,256.5,0.0,249.0
89559,C. Aránguiz,Bayer Leverkusen,Germany,midfielder,1,0.0038362068052951942,-0.0032180933243019763,0.010904423897526529,261.0,0.0,250.0
29641,B. Pelé,Troyes,France,midfielder,2,0.003821307674069341,-0.005105405567872142,0.01632126573499491,257.0,0.001,251.0
49991,R. Freuler,Atalanta,Italy,midfielder,5,0.003700496895291262,-0.003809902313411132,0.011855199509019998,259.0,0.0,252.0
3704,P. Diop,Eibar,Spain,midfielder,0,0.003684990519683151,-0.008339996062341802,0.019222179915401007,262.5,0.002,253.0
356903,S. Özcan,Köln,Germany,midfielder,0,0.0036674544264024373,-0.004604475892729446,0.013853711165215363,256.5,0.0,254.0
244357,B. Zungu,Amiens SC,France,midfielder,1,0.003659423597465333,-0.0072143382287986856,0.01398592651915224,259.0,0.0,255.0
289359,Y. Aït Bennasser,Caen,France,midfielder,0,0.0035278496815225216,-0.0058629109942850526,0.013891599100663756,266.0,0.0,256.0
8959,J. Stanislas,AFC Bournemouth,England,midfielder,5,0.003509880344576372,-0.016695294824816905,0.022339929419500693,244.5,0.003,257.0
105333,Willian,Chelsea,England,midfielder,6,0.0034833124938840844,-0.003643007006922088,0.01090443493323173,257.5,0.0,258.0
70156,A. Carrillo,Watford,England,midfielder,1,0.003418357787996338,-0.004952659344621201,0.012245501139164876,270.0,0.0,259.0
9419,T. Ince,Huddersfield Town,England,midfielder,2,0.003414044486066121,-0.00844115921735707,0.014769166906184926,263.0,0.0,260.0
408827,B. Srarfi,Nice,France,midfielder,3,0.0034039417557513033,-0.00787631910180388,0.020384540505339794,266.0,0.002,261.0
16826,R. Khedira,Augsburg,Germany,midfielder,1,0.0033583301450371686,-0.02000887457841826,0.026072420054234213,252.0,0.012,262.0
3345,Thiago Alcântara,Bayern München,Germany,midfielder,2,0.00329373748614423,-0.0037340830408645197,0.011277988855854045,262.0,0.0,263.0
26000,B. Dabo,Saint-Étienne,France,midfielder,3,0.0032818660268707214,-0.008919699372546339,0.017561707588658437,284.0,0.0,264.0
3680,Zurutuza,Real Sociedad,Spain,midfielder,0,0.00324699778538842,-0.007308620759722451,0.013179051646181873,279.5,0.0,265.0
105339,Fernandinho,Manchester City,England,midfielder,5,0.0032076718640561604,-0.012482492375710195,0.01638399444589827,268.0,0.0,266.0
4361,Javi Castellano,Las Palmas,Spain,midfielder,0,0.003148694917074401,-0.026162260669445887,0.02554683853488953,224.5,0.006,267.0
364860,Rodri,Villarreal,Spain,midfielder,1,0.0030851769873767665,-0.007385413469384376,0.012546485510073936,278.0,0.0,268.0
240070,H. Winks,Tottenham Hotspur,England,midfielder,0,0.0030312329517030515,-0.0035155360444733556,0.011545128295471328,272.0,0.0,269.0
466,D. Pröpper,Brighton & Hove Albion,England,midfielder,0,0.0029795142538378947,-0.00731314120812941,0.014393967417269666,284.0,0.0,270.0
32652,E. Çolak,Deportivo La Coruña,Spain,midfielder,1,0.0029770943959053203,-0.004760971800451219,0.01204887484731954,275.5,0.0,271.0
116269,D. Laxalt,Genoa,Italy,midfielder,3,0.0029669369759299517,-0.007670459800004632,0.014811254041900148,275.5,0.0,272.0
4511,Pedro Mosquera,Deportivo La Coruña,Spain,midfielder,0,0.002963938330841203,-0.009038738011826955,0.014900793713104318,275.0,0.0,273.0
70120,Javi García,Real Betis,Spain,midfielder,1,0.002963269581789748,-0.0275805064585841,0.027207158582540525,235.0,0.014,274.0
25470,S. Prcić,Rennes,France,midfielder,1,0.0029306132873566882,-0.014830941091215384,0.014876297112973192,251.0,0.0,275.0
70965,João Mário,West Ham United,England,midfielder,2,0.0028930242725178318,-0.008984014838891764,0.014856737238330623,285.0,0.001,276.0
25826,B. André,Rennes,France,midfielder,3,0.002851386032389386,-0.004515166594402516,0.00988515524699385,277.0,0.0,277.0
3280,É. Banega,Sevilla,Spain,midfielder,3,0.002848414165706453,-0.0026061012041705338,0.008715088098411808,277.0,0.0,278.0
7988,Y. Cabaye,Crystal Palace,England,midfielder,0,0.0027303221942236093,-0.008069515293969388,0.011912872484404412,275.5,0.0,279.0
26508,R. Cohade,Metz,France,midfielder,1,0.002702736930134389,-0.0046927538895597965,0.010310927091830907,281.0,0.0,280.0
8285,J. Livermore,West Bromwich Albion,England,midfielder,2,0.0026460678743952647,-0.016129381395876115,0.022237908562556107,274.0,0.002,281.0
20911,P. Schiattarella,SPAL,Italy,midfielder,1,0.0025866262969492437,-0.00990121262302122,0.01977674466946532,297.0,0.0,282.0
22695,N. Viola,Benevento,Italy,midfielder,2,0.0025733177433578946,-0.0073948214517975015,0.013853060890806953,285.5,0.0,283.0
9739,J. Ibe,AFC Bournemouth,England,midfielder,2,0.0025594919632968846,-0.008845613077016635,0.0121845396289311,285.5,0.0,284.0
21171,M. Hamšík,Napoli,Italy,midfielder,7,0.0025382728783186286,-0.005455158585331438,0.013456629569211865,298.5,0.0,285.0
3314,Á. di María,PSG,France,midfielder,11,0.002485439872963213,-0.004859242459937337,0.01178535715960734,282.0,0.0,286.0
8086,D. Stephens,Brighton & Hove Albion,England,midfielder,0,0.002316241864864564,-0.006600358923155521,0.011184606226668947,287.0,0.0,287.0
25492,T. Monconduit,Amiens SC,France,midfielder,1,0.0022731856795965813,-0.008023410845143492,0.01377495500164975,292.5,0.0,288.0
224677,J. Weigl,Borussia Dortmund,Germany,midfielder,1,0.0022649311422259888,-0.006717983068185553,0.011136079090904664,286.5,0.0,289.0
9623,R. Brady,Burnley,England,midfielder,1,0.0022499183337484504,-0.01089178015286199,0.013464718014461769,287.0,0.0,290.0
82518,V. Darida,Hertha BSC,Germany,midfielder,0,0.0022433932417553815,-0.008067612607454252,0.014024518146285405,286.5,0.0,291.0
20812,A. Acquah,Torino,Italy,midfielder,1,0.0022106386968529885,-0.011548795881861293,0.019337182618269857,284.0,0.002,292.0
3676,Illarramendi,Real Sociedad,Spain,midfielder,7,0.002169635571857875,-0.0034177980799929932,0.007627618397678658,292.5,0.0,293.0
3563,Isco,Real Madrid,Spain,midfielder,7,0.0020893736825135503,-0.004493210371913697,0.010417750009392844,296.0,0.0,294.0
8125,J. Cork,Burnley,England,midfielder,2,0.002034428368025274,-0.013174022238825436,0.017262394310606128,288.0,0.0,295.0
10252,S. Clucas,Swansea City,England,midfielder,3,0.0020040511529195474,-0.010039224082756468,0.015397997859921573,288.0,0.0,296.0
228928,A. Marušić,Lazio,Italy,midfielder,3,0.001997047814363831,-0.011094737407008172,0.01545041025925561,298.0,0.0,297.0
15524,H. Çalhanoğlu,Milan,Italy,midfielder,6,0.0019164859693088794,-0.007833799602085563,0.011336977991354157,298.0,0.0,298.0
16303,D. Latza,Mainz 05,Germany,midfielder,2,0.0018993575476749427,-0.009020338716343206,0.01330466095330797,297.0,0.0,299.0
8314,G. Barry,West Bromwich Albion,England,midfielder,1,0.0018158963901529607,-0.011849563540369907,0.015579480634535781,296.0,0.0,300.0
3928,Vicente Iborra,Leicester City,England,midfielder,3,0.001664695082652842,-0.010014465192100773,0.013363385818814163,309.5,0.0,301.0
41174,M. Lanzini,West Ham United,England,midfielder,5,0.0016088750208797763,-0.009412248396219835,0.010801007488150239,302.0,0.0,302.0
8620,M. Diamé,Newcastle United,England,midfielder,2,0.0016051744462767406,-0.01780423189925232,0.022260504865886176,301.5,0.005,303.0
15811,S. Rudy,Bayern München,Germany,midfielder,1,0.0016049913607449043,-0.004553109704328451,0.010888742439813678,308.5,0.0,304.0
5290,Mikel Rico,Athletic Club,Spain,midfielder,0,0.0015932633578240952,-0.018843276464791805,0.02397092616438332,305.0,0.007,305.0
20845,G. Bonaventura,Milan,Italy,midfielder,8,0.0015861604972949462,-0.0061198975188906865,0.009199193777545975,301.5,0.0,306.0
65596,M. Sabitzer,RB Leipzig,Germany,midfielder,3,0.0015675939558430834,-0.00874359553438947,0.011937919833554644,308.5,0.0,307.0
26314,L. Deaux,Guingamp,France,midfielder,2,0.001526029605240261,-0.004708801496126006,0.008636511668798558,312.0,0.0,308.0
302550,Brais Méndez,Celta de Vigo,Spain,midfielder,1,0.0013498654701726172,-0.012014057474890176,0.01276711555438918,310.0,0.0,309.0
240445,Andreas Pereira,Valencia,Spain,midfielder,1,0.001301214064606079,-0.013521660584110258,0.027598451577490486,324.5,0.018,310.0
4332,Javi Fuego,Espanyol,Spain,midfielder,0,0.001257749508017798,-0.02185063100305423,0.02484853301565682,310.0,0.01,311.0
246946,E. Skhiri,Montpellier,France,midfielder,4,0.0012465441893088442,-0.008828184268146393,0.010725014206191473,312.0,0.0,312.0
18550,E. Can,Liverpool,England,midfielder,3,0.001238079894556227,-0.008045474240276093,0.009832176922966958,305.0,0.0,313.0
15695,M. Heller,Augsburg,Germany,midfielder,0,0.0012220510991996412,-0.010427007536341331,0.014040749786538026,320.0,0.001,314.0
209117,A. Rabiot,PSG,France,midfielder,1,0.0012040962985548004,-0.0060536449798437785,0.008121879966607822,309.5,0.0,315.0
272440,M. Eggestein,Werder Bremen,Germany,midfielder,2,0.0011911929418843522,-0.011972330125416956,0.014504766359751337,310.5,0.0,316.0
262,L. Fer,Swansea City,England,midfielder,1,0.0011118420127510665,-0.013451309180538606,0.02116462354191077,314.0,0.003,317.0
134387,L. Goretzka,Schalke 04,Germany,midfielder,4,0.0010171235198754482,-0.007311295535378311,0.00925741819215539,327.0,0.0,318.0
221333,K. Demirbay,Hoffenheim,Germany,midfielder,2,0.0009842036361572834,-0.012219796607157562,0.016816298747955843,313.0,0.001,319.0
280115,M. Lopez,Olympique Marseille,France,midfielder,0,0.0009733325943360646,-0.008808666520929063,0.00927155595688691,316.0,0.0,320.0
247248,S. March,Brighton & Hove Albion,England,midfielder,1,0.0009723648769788418,-0.0126791087883868,0.017213033589975408,306.0,0.001,321.0
7964,J. Henderson,Liverpool,England,midfielder,1,0.0009363792541516309,-0.013282634160914273,0.011004117156951734,314.5,0.0,322.0
4278,Borja García,Girona,Spain,midfielder,2,0.0009260501184624972,-0.006111119116813418,0.008484756874227173,320.0,0.0,323.0
70215,C. Atsu,Newcastle United,England,midfielder,2,0.0008823466391796428,-0.016170098282302595,0.016589275276520744,321.5,0.002,324.0
134174,Samu Castillejo,Villarreal,Spain,midfielder,6,0.0008191228327586285,-0.006872186795301515,0.008122511936827835,325.0,0.0,325.0
15526,P. Groß,Brighton & Hove Albion,England,midfielder,7,0.0007711571186307499,-0.00752416924870252,0.01021055673856803,323.0,0.0,326.0
21315,Jorginho,Napoli,Italy,midfielder,2,0.0007509735193133709,-0.002754143613174472,0.003951926488688474,324.0,0.0,327.0
7585,Manu García,Deportivo Alavés,Spain,midfielder,3,0.0007153598490688072,-0.014369181785290808,0.015704250821330045,324.0,0.001,328.0
18982,N. Schulz,Hoffenheim,Germany,midfielder,1,0.0006919690171336542,-0.016001506997387855,0.016679523256892308,316.0,0.0,329.0
254898,Kenedy,Newcastle United,England,midfielder,2,0.0005359025581148719,-0.010312499497595235,0.01296040720702613,327.5,0.001,330.0
8143,M. Schneiderlin,Everton,England,midfielder,0,0.0005259693587031398,-0.014025656279672857,0.012862859002870557,339.0,0.0,331.0
61967,V. Wanyama,Tottenham Hotspur,England,midfielder,1,0.0005067281998668449,-0.014433904399373905,0.014823963237151192,319.0,0.0,332.0
277629,P. Lees Melou,Nice,France,midfielder,5,0.0005051694632580484,-0.014091649734531529,0.012975394454570865,327.0,0.0,333.0
208652,V. Lazaro,Hertha BSC,Germany,midfielder,1,0.00046733090727059845,-0.012986412021672935,0.01753934559547984,334.5,0.001,334.0
346195,Fabián,Real Betis,Spain,midfielder,3,0.00044714708713444723,-0.005568310382540193,0.006846340230320603,327.0,0.0,335.0
3282,Canales,Real Sociedad,Spain,midfielder,4,0.00044677306086710294,-0.004952523172515907,0.0063353423825116256,330.5,0.0,336.0
134542,N. Mendy,Nice,France,midfielder,0,0.000412777795459953,-0.016720236083800584,0.014227787032430932,317.5,0.0,337.0
22162,F. Magnanelli,Sassuolo,Italy,midfielder,0,0.00031003403984044273,-0.010818469719312093,0.010988937173277645,325.0,0.0,338.0
3423,Ibai Gómez,Deportivo Alavés,Spain,midfielder,7,0.00030578784239041753,-0.006282040812658778,0.007016886905877577,335.0,0.0,339.0
229198,H. Manzala,Amiens SC,France,midfielder,4,0.0003007402608020433,-0.013112964462354843,0.01662655239851191,325.0,0.001,340.0
93,J. Guðmunds­son,Burnley,England,midfielder,2,0.00024770617884633796,-0.017184047231468234,0.015849879687865488,322.0,0.001,341.0
54,C. Eriksen,Tottenham Hotspur,England,midfielder,11,0.00023591333721852866,-0.0039089493842711905,0.00452009378759184,334.0,0.0,342.0
14866,Jurado,Espanyol,Spain,midfielder,0,0.00018584673872337477,-0.00840730972565531,0.009375946741467396,332.0,0.0,343.0
38021,K. De Bruyne,Manchester City,England,midfielder,7,0.00015048610735696134,-0.004532997175202895,0.0049196529739843195,335.0,0.0,344.0
265366,W. Ndidi,Leicester City,England,midfielder,0,0.00011526641198718954,-0.011068934508476772,0.011026903952936266,329.0,0.0,345.0
3678,Xabi Prieto,Real Sociedad,Spain,midfielder,3,0.00010511780106650976,-0.007773149491008645,0.010042773363116446,335.0,0.0,346.0
209091,C. Tolisso,Bayern München,Germany,midfielder,6,7.566639534004995e-05,-0.008660647675372694,0.007387441190657729,334.0,0.0,347.0
25829,P. Lasne,Montpellier,France,midfielder,1,-5.154215569355115e-05,-0.009319616742828484,0.01077755485338192,340.0,0.0,348.0
20525,J. Obi,Torino,Italy,midfielder,5,-9.302774297500514e-05,-0.014087969961984406,0.02083824721187036,358.0,0.004,349.0
286223,N. Barella,Cagliari,Italy,midfielder,6,-0.00011365688599440837,-0.007227043187591516,0.007165950418385899,334.0,0.0,350.0
20879,R. Nainggolan,Roma,Italy,midfielder,4,-0.0002074683586512034,-0.006790617743921189,0.006303628172024976,338.0,0.0,351.0
127928,D. Brašanac,Leganés,Spain,midfielder,2,-0.0002783554482810528,-0.008624214233940195,0.009280602503060797,343.0,0.0,352.0
149076,V. Eysseric,Fiorentina,France,midfielder,1,-0.0003917812152547018,-0.020876176888807947,0.01735717615367267,339.5,0.002,353.0
37739,D. Praet,Sampdoria,Italy,midfielder,1,-0.0004647201515724748,-0.005763894884963622,0.0048596763920933485,348.0,0.0,354.0
247222,Medrán,Deportivo Alavés,Spain,midfielder,2,-0.000623654197064568,-0.008213995825294992,0.00749546189551838,356.0,0.0,355.0
65055,F. Kainz,Werder Bremen,Germany,midfielder,3,-0.000648027257794668,-0.011780825358105615,0.008715298140733064,343.5,0.0,356.0
28230,A. Tameze,Nice,France,midfielder,0,-0.0006547401755133443,-0.011753336127974726,0.010259825960837325,350.0,0.0,357.0
258162,Renato Sanches,Swansea City,England,midfielder,0,-0.0006805780609273459,-0.009489955119909634,0.008359204244627737,351.5,0.0,358.0
16110,K. Kampl,RB Leipzig,Germany,midfielder,1,-0.0007343538791380659,-0.0074622848491165015,0.006292050909996655,355.0,0.0,359.0
8561,M. Noble,West Ham United,England,midfielder,4,-0.0007693165144443643,-0.009680445820357984,0.01029569772658225,353.5,0.0,360.0
25407,C. Grenier,Guingamp,France,midfielder,5,-0.0007980684522160149,-0.00853208697692255,0.007721996428704114,353.0,0.0,361.0
4513,D. Cheryshev,Villarreal,Spain,midfielder,2,-0.0008384855145192863,-0.024621985456741668,0.026741345288104776,329.0,0.015,362.0
56025,M. Krohn-Dehli,Sevilla,Spain,midfielder,1,-0.000887660414292087,-0.009971537690818306,0.008827107520729212,346.5,0.0,363.0
279717,A. Maitland-Niles,Arsenal,England,midfielder,0,-0.0009333705987971633,-0.014618162898787493,0.0124328701837472,352.0,0.0,364.0
15129,D. Didavi,Wolfsburg,Germany,midfielder,9,-0.0009675160211747572,-0.009703430936533013,0.00777731447149247,351.0,0.0,365.0
14754,C. Gentner,Stuttgart,Germany,midfielder,2,-0.0009810387773137377,-0.014535099919507593,0.014786688219307578,366.0,0.0,366.0
302799,R. Mandragora,Crotone,Italy,midfielder,2,-0.001045713286865546,-0.015346118187683553,0.013666523859433196,356.5,0.0,367.0
56441,L. Lerager,Bordeaux,France,midfielder,3,-0.0010894452863073984,-0.012353245460823335,0.011688684077292243,365.0,0.0,368.0
263802,Y. Tielemans,Monaco,France,midfielder,0,-0.0011098938699340127,-0.013725311687747852,0.009318032044653519,355.0,0.0,369.0
263614,N. Amiri,Hoffenheim,Germany,midfielder,2,-0.0011155058941003525,-0.012959111439711832,0.010007439219254314,350.0,0.0,370.0
26956,N. Benezet,Guingamp,France,midfielder,3,-0.0012005891132524096,-0.009407707140501816,0.006760241398071756,358.0,0.0,371.0
3934,N. El Zhar,Leganés,Spain,midfielder,2,-0.001258257735185902,-0.022083659348235734,0.01510959231657454,353.0,0.0,372.0
284469,J. Brekalo,Stuttgart,Germany,midfielder,4,-0.0013003797860699849,-0.010213114491950517,0.009643628491895392,372.5,0.0,373.0
215983,S. Boufal,Southampton,England,midfielder,2,-0.0014061198026319086,-0.009185288577275264,0.008428022272703062,360.0,0.0,374.0
217872,J. Iloki,Nantes,France,midfielder,0,-0.0014590254053571444,-0.01629975500072247,0.013087592269565332,369.0,0.0,375.0
247219,Víctor Camarasa,Real Betis,Spain,midfielder,1,-0.001480655948736401,-0.014494341555416507,0.013426139692503891,377.5,0.0,376.0
4375,Vitolo,Las Palmas,Spain,midfielder,2,-0.0015070651047464389,-0.01069342752488942,0.008847705922178256,376.5,0.0,377.0
21507,D. Baselli,Torino,Italy,midfielder,4,-0.0015645180036020095,-0.00877084733431904,0.0072929965816114425,372.0,0.0,378.0
14864,L. Holtby,Hamburger SV,Germany,midfielder,6,-0.0015737715088248172,-0.012652379630045535,0.011014406827205536,377.0,0.0,379.0
40806,Felipe Anderson,Lazio,Italy,midfielder,4,-0.0015889044792559474,-0.011395415454377876,0.009190821780328666,381.0,0.0,380.0
293686,J. Murphy,Newcastle United,England,midfielder,1,-0.0015950502606129026,-0.01642363357776845,0.014457676266968134,369.5,0.001,381.0
25999,R. Cabella,Saint-Étienne,France,midfielder,8,-0.0016028513555647022,-0.009508644583052601,0.006816473556988861,377.0,0.0,382.0
413737,S. Ascacíbar,Stuttgart,Germany,midfielder,0,-0.0016436085936826013,-0.014384099321897988,0.010351246491474545,369.0,0.0,383.0
20561,S. Lulić,Lazio,Italy,midfielder,3,-0.001663844253332458,-0.010457139326248964,0.00835988793820713,373.0,0.0,384.0
272363,M. Dahoud,Borussia Dortmund,Germany,midfielder,0,-0.0016638534286941469,-0.015009545926373343,0.009377881939434656,357.0,0.0,385.0
9293,M. Pugh,AFC Bournemouth,England,midfielder,0,-0.0019142079072981832,-0.012751921242030393,0.012679012317184418,378.0,0.0,386.0
20529,A. Poli,Bologna,Italy,midfielder,2,-0.0019803527063008714,-0.008234065731989084,0.0032501654764382224,377.5,0.0,387.0
3344,Rafinha,Internazionale,Italy,midfielder,2,-0.001980707986838046,-0.013139277728141944,0.010829581053841455,370.0,0.0,388.0
425925,K. Havertz,Bayer Leverkusen,Germany,midfielder,3,-0.0020106687929785432,-0.010861064895211051,0.005790948974615717,368.0,0.0,389.0
116349,M. Vecino,Internazionale,Italy,midfielder,3,-0.002075372044478252,-0.0074713748225098495,0.004833999898744861,381.0,0.0,390.0
28866,K. Azamoum,Troyes,France,midfielder,1,-0.00213517615815281,-0.015780759072852816,0.01037162932085161,385.5,0.0,391.0
20556,A. Candreva,Internazionale,Italy,midfielder,0,-0.002240216012695276,-0.010144309084246388,0.005737656428188351,380.0,0.0,392.0
127685,M. Jojić,Köln,Germany,midfielder,2,-0.002240785043815634,-0.014874317124432122,0.0073942670981361645,373.0,0.0,393.0
7906,Juan Mata,Manchester United,England,midfielder,3,-0.0022604322959146857,-0.010265554710300002,0.007414899223081353,383.5,0.0,394.0
21291,V. Birsa,Chievo,Italy,midfielder,3,-0.0022693076074773474,-0.01064374820428914,0.00535680497175459,384.0,0.0,395.0
26150,R. Mahrez,Leicester City,England,midfielder,12,-0.002371441914280828,-0.007183537144936214,0.0020558973976134124,388.0,0.0,396.0
22099,M. Büchel,Hellas Verona,Italy,midfielder,0,-0.0024301283600900825,-0.010909313113523963,0.00630909524479215,376.0,0.0,397.0
28117,R. Ghezzal,Monaco,France,midfielder,2,-0.0025023042676012804,-0.013586350152536692,0.009998154686937346,384.0,0.0,398.0
134508,S. Fofana,Udinese,Italy,midfielder,3,-0.0025615015591175677,-0.010252003714229154,0.006179265270515547,386.0,0.0,399.0
14903,T. Rincón,Torino,Italy,midfielder,1,-0.002610266187634458,-0.013441561605238876,0.007836272487192318,392.0,0.0,400.0
302600,S. Serdar,Mainz 05,Germany,midfielder,2,-0.002830058766610252,-0.022741171917801156,0.015707635429712305,389.0,0.0,401.0
235555,R. Loftus-Cheek,Crystal Palace,England,midfielder,2,-0.002900475843613693,-0.01246394522832251,0.007601589501471697,391.0,0.0,402.0
294695,T. Ndombèlé,Olympique Lyonnais,France,midfielder,0,-0.0029403521325820307,-0.01024636474604561,0.003351229618629468,394.5,0.0,403.0
26100,N. Sliti,Dijon,France,midfielder,7,-0.0029576117706700844,-0.01325670138928785,0.00972653305212606,404.5,0.0,404.0
14770,G. Castro,Borussia Dortmund,Germany,midfielder,0,-0.003003518157265533,-0.01927022361862603,0.011303909527223738,398.0,0.0,405.0
3353,Iniesta,Barcelona,Spain,midfielder,1,-0.0030168130764757625,-0.007655644674184577,0.002016907867296625,397.0,0.0,406.0
51132,E. Forsberg,RB Leipzig,Germany,midfielder,2,-0.0030279532395018722,-0.016300820675575454,0.008441491276606289,387.5,0.0,407.0
15276,M. Weiser,Hertha BSC,Germany,midfielder,1,-0.0030332582811229626,-0.011427599304872305,0.005108677628758395,398.0,0.0,408.0
209209,F. Tait,Angers,France,midfielder,4,-0.0030637669453571405,-0.02068516569111532,0.009253068106804973,392.0,0.0,409.0
77558,G. Sigurðsson,Everton,England,midfielder,4,-0.0030687027776379445,-0.016733992071258218,0.010741086455868,407.0,0.0,410.0
15942,L. Rupp,Hoffenheim,Germany,midfielder,3,-0.003081005152742063,-0.012894896183553998,0.0071749100161116715,401.0,0.0,411.0
26518,C. Sánchez,Espanyol,Italy,midfielder,1,-0.0031289217792538422,-0.022195319430758795,0.01266455218541023,383.0,0.0,412.0
241676,R. Gagliardini,Internazionale,Italy,midfielder,0,-0.0031535129519719364,-0.00999886265679833,0.0062566097132654005,400.5,0.0,413.0
25891,B. Nivet,Troyes,France,midfielder,2,-0.0032443617564760774,-0.026934545104351282,0.014611015180082955,374.0,0.0,414.0
26384,G. Kakuta,Amiens SC,France,midfielder,6,-0.0032494951923156953,-0.016564333870312472,0.008234089599866113,401.0,0.0,415.0
40726,Allan,Napoli,Italy,midfielder,4,-0.003267026289865261,-0.009881039855028657,0.003026853892549225,401.0,0.0,416.0
26311,R. Amalfitano,Dijon,France,midfielder,0,-0.003357481038381598,-0.0110824447446298,0.004767698622622672,403.5,0.0,417.0
359847,Alfonso Pedraza,Deportivo Alavés,Spain,midfielder,3,-0.0035621435859300834,-0.016270733637035708,0.010524622237206464,414.0,0.0,418.0
8013,M. Albrighton,Leicester City,England,midfielder,2,-0.0036177119632860837,-0.013066061459028482,0.004821526815682518,403.0,0.0,419.0
625,M. de Roon,Atalanta,Italy,midfielder,3,-0.003725369191153983,-0.01578553498953498,0.010399172272548945,423.0,0.0,420.0
14727,A. Robben,Bayern München,Germany,midfielder,5,-0.003731664138823608,-0.008159379574668352,0.0005134036104600669,410.0,0.0,421.0
69400,M. Badelj,Fiorentina,Italy,midfielder,2,-0.003782995197042638,-0.011215065771418845,0.004379205605954514,412.0,0.0,422.0
15456,F. Klaus,Hannover 96,Germany,midfielder,4,-0.003924479653488535,-0.01812505765851379,0.007190252881220869,400.5,0.0,423.0
4488,Saúl,Atlético Madrid,Spain,midfielder,2,-0.003954191315707172,-0.01833331472895689,0.007993557477972424,418.0,0.0,424.0
20943,R. Montolivo,Milan,Italy,midfielder,1,-0.003967761044382251,-0.030151235201743135,0.015904204775705272,412.0,0.0,425.0
25650,V. Pajot,Saint-Étienne,France,midfielder,2,-0.004009455311110975,-0.017121650317257216,0.010043605263723446,410.0,0.0,426.0
55990,T. Delaney,Werder Bremen,Germany,midfielder,3,-0.004041171579510747,-0.01453316299156943,0.00571141250322338,423.5,0.0,427.0
14838,C. Kramer,Borussia M'gladbach,Germany,midfielder,3,-0.004044349266892127,-0.025797860834856173,0.01120609579665636,396.0,0.0,428.0
134435,A. Grassi,SPAL,Italy,midfielder,3,-0.004139130837057796,-0.02432257093432857,0.012802571547019012,413.5,0.0,429.0
3803,Sergi Darder,Espanyol,France,midfielder,1,-0.004155095170640751,-0.020822488460869325,0.006564974664919639,396.0,0.0,430.0
213948,R. de Paul,Udinese,Italy,midfielder,4,-0.004255948080806498,-0.012095238550580777,0.0036402369649147165,421.5,0.0,431.0
8471,A. Townsend,Crystal Palace,England,midfielder,2,-0.00425636922938995,-0.0105721547865325,0.0027147428507742883,416.0,0.0,432.0
41056,Thiago Mendes,Lille,France,midfielder,3,-0.0043353743555229396,-0.01198953333752337,0.0030625547155594614,417.0,0.0,433.0
20475,A. Vidal,Bayern München,Germany,midfielder,6,-0.004374206202645328,-0.022184350222637438,0.008474317337618782,415.0,0.0,434.0
332605,Ramadan Sobhi,Stoke City,England,midfielder,2,-0.0044295236889409445,-0.019431517840202653,0.009402893167164228,427.5,0.0,435.0
230895,Pere Pons,Girona,Spain,midfielder,0,-0.004448286859592554,-0.022031085053239207,0.010085745614991827,426.5,0.0,436.0
86309,B. Zuculini,Hellas Verona,Italy,midfielder,2,-0.004607375583099182,-0.02385625851577948,0.01435095793115432,434.0,0.001,437.0
192748,M. James,Leicester City,England,midfielder,0,-0.004625435579619283,-0.02047993863161499,0.008173933793711279,429.5,0.001,438.0
288091,Marco Asensio,Real Madrid,Spain,midfielder,6,-0.0046264499346878665,-0.01280697997910416,0.0030345130346641266,420.0,0.0,439.0
21620,J. Kurtič,SPAL,Italy,midfielder,3,-0.004658435686758563,-0.011145690320879994,0.0018963654941278939,428.0,0.0,440.0
40550,Paulinho,Barcelona,Spain,midfielder,9,-0.00473138296315449,-0.021245404889981726,0.007467072559020966,418.0,0.0,441.0
3474,Jesús Navas,Sevilla,Spain,midfielder,1,-0.0047383655551087285,-0.02201585728440618,0.01610396879915221,433.5,0.005,442.0
20441,E. Lamela,Tottenham Hotspur,England,midfielder,2,-0.004790625728916301,-0.019113600052673912,0.013391970666883631,424.0,0.0,443.0
14808,İ. Gündoğan,Manchester City,England,midfielder,4,-0.0048286781807723245,-0.013185064146230576,0.0026995465910271267,430.0,0.0,444.0
280383,E. Bardhi,Levante,Spain,midfielder,9,-0.004947737815915793,-0.02187175400772591,0.011888750939789689,426.0,0.0,445.0
328333,L. Pellegrini,Roma,Italy,midfielder,3,-0.005002103289855685,-0.016274325112328215,0.006870758494601704,429.0,0.0,446.0
136011,M. Gaćinović,Eintracht Frankfurt,Germany,midfielder,1,-0.00509680031330044,-0.01875435123563719,0.008764512402912787,429.0,0.0,447.0
116,G. Wijnaldum,Liverpool,England,midfielder,1,-0.005101954621488548,-0.023026199468547056,0.008678026302247073,416.0,0.0,448.0
138174,K. Linetty,Sampdoria,Italy,midfielder,3,-0.005317703567196809,-0.013938136037828253,0.0036027275889378907,428.5,0.0,449.0
14905,P. Skjelbred,Hertha BSC,Germany,midfielder,0,-0.005353052097616182,-0.04369216314642086,0.0179098763261523,427.0,0.0,450.0
3572,Portillo,Getafe,Spain,midfielder,2,-0.005547549158163603,-0.013118589669414834,0.003699320444958936,438.0,0.0,451.0
295273,G. Donsah,Bologna,Italy,midfielder,2,-0.005623128185170774,-0.023008768024311906,0.014975371308670592,435.0,0.001,452.0
256478,D. Cataldi,Benevento,Italy,midfielder,1,-0.005630874529631207,-0.019021889034113025,0.0069432984603254085,438.5,0.0,453.0
25835,F. Sammaritano,Dijon,France,midfielder,0,-0.005665236807452884,-0.025710280787015607,0.013126177587357171,436.0,0.001,454.0
77552,N. Dyer,Swansea City,England,midfielder,0,-0.005733453846386881,-0.014331651492107267,0.0023946534677145538,441.0,0.0,455.0
8317,David Silva,Manchester City,England,midfielder,9,-0.005853455501209755,-0.013306689199681572,0.0011956006740837175,449.0,0.0,456.0
4379,Jonathan Viera,Las Palmas,Spain,midfielder,4,-0.005903432226538036,-0.01578796740077614,0.0031449772149231402,440.0,0.0,457.0
14696,Z. Junuzović,Werder Bremen,Germany,midfielder,2,-0.005915824216990041,-0.01332031797191308,0.0024523224087540253,447.0,0.0,458.0
9227,M. Ritchie,Newcastle United,England,midfielder,3,-0.006131565097727285,-0.013364684385383532,0.0012398030281049338,451.0,0.0,459.0
22381,Daniel Bessa,Hellas Verona,Italy,midfielder,3,-0.006146735403435784,-0.027757516125952713,0.012401768938542787,435.0,0.0,460.0
9080,A. Taarabt,Genoa,Italy,midfielder,2,-0.006167577248010958,-0.011303223103033312,-0.0012616013105910143,452.0,0.0,461.0
25437,B. Matuidi,Juventus,France,midfielder,3,-0.006183934385433353,-0.018047336836338548,0.0033866879615768912,451.0,0.0,462.0
105334,Douglas Costa,Juventus,Italy,midfielder,4,-0.006185325759997807,-0.011155133683716614,-0.0005502823735549005,449.0,0.0,463.0
3674,Markel Bergara,Getafe,Spain,midfielder,4,-0.00624144551552423,-0.042284040738748765,0.025101476614021116,419.0,0.015,464.0
8287,L. Modrić,Real Madrid,Spain,midfielder,1,-0.006266364404106226,-0.019418386837992956,0.002670043019987118,444.0,0.0,465.0
255738,J. Lerma,Levante,Spain,midfielder,0,-0.00639614236514681,-0.022561426518042417,0.007549003592647232,452.5,0.0,466.0
14726,F. Ribéry,Bayern München,Germany,midfielder,5,-0.006402777402195528,-0.012731755282281555,0.00017510739131523404,454.5,0.0,467.0
230897,Fede Cartabia,Deportivo La Coruña,Spain,midfielder,2,-0.006417151873636682,-0.015342258931613827,0.0030176083224595198,456.0,0.0,468.0
20593,R. Pereyra,Watford,England,midfielder,5,-0.006441640676710717,-0.017163440770119758,0.0036583121643333073,452.0,0.0,469.0
50812,J. Durmaz,Toulouse,France,midfielder,3,-0.006484148180061793,-0.01677701857730144,0.0034082990483426056,458.0,0.0,470.0
3484,Luis Alberto,Lazio,Italy,midfielder,11,-0.006595643888506632,-0.01758795539581451,0.002850623393834944,457.5,0.0,471.0
37725,C. Kouyaté,West Ham United,England,midfielder,2,-0.006643116680086949,-0.024113401786773157,0.008658150273249048,447.0,0.0,472.0
4015,Pablo Sarabia,Sevilla,Spain,midfielder,6,-0.006690485558360299,-0.02203830326900328,0.006227941758000218,449.0,0.0,473.0
14802,M. Bakalorz,Hannover 96,Germany,midfielder,0,-0.0067567799152815754,-0.023041343129692065,0.007290357063311682,465.5,0.0,474.0
372752,Carlos Soler,Valencia,Spain,midfielder,1,-0.006955202890916758,-0.01807450140933572,0.002635265363235351,461.0,0.0,475.0
25861,J. Guilavogui,Wolfsburg,Germany,midfielder,3,-0.007064000767913551,-0.026042818960112207,0.007022136968938759,450.0,0.0,476.0
20655,L. Rigoni,Genoa,Italy,midfielder,2,-0.007179677774434552,-0.01670252381816984,0.0033197290805165014,469.0,0.0,477.0
8981,W. Hughes,Watford,England,midfielder,2,-0.007213781471626806,-0.019896363442686468,0.008080036247335944,460.5,0.0,478.0
174,F. Đuričić,Benevento,Italy,midfielder,0,-0.007292728706508526,-0.020383329703362315,0.008464144540105686,467.0,0.0,479.0
372915,A. Harit,Schalke 04,Germany,midfielder,3,-0.007348275944847937,-0.017208031438635744,0.0028092454431759644,468.0,0.0,480.0
391606,T. Ito,Hamburger SV,Germany,midfielder,0,-0.007498234974819384,-0.014928791636780785,0.00019904784452708736,467.0,0.0,481.0
223560,L. Öztunali,Mainz 05,Germany,midfielder,0,-0.007553185304471687,-0.013192721555205962,-0.0007314409956966119,468.0,0.0,482.0
105378,Y. Konoplyanka,Schalke 04,Germany,midfielder,4,-0.0075600440932382,-0.01564332818845175,0.0013570636433618056,471.0,0.0,483.0
6370,Eraso,Leganés,Spain,midfielder,4,-0.007832190507844559,-0.023150633378644644,0.006451140200489813,471.0,0.0,484.0
28115,N. Fekir,Olympique Lyonnais,France,midfielder,18,-0.00810747540141114,-0.019851175272061823,0.001935520440077146,473.5,0.0,485.0
7934,J. Lingard,Manchester United,England,midfielder,8,-0.00819748995680983,-0.023869001974412454,0.005181685634559821,481.0,0.0,486.0
77548,J. Allen,Stoke City,England,midfielder,2,-0.008299616930419921,-0.026981382213971016,0.012186175167306652,471.0,0.001,487.0
30427,J. Marié,Dijon,France,midfielder,1,-0.008312631288973943,-0.018870913195614226,0.0008527180319826725,475.0,0.0,488.0
344075,Iñigo Córdoba,Athletic Club,Spain,midfielder,1,-0.008429388943580704,-0.02295921058066993,0.005724885956477689,477.5,0.0,489.0
134397,S. Gnabry,Hoffenheim,Germany,midfielder,10,-0.00847474529585936,-0.02140706081175484,0.005468016445692782,482.0,0.0,490.0
21383,M. Verratti,PSG,France,midfielder,0,-0.008520516301770848,-0.03402602696609876,0.006165358269987923,470.0,0.0,491.0
245364,L. Sané,Manchester City,England,midfielder,10,-0.008576283294995168,-0.020480040532870593,0.0033016956406984174,485.0,0.0,492.0
8116,N. Redmond,Southampton,England,midfielder,1,-0.00867019032780675,-0.03313566816208754,0.0087280729963111,478.0,0.0,493.0
15191,Y. Mallı,Wolfsburg,Germany,midfielder,5,-0.00875053626302669,-0.020797634750654707,0.0020173412470135287,484.5,0.0,494.0
342743,L. Tousart,Olympique Lyonnais,France,midfielder,0,-0.008775440152842536,-0.030970833281476165,0.009608548259022196,475.0,0.0,495.0
8980,J. Hendrick,Burnley,England,midfielder,2,-0.008832629802652196,-0.023722825027312107,0.005448888701047044,485.5,0.0,496.0
8623,J. McArthur,Crystal Palace,England,midfielder,5,-0.008879768746471178,-0.02918824952389992,0.009065847549611669,472.0,0.0,497.0
15487,J. Haberer,Freiburg,Germany,midfielder,3,-0.008951611146546863,-0.017666997808086254,0.000172199044576908,489.0,0.0,498.0
26512,M. Dossevi,Metz,France,midfielder,1,-0.009120501277423752,-0.016694508887187525,-0.002028913288586247,489.0,0.0,499.0
8290,A. Pritchard,Huddersfield Town,England,midfielder,1,-0.00913209001358491,-0.02748220948042164,0.00904929878405956,492.0,0.001,500.0
20438,D. De Rossi,Roma,Italy,midfielder,1,-0.009449276549075543,-0.03401140408304456,0.008806671107084855,478.0,0.0,501.0
165425,D. Kohr,Bayer Leverkusen,Germany,midfielder,1,-0.009537374746594822,-0.045108771728075134,0.0175202790745635,469.5,0.001,502.0
146583,J. Brandt,Bayer Leverkusen,Germany,midfielder,9,-0.009600756495518548,-0.0232876443392401,0.0019130482627711535,487.0,0.0,503.0
8291,Sandro,Benevento,Italy,midfielder,1,-0.009614848631436792,-0.05476769111174482,0.03341735121710229,483.5,0.038,504.0
225089,José Luis Morales,Levante,Spain,midfielder,10,-0.009638895368835217,-0.017082754378860723,-0.002912765192863179,492.0,0.0,505.0
25440,J. Pastore,PSG,France,midfielder,4,-0.009716606199382936,-0.018131348034939945,-0.0019125690488633854,497.0,0.0,506.0
20468,E. Giaccherini,Chievo,Italy,midfielder,3,-0.009726932889656429,-0.026426996473253653,0.004496102339445158,494.0,0.0,507.0
20689,G. Ramírez,Sampdoria,Italy,midfielder,3,-0.009742529597624875,-0.024480490919283136,0.005170734106550384,495.5,0.0,508.0
230020,A. Iwobi,Arsenal,England,midfielder,3,-0.009750271480763198,-0.018472376674436748,-0.00305037908923463,489.0,0.0,509.0
335763,J. Sambia,Montpellier,France,midfielder,1,-0.009807481698650696,-0.023989731392450395,0.005365344211325602,496.5,0.0,510.0
20414,M. Valoti,Hellas Verona,Italy,midfielder,3,-0.009851152547926388,-0.02203507094807835,0.0006511367501518309,495.0,0.0,511.0
330387,M. Coco,Guingamp,France,midfielder,2,-0.009859550206528291,-0.01970700277462253,0.001737607085250182,496.0,0.0,512.0
28291,T. Bakayoko,Chelsea,England,midfielder,2,-0.009864161140156499,-0.019523171600730995,-0.0012309148056766392,498.0,0.0,513.0
273819,Xeka,Dijon,France,midfielder,2,-0.010022751960700694,-0.024380999971038105,0.002471007247019528,493.0,0.0,514.0
209028,A. Thomasson,Nantes,France,midfielder,5,-0.01008364359237875,-0.017883641909983376,-0.002630421541159711,502.0,0.0,515.0
105338,H. Mkhitaryan,Manchester United,England,midfielder,3,-0.010103910122803752,-0.017970317192421436,-0.001748708164092238,498.0,0.0,516.0
25623,G. Kondogbia,Valencia,Spain,midfielder,4,-0.010194199042607795,-0.020704551927680438,-0.0003450068300707563,500.0,0.0,517.0
22323,L. Memushaj,Benevento,Italy,midfielder,0,-0.010226132888745774,-0.020108952040002973,0.00013469154900919026,503.0,0.0,518.0
15781,Ja-Cheol Koo,Augsburg,Germany,midfielder,2,-0.010511675281818946,-0.025203685496830174,0.003264159236239169,504.0,0.0,519.0
25461,R. Boudebouz,Real Betis,Spain,midfielder,2,-0.010535196231481421,-0.021619501641412704,0.00024664784345715147,501.5,0.0,520.0
20938,V. Behrami,Udinese,Italy,midfielder,1,-0.010644174930028031,-0.025872361162660635,0.0038052450986566606,504.0,0.0,521.0
43515,Andrei Girotto,Nantes,France,midfielder,1,-0.010679161783002438,-0.037132539988588203,0.011121444138360345,503.0,0.0,522.0
9414,M. Phillips,West Bromwich Albion,England,midfielder,2,-0.01129742448728057,-0.027352787029751247,0.004323328093375182,513.0,0.0,523.0
256084,Kwon Chang-Hoon,Dijon,France,midfielder,11,-0.011318431321808892,-0.02539869482950129,0.0015936284061423363,514.0,0.0,524.0
20816,É. Barreto,Sampdoria,Italy,midfielder,1,-0.01143865964346949,-0.025509133625763576,0.003381168445146538,516.5,0.0,525.0
16432,Caiuby,Augsburg,Germany,midfielder,5,-0.011506066180465492,-0.024957634624824834,0.0009979307059425997,513.0,0.0,526.0
327009,Walace,Hamburger SV,Germany,midfielder,1,-0.011553231397910351,-0.023817291603237624,0.0014340388107680433,517.5,0.0,527.0
395114,Zubeldía,Real Sociedad,Spain,midfielder,1,-0.011625373113605912,-0.0618391107573674,0.0193759705027054,483.0,0.002,528.0
241945,P. Sisto,Celta de Vigo,Spain,midfielder,5,-0.011640147470950058,-0.028081762650819724,-0.00019318084849094416,508.0,0.0,529.0
25804,M. Sissoko,Tottenham Hotspur,England,midfielder,1,-0.01167696215425618,-0.02791337464375236,0.0005025746371017611,508.0,0.0,530.0
14812,I. Perišić,Internazionale,Italy,midfielder,11,-0.011830400984102544,-0.023836556721192288,0.0011358701681326519,513.5,0.0,531.0
173,R. van La Parra,Huddersfield Town,England,midfielder,3,-0.011834809495890998,-0.023039096161821086,-0.002396996607324612,512.0,0.0,532.0
207001,J. Correa,Sevilla,Spain,midfielder,1,-0.01183705883453009,-0.02777432653243668,0.003615197969536481,515.0,0.0,533.0
4014,Pedro León,Eibar,Spain,midfielder,0,-0.011841884601793189,-0.02785847097698945,0.003299025944809293,517.0,0.0,534.0
43196,Somália,Toulouse,France,midfielder,1,-0.012090833117212279,-0.0324391455464632,0.011335875004298767,521.0,0.0,535.0
93044,S. Darbion,Troyes,France,midfielder,3,-0.012094861641589159,-0.026797679072667675,0.0016610901899558703,521.0,0.0,536.0
247220,Jason,Levante,Spain,midfielder,1,-0.012127462200198174,-0.027523626925794104,0.0009369841467388136,518.0,0.0,537.0
3645,Chory Castro,Málaga,Spain,midfielder,4,-0.01231499082016906,-0.03520196995497985,0.0016357550799980553,510.0,0.0,538.0
265673,Bernardo Silva,Manchester City,England,midfielder,6,-0.012341754590870469,-0.027066008037896064,-0.0007054264791044114,514.0,0.0,539.0
5195,Omar Ramos,Leganés,Spain,midfielder,0,-0.012349553483589093,-0.02688315861370711,0.0005148465219234862,517.0,0.0,540.0
20404,B. Cristante,Atalanta,Italy,midfielder,9,-0.0125742749426993,-0.02529032555965602,-0.0007332117746267747,523.0,0.0,541.0
7870,A. Ramsey,Arsenal,England,midfielder,7,-0.01273617730866981,-0.02096341259510973,-0.004195801618203504,523.0,0.0,542.0
3843,F. Orellana,Eibar,Spain,midfielder,3,-0.012744671124570516,-0.030082827308095986,0.001146773220748017,524.0,0.0,543.0
22383,A. Duncan,Sassuolo,Italy,midfielder,0,-0.013162633791547576,-0.027919967963129774,0.002594315028099234,533.5,0.0,544.0
70834,Guilherme,Benevento,Italy,midfielder,2,-0.013181577719556685,-0.03722210206221674,0.0013634512046896705,519.0,0.0,545.0
20749,A. Bertolacci,Genoa,Italy,midfielder,1,-0.013263361502928084,-0.026902515641902915,-0.0010929697793858894,530.0,0.0,546.0
412897,Dani Raba,Villarreal,Spain,midfielder,2,-0.013351004714844785,-0.03378148458869187,0.006788872135699224,518.0,0.0,547.0
50073,A. Ioniţă,Cagliari,Italy,midfielder,0,-0.01337274730408421,-0.026250411867681324,-0.00027188738554648586,527.0,0.0,548.0
14836,T. Inui,Eibar,Spain,midfielder,5,-0.013379949204218578,-0.02383312162236932,-0.006003780113978456,528.0,0.0,549.0
399676,Pablo Fornals,Villarreal,Spain,midfielder,3,-0.013553366406138585,-0.023742692247670023,-0.006293348425485841,530.0,0.0,550.0
18591,J. Hofmann,Borussia M'gladbach,Germany,midfielder,0,-0.013569234791999693,-0.03634793988856734,0.008522079565942581,533.0,0.0,551.0
26381,B. Corgnet,Strasbourg,France,midfielder,0,-0.013639907638506225,-0.035434605430981536,0.0044564716233555,523.0,0.0,552.0
21894,Keko,Málaga,Spain,midfielder,0,-0.01437445840231757,-0.02580980712466289,-0.002658902987133352,538.0,0.0,553.0
22380,M. Benassi,Fiorentina,Italy,midfielder,5,-0.014388330888986741,-0.03073505853840246,-0.0014787900601927028,535.0,0.0,554.0
51013,R. Quaison,Mainz 05,Germany,midfielder,4,-0.014429520042606322,-0.0347143131115345,0.007422008941786399,535.0,0.0,555.0
14806,M. Götze,Borussia Dortmund,Germany,midfielder,2,-0.01448577910118009,-0.021682137491959276,-0.007899771983979932,536.5,0.0,556.0
265865,S. Milinković-Savić,Lazio,Italy,midfielder,12,-0.014933765111716653,-0.025827600891770715,-0.004516746590513037,538.0,0.0,557.0
208089,I. Fossum,Hannover 96,Germany,midfielder,1,-0.014993691336932843,-0.02557590637582476,-0.0030207068399844567,540.0,0.0,558.0
26604,Y. Salibur,Guingamp,France,midfielder,3,-0.015226139671725208,-0.030394297070646607,-0.0018656294168777107,542.0,0.0,559.0
21350,M. Parolo,Lazio,Italy,midfielder,4,-0.01527734989655505,-0.030871353071501826,0.0011707217658534347,547.0,0.0,560.0
8284,A. Lennon,Burnley,England,midfielder,0,-0.015408538305952995,-0.03670945253038656,0.0027683585738217205,540.0,0.0,561.0
15317,L. Bittencourt,Köln,Germany,midfielder,5,-0.015457924456950533,-0.027703067252991133,-0.004960016489925815,543.0,0.0,562.0
209086,M. Sanson,Olympique Marseille,France,midfielder,8,-0.015497514629699508,-0.025577587013428334,-0.005406283848828399,543.0,0.0,563.0
7936,P. Pogba,Manchester United,England,midfielder,6,-0.015637020134377597,-0.03513066518137025,-0.002904748333426417,543.0,0.0,564.0
43051,Gabriel,Leganés,Spain,midfielder,5,-0.01579081502418212,-0.027763914304933218,-0.005288242487461449,545.0,0.0,565.0
14786,K. Bellarabi,Bayer Leverkusen,Germany,midfielder,1,-0.015971061644747583,-0.02534077594646844,-0.005231243202554115,546.0,0.0,566.0
20623,R. Soriano,Villarreal,Spain,midfielder,0,-0.016013720270110766,-0.03272837483965848,0.0007209265878289395,547.0,0.0,567.0
207164,B. N'Diaye,Stoke City,England,midfielder,2,-0.016043073830517156,-0.0415876956726687,0.005334464118096972,547.0,0.0,568.0
265172,A. Barák,Udinese,Italy,midfielder,7,-0.01611672205461436,-0.02987187586532924,-0.005594828337598431,547.0,0.0,569.0
16027,F. Bartels,Werder Bremen,Germany,midfielder,2,-0.016336710452680106,-0.034454632369107785,0.0008073360852005419,551.0,0.0,570.0
261127,A. Januzaj,Real Sociedad,Spain,midfielder,3,-0.017004134054486312,-0.03005309838889703,-0.0043793812548498035,553.0,0.0,571.0
20823,F. Vázquez,Sevilla,Spain,midfielder,4,-0.01715035670265479,-0.04435564298594204,0.002145469999507231,554.0,0.0,572.0
3538,M. Wakaso,Deportivo Alavés,Spain,midfielder,0,-0.017390857579130812,-0.05780066277995346,0.015031128803734509,539.0,0.0,573.0
353236,T. Davies,Everton,England,midfielder,2,-0.017505918261927413,-0.041685361888166475,0.0007159510978467052,552.5,0.0,574.0
447804,F. Chiesa,Fiorentina,Italy,midfielder,6,-0.017918351966426493,-0.02506060018613887,-0.010332801341629033,559.0,0.0,575.0
127796,F. Kostić,Hamburger SV,Germany,midfielder,5,-0.018162784349504576,-0.029552523581648223,-0.007053208673736059,559.0,0.0,576.0
3705,Adrián,Málaga,Spain,midfielder,3,-0.018659393944229583,-0.03949972019886077,-0.0006196521889497834,556.5,0.0,577.0
99902,P. Zieliński,Napoli,Italy,midfielder,4,-0.019362184518332135,-0.03174180702947157,-0.006862827023993872,564.0,0.0,578.0
3318,S. Khedira,Juventus,Italy,midfielder,9,-0.019576294149099973,-0.03959583113454541,-0.0034836789204934072,566.0,0.0,579.0
279555,Iván Alejo,Eibar,Spain,midfielder,1,-0.02019700937093484,-0.038697578129814635,-0.0047010614540405225,564.0,0.0,580.0
135913,Rony Lopes,Monaco,France,midfielder,15,-0.02031081364884843,-0.03154419168240283,-0.008649616942685689,567.5,0.0,581.0
360992,D. Zakaria,Borussia M'gladbach,Germany,midfielder,2,-0.02126033551766014,-0.06267109260166738,0.005700574459897538,563.0,0.0,582.0
116171,João Pedro,Cagliari,Italy,midfielder,5,-0.021577746336748756,-0.03507914159701321,-0.0051312086619390955,572.0,0.0,583.0
20653,P. Hetemaj,Chievo,Italy,midfielder,3,-0.021629185773650837,-0.055575692764281884,-0.002221819662350308,566.0,0.0,584.0
229124,A. Hunou,Rennes,France,midfielder,5,-0.021940428677285437,-0.05924330866678727,0.0015537575382900371,561.5,0.0,585.0
21169,B. Džemaili,Bologna,Italy,midfielder,1,-0.022845863752347078,-0.05015488232234834,-0.0017814876533311277,575.0,0.0,586.0
391530,C. Pulisic,Borussia Dortmund,Germany,midfielder,4,-0.024366867977313435,-0.03537240197338715,-0.014954842758053602,579.0,0.0,587.0
25776,W. Khazri,Rennes,France,midfielder,9,-0.024394234441187834,-0.039317857776958995,-0.010275626828633972,580.0,0.0,588.0
383,D. Tadić,Southampton,England,midfielder,6,-0.02494986753142143,-0.04084065378763032,-0.011569898550944636,579.0,0.0,589.0
51145,O. Hiljemark,Genoa,Italy,midfielder,0,-0.025445375041248174,-0.09382012405505943,0.016206446489948956,574.5,0.001,590.0
285109,F. Kessié,Milan,Italy,midfielder,5,-0.025563241740889756,-0.04428396725000995,-0.010776904511331724,580.0,0.0,591.0
448079,I. Sarr,Rennes,France,midfielder,5,-0.025696940785597238,-0.045423302933294364,-0.009723121538019752,581.0,0.0,592.0
355599,Mikel Oyarzabal,Real Sociedad,Spain,midfielder,12,-0.02834519695826974,-0.041284315943164826,-0.015615547200472524,585.0,0.0,593.0
13484,D. Alli,Tottenham Hotspur,England,midfielder,9,-0.031131376546033335,-0.05400921004311374,-0.014515691439107963,589.0,0.0,594.0
11294,S. Arfield,Burnley,England,midfielder,2,-0.036459443705294046,-0.0777579733759419,-0.007036466493283214,592.0,0.0,595.0
3503,Raúl García,Athletic Club,Spain,midfielder,10,-0.03876207417220241,-0.05934339219143745,-0.01988356699523992,594.0,0.0,596.0
8422,W. Zaha,Crystal Palace,England,midfielder,9,-0.039438234075343054,-0.06876960675010761,-0.021079347406523213,594.0,0.0,597.0
3287,Portu,Girona,Spain,midfielder,11,-0.040369521277423714,-0.053450034400957955,-0.029102060704717967,595.0,0.0,598.0
