player_id,n_actions,n_matches,goals,V_sum,V_sym_sum,vaep_sum,position_group,league,mean_leverage,high_leverage_share,CPI,CPI_sym,VAEP,n_chasing,CPI_chasing,n_level,CPI_level,n_protecting,CPI_protecting,team_id,name,team,qualified,rank,rank_in_position
206314,1003,34,29,11.065593808991823,12.569622000702982,18.90223649895266,forward,Italy,1.0442762954451015,0.010967098703888335,0.6178197939217768,0.7017934516843141,1.0553591664420228,128,,531,0.6793044283731214,344,0.43207470369700285,3161,M. Icardi,Internazionale,True,1.0,1.0
21174,940,32,28,8.34084671776151,9.451890009685178,18.302882216473453,forward,France,0.8772382808101216,0.00425531914893617,0.4969015065900474,0.5630913197259255,1.090384472470759,52,,382,0.687756333643285,506,0.20399087453419593,3767,E. Cavani,PSG,True,2.0,2.0
21384,1525,33,29,11.71311464192228,13.058678107031136,23.016083684811328,forward,Italy,0.9493061844680794,0.003278688524590164,0.4301209311132116,0.47953178622540565,0.8451807779340553,170,,753,0.4906085576114273,602,0.351295968480441,3162,C. Immobile,Lazio,True,3.0,3.0
69411,1541,34,13,11.357611630388227,13.475569988290554,13.812768495120487,forward,Germany,0.9787281348010818,0.0,0.4127360488655034,0.48970273805598374,0.5019565449232624,336,0.18631715008090843,697,0.7932010855896026,508,0.040477425627170396,2482,A. Kramarić,Hoffenheim,True,4.0,4.0
12829,1257,37,20,8.573913450417228,8.761351321736129,13.673308950783156,forward,England,1.031526408644489,0.0,0.3819722778228837,0.3903227319150543,0.6091529842831,300,0.2570874642169357,605,0.6994620571832569,352,-0.057277359765870166,1631,J. Vardy,Leicester City,True,5.0,5.0
14734,1386,32,15,9.337839942462812,10.858394352860985,11.306009709528775,forward,Germany,1.060207439490739,0.0,0.37728646232172985,0.4387230041559994,0.4568084731122737,374,0.4066729420497538,768,0.4198900968822268,244,0.198146565761309,2453,N. Petersen,Freiburg,True,6.0,6.0
8326,1529,28,18,10.033512674247957,10.896149688914841,11.372897165415061,forward,France,0.9950531641770426,0.0,0.36747986249698206,0.3990741547280779,0.4165351479811926,352,0.38762581819994857,648,0.6530076016371388,529,0.004316627392510049,3775,M. Balotelli,Nice,True,7.0,7.0
4131,1182,33,13,7.7504825778345845,9.721606587556801,10.080668054255062,forward,Spain,1.034738025793541,0.0,0.36719714412752685,0.46058373003653197,0.4775951024012551,227,0.8081783856568353,676,0.3904855044785368,279,-0.048020323343568865,698,Ángel,Getafe,True,8.0,8.0
25577,751,23,8,4.877475802183734,6.2715746483655765,6.85990247640679,forward,Spain,0.8615383743927275,0.0,0.3636999266608377,0.4676540350312547,0.5115240195456462,336,0.028167825183151248,272,0.8371254750263495,143,,714,L. Rémy,Las Palmas,True,9.0,9.0
395636,1545,36,18,9.905260915947679,10.270877158335225,11.65423586308569,forward,Spain,0.9632833584983173,0.0,0.3590256383773916,0.3722777481338334,0.4224189050697726,445,0.41103582215431705,712,0.49684564348666266,388,0.04646796977292546,692,Maxi Gómez,Celta de Vigo,True,10.0,10.0
5268,957,31,11,5.968580685253385,7.468255637559399,7.367376024066964,forward,Spain,1.0148266041042537,0.0,0.3492586398894353,0.43701391400556566,0.43111082272492157,245,0.06908583089655199,464,0.6585447954791641,248,0.04737784154113766,684,Sergio León,Real Betis,True,11.0,11.0
8278,1376,26,16,8.504065560463848,8.221704785350834,13.812752342249807,forward,Spain,0.9646344930062711,0.0,0.34609569141422636,0.33460426452009207,0.5621468976497014,65,,679,0.49563586341725413,632,0.09816531237242881,675,G. Bale,Real Madrid,True,12.0,12.0
89186,2207,33,22,13.59151442309641,16.24491740564569,19.106543083875966,forward,Italy,1.0035039162337012,0.0036248300860897147,0.34486851277453506,0.4121954575061888,0.48480580548122065,152,,1014,0.5727288589670427,1041,0.12971715833716285,3159,P. Dybala,Juventus,True,13.0,13.0
120353,2114,36,32,12.92006011970547,15.682679645986186,23.84792790201705,forward,England,0.9382687423665154,0.0,0.3422532482041184,0.41543522241023007,0.6317331894574053,309,0.15848263580296001,908,0.5920193362392321,897,0.15272984942605225,1612,Mohamed Salah,Liverpool,True,14.0,14.0
8717,1815,37,29,11.085975378368717,12.640543314499606,18.634179488942127,forward,England,0.9615335570389064,0.0,0.34204662324443424,0.39001125378070406,0.5749388712841649,308,0.4703834377256558,736,0.5167979851658819,771,0.12396005873807658,1624,H. Kane,Tottenham Hotspur,True,15.0,15.0
246061,741,22,4,4.206158696066793,4.309796535283227,3.961052685156653,midfielder,Italy,0.9883155805792541,0.0,0.31787434140315846,0.32570662075014944,0.299350810214268,45,,324,0.6844947867405269,372,0.03736744379621191,3159,F. Bernardeschi,Juventus,True,16.0,1.0
7941,820,27,8,4.608791037490224,4.851148812441846,6.578066867956855,forward,England,0.9080146171422446,0.0,0.31474670499933244,0.33129796767895525,0.44923383488485835,359,0.5638488406011042,378,0.15960506450308173,83,,1633,J. Hernández,West Ham United,True,17.0,16.0
256084,1471,34,11,8.22225872794577,9.468421553601615,9.102756074150948,midfielder,France,0.9601020462642557,0.002719238613188307,0.3130159678891659,0.36045656492297107,0.3465359212457193,490,0.30590559217191143,651,0.45300852919058987,330,0.047406654841371215,3804,Kwon Chang-Hoon,Dijon,True,18.0,2.0
149054,1027,29,9,5.709247899785286,7.05702888979343,7.931310458957709,forward,France,0.9756609226000051,0.005842259006815969,0.31131244633688027,0.3848039121990575,0.43247651967052747,307,0.2565016952730215,478,0.4605147100685847,242,0.08613979556353282,3804,W. Saïd,Dijon,True,19.0,17.0
25867,1238,29,23,6.879165882768655,7.137271605730725,15.447852347164101,forward,England,0.8746849083848769,0.0,0.31117390099761283,0.3228491194837808,0.6987719963176007,258,0.6744773613041288,459,0.382141566303046,521,0.06874309267846708,2447,P. Aubameyang,Borussia Dortmund,True,20.0,18.0
20479,1431,35,19,7.899007520236098,9.002184691226251,14.029744717511962,forward,Italy,0.9637403451725426,0.0034940600978336828,0.3091155982761855,0.3522867524169602,0.5490326374428162,304,0.24389923555840212,700,0.32561148722145616,427,0.32850354208067434,3164,F. Quagliarella,Sampdoria,True,21.0,19.0
5167,1176,34,18,6.420002925721486,6.360572504417464,12.975938960231238,forward,France,0.9639174056877476,0.003401360544217687,0.30571442503435653,0.3028844049722602,0.6179018552491066,141,,481,0.5401491074096444,554,0.11059307504815166,3766,Mariano Díaz,Olympique Lyonnais,True,22.0,20.0
15292,1319,31,14,7.171466858163072,9.497722338978178,9.873685631484303,forward,Germany,0.9747256192353845,0.0,0.3044747111881213,0.40323915919846703,0.41920120952473156,234,0.33919758796818167,618,0.5139841556523563,467,0.009823769334949333,2482,M. Uth,Hoffenheim,True,23.0,21.0
4358,864,17,2,4.638718439400437,5.1193104420583575,3.7719541408759136,defender,Spain,1.0285262976095884,0.0,0.3006576766278061,0.3318071582815602,0.24447850913084626,186,,456,0.40661278300714765,222,0.36475219437651885,696,Laguardia,Deportivo Alavés,True,24.0,1.0
135913,1786,38,15,9.544914132259361,10.595224942000614,14.18425743856925,midfielder,France,0.9448098794625372,0.0022396416573348264,0.29928062228808744,0.33221310008512567,0.4447471537289351,251,0.43490955376732265,841,0.4796194272325538,694,0.03169013704372987,19830,Rony Lopes,Monaco,True,25.0,3.0
3682,1745,32,19,9.285102697662357,11.05250686232074,16.813969425884142,forward,Spain,1.0445766850210403,0.0,0.29797464244647104,0.35469362996559395,0.5395887036386888,118,,938,0.40107431971270113,689,0.14265425067824297,679,A. Griezmann,Atlético Madrid,True,26.0,22.0
25776,1457,24,9,7.747453940238686,8.787196229606826,6.852264068827671,midfielder,France,1.158235799512422,0.008922443376801648,0.29777448226037506,0.33773712344405094,0.2633677335994163,198,,938,0.43268092424035265,321,-0.00711909669194924,3774,W. Khazri,Rennes,True,27.0,4.0
3322,1483,27,26,7.806250337426844,9.272797648435215,15.658493976321893,forward,Spain,1.0045509919864835,0.0,0.29477411928247016,0.3501528444452947,0.5912850051746635,95,,761,0.3996017759522614,627,0.11430680532541045,675,Cristiano Ronaldo,Real Madrid,True,28.0,23.0
62224,1477,26,5,7.634369722939765,9.372942734286484,8.105509486262708,midfielder,England,0.998657522594648,0.0,0.2894547762252044,0.35537223637105153,0.30731789521375197,627,0.06958218714333134,690,0.5411830966394504,160,,1659,R. Fraser,AFC Bournemouth,True,29.0,5.0
3359,3254,36,34,16.721088575267828,20.40480295965006,31.552008922453087,forward,Spain,0.9384491395425892,0.0,0.2877630486216959,0.35115825622016084,0.5429970804109935,266,0.36055372899831645,1416,0.4463697566901274,1572,0.1325789394581589,676,L. Messi,Barcelona,True,30.0,24.0
279780,839,25,9,4.310140800882369,4.646021322611821,7.489260632945145,forward,Germany,0.9251930286301433,0.0,0.2876852024426849,0.3101039261814803,0.49987913640635057,130,,320,0.6242387799038744,389,0.09973187309903575,2975,J. Augustin,RB Leipzig,True,31.0,25.0
27354,1251,26,12,6.420727776143449,6.3423010926261645,7.140769640624859,forward,France,1.107469303801564,0.007993605115907274,0.28741866943567795,0.2839079625795885,0.3196507592925596,295,0.40762166772939273,635,0.40837647720767845,321,-0.06232616680066516,3804,Júlio Tavares,Dijon,True,32.0,26.0
3714,1446,33,21,7.351203529257241,6.890479267951326,11.776728385453094,forward,Spain,1.0281056371721835,0.0,0.2846939126130052,0.2668512026315866,0.45608353359984316,329,0.2817118799929399,658,0.47164190490707697,459,0.018831842465951095,756,C. Stuani,Girona,True,33.0,27.0
20468,768,17,3,3.901852651405636,5.081825021076614,3.9283302967311418,midfielder,Italy,1.1138836084009767,0.0026041666666666665,0.28451008916499426,0.37054974112016975,0.28644075080331244,117,,431,0.39902130929816226,220,-0.02047191989815717,3165,E. Giaccherini,Chievo,True,34.0,6.0
118,2292,36,19,11.63191298752052,14.029611008795792,18.176572197885232,forward,France,0.9476111256980929,0.005235602094240838,0.28420031732161827,0.3427828169688326,0.44410473083838264,391,0.2764598795531051,823,0.5640397684083939,1078,0.07336417903133292,3766,M. Depay,Olympique Lyonnais,True,35.0,28.0
8959,935,19,5,4.699790916868467,6.1577635711562575,5.645838034661461,midfielder,England,1.071808558062328,0.0,0.28148480357714883,0.36880722993021436,0.3381464491348041,283,0.12821073376069758,492,0.3665883429241209,160,,1659,J. Stanislas,AFC Bournemouth,True,36.0,7.0
49872,2121,36,8,10.604787394478576,11.00466556540048,12.428886650989323,midfielder,England,1.086618288485511,0.0,0.27999438665289966,0.2905522261491876,0.328155423128431,608,0.3950558843926272,1191,0.28868343732426655,322,0.03059671592199227,1639,X. Shaqiri,Stoke City,True,37.0,8.0
350032,869,26,7,4.306044927665491,4.538832631865764,6.371475321343767,forward,Italy,1.073874467439451,0.009205983889528193,0.27748966162171174,0.2924909406035475,0.41058989412572033,76,,430,0.4489770564647935,363,0.030743149483184764,3158,C. Ünder,Roma,True,38.0,29.0
7972,1915,33,25,9.456121539364698,10.218515703030999,14.5136405280357,forward,Spain,0.9552267114293177,0.0,0.27652365859238803,0.2988182137700971,0.42441977523237556,211,0.7211602318174928,861,0.4299526373870207,843,0.008527611507363296,676,L. Suárez,Barcelona,True,39.0,30.0
37831,1099,35,15,5.395363811329547,6.374546880297099,11.302484991096778,forward,Spain,0.9553031359765372,0.0,0.27492299675564574,0.3248176754291516,0.5759228020941033,238,0.31499967337272033,501,0.2812331170012412,360,0.23964627653923715,682,C. Bacca,Villarreal,True,40.0,31.0
28115,2377,30,18,11.567306905008433,12.332094278378547,17.042886041115885,midfielder,France,0.9824602333758963,0.008413967185527976,0.272515434026282,0.2905331424439203,0.40151519491059723,408,0.15052810733718394,941,0.525238581045164,1028,0.08959553903054657,3766,N. Fekir,Olympique Lyonnais,True,41.0,9.0
388267,1883,30,10,9.146261154391086,9.566211224951845,11.95049852798443,forward,Germany,1.0196628070189522,0.0,0.27200776667334087,0.2844969881026571,0.3554051606835518,433,0.3996820578561715,962,0.3257461613882183,488,0.052787881841624106,2446,L. Bailey,Bayer Leverkusen,True,42.0,32.0
25716,1672,35,15,8.070390586970086,8.290148589815722,10.2780766504555,forward,France,0.9679568280970877,0.0005980861244019139,0.27030016319995503,0.2776604790847371,0.3442418016898971,543,0.26761156650352075,824,0.3578727787083148,305,0.03849712328938267,3777,N. Roux,Metz,True,43.0,33.0
8325,1280,25,21,6.102721038385405,6.887517228693772,13.062685076481515,forward,England,0.8933262449202711,0.0,0.26699404542936145,0.3013288787553525,0.5714924720960662,97,,515,0.6154943132692736,668,0.06658584711810622,1625,S. Agüero,Manchester City,True,44.0,34.0
134397,1077,22,10,5.102139045627227,5.788695944858416,9.761328367913235,midfielder,Germany,1.0433218477834967,0.0,0.2652922809239784,0.3009906897976521,0.507552821358534,138,,630,0.15796727771056532,309,0.4447504405516971,2482,S. Gnabry,Hoffenheim,True,45.0,10.0
7904,1355,31,12,6.329263861914225,7.194729003311068,9.165309760941321,forward,Germany,1.0125550682146771,0.0,0.2615784326695178,0.297346733716177,0.37878770967727965,369,0.501374564635839,687,0.12643112708193788,299,0.2761651425126447,2457,S. Kalou,Hertha BSC,True,46.0,35.0
25472,767,15,9,3.5797403840911546,3.635153987500486,6.656055812682319,forward,Spain,1.0466155678268445,0.0,0.26136305281499955,0.26540889608869256,0.4859701766756322,78,,461,0.3441016665025985,228,0.2124539059991198,682,C. Bakambu,Villarreal,True,47.0,36.0
14817,1334,30,29,6.16404267387847,8.25202814421774,15.922610757082595,forward,Germany,0.8364125922902607,0.0,0.2587604120968473,0.3464119760691105,0.6684154440754313,146,,562,0.3127962840966242,626,0.2730020223700437,2444,R. Lewandowski,Bayern München,True,48.0,37.0
26638,2034,37,17,9.37856958126935,10.259732407693532,11.160480387215229,forward,France,0.9821794646845381,0.006391347099311701,0.2582103719523518,0.28247050876639024,0.30726986316816757,767,0.16301835201423584,792,0.49083704019123414,475,0.02404607310464676,3799,K. Toko Ekambi,Angers,True,49.0,38.0
30437,1175,22,7,5.412752509561421,5.54063014860207,8.105645408941589,midfielder,France,0.9535549846065002,0.00425531914893617,0.25796948130675706,0.2640640751674178,0.3863116109793438,508,0.05420271730674517,502,0.5391993095797448,165,,3777,F. Mollet,Metz,True,50.0,11.0
333913,1151,29,12,5.289357439812384,5.801474073970539,7.487928272510532,forward,Italy,0.9528330674747938,0.006081668114682885,0.2573449319109413,0.2822611191506083,0.36431275695967835,320,0.3051133787197341,470,0.3740630905468091,361,0.06304178083705891,3163,K. Lasagna,Udinese,True,51.0,39.0
382,821,26,6,3.702978067437797,4.42351901383456,4.256923076138237,forward,France,0.9947927718439215,0.0,0.25257828474606164,0.30172602286813077,0.29036259715437424,292,-0.1059001319503597,392,0.5002101947043782,137,,3795,Suk Hyun-Jun,Troyes,True,52.0,40.0
134399,1197,27,10,5.383027018153093,5.90651213913089,7.0351653386536706,forward,Germany,1.0071293124870564,0.0,0.25183752131710374,0.27632805329267324,0.32913054215923604,321,0.4109659246182343,584,0.29519461775054584,292,-0.009808923123968463,2457,D. Selke,Hertha BSC,True,53.0,41.0
25700,1227,15,4,5.514960186500801,6.545881286758518,5.885083084097391,defender,France,1.0750641982164717,0.004889975550122249,0.2517015244042745,0.29875252816501796,0.26859384898896,292,0.18894428943467667,553,0.41945197258799133,382,0.056830097088900765,3782,M. Debuchy,Saint-Étienne,True,54.0,2.0
86243,1458,31,11,6.457330228686563,9.0123196246414,5.441005180567407,forward,Italy,0.9705232288505072,0.004801097393689987,0.24801817064914095,0.3461521940877355,0.2089823663318071,302,0.049980965176490665,721,0.48082023399092244,435,-0.0003566606535810512,3164,D. Zapata,Sampdoria,True,55.0,42.0
280383,1234,26,9,5.461124298972273,6.018387769397018,9.735607895141477,midfielder,Spain,1.05443265665495,0.0,0.24783060027750994,0.2731197042838193,0.4418104069107964,427,0.26144173857922975,652,0.20249828712402712,155,,695,E. Bardhi,Levante,True,56.0,12.0
50812,834,20,3,3.684939103074172,4.256447850409859,4.092431095394806,midfielder,France,1.1194017080406198,0.004796163069544364,0.24742996375557988,0.2858046518260816,0.27479153638142584,204,0.28397488908591917,427,0.34874566621462155,203,-0.0024073254926961244,3780,J. Durmaz,Toulouse,True,57.0,13.0
25770,3032,35,22,13.347424727141455,15.302926319758907,20.175872526237615,forward,France,0.9155364482341526,0.002308707124010554,0.24652235643796883,0.28263980010108797,0.3726414450756288,665,0.19558245317818274,1237,0.39367520833929937,1130,0.11541346959355442,3771,F. Thauvin,Olympique Marseille,True,58.0,43.0
14864,1009,16,6,4.408746409117886,5.433750835956609,5.739825413286505,midfielder,Germany,0.9689379997479208,0.0,0.24468761041684997,0.30157586403723496,0.3185631547512828,331,-0.00011450202295127702,506,0.40450459137397876,172,,2450,L. Holtby,Hamburger SV,True,59.0,14.0
65180,1550,32,13,6.760800256399113,6.851290157690003,9.726292670599335,forward,Germany,0.9877749899285126,0.0,0.24426117055377441,0.24753048311654205,0.35140154164745985,496,0.21373711095015369,701,0.34564088935557724,353,0.0858270365122223,2481,M. Gregoritsch,Augsburg,True,60.0,44.0
276983,1161,38,8,5.034663104254805,5.703964872593293,7.8671363137314225,forward,France,1.1337344288388378,0.020671834625323,0.24284335386586484,0.27512664329476694,0.379465661988768,242,0.15701979790246628,645,0.31028118431619184,274,0.15989408343769532,3787,I. Mbenza,Montpellier,True,61.0,45.0
3287,1739,37,11,7.535964063932194,8.888420227633464,8.945298769911403,midfielder,Spain,0.9970362354052039,0.0,0.24267624357688491,0.2862285984746832,0.2880602249080153,473,0.1838179423986752,747,0.43946732784350157,519,0.01307515785459308,756,Portu,Girona,True,62.0,15.0
208696,2184,36,10,9.402501339809811,10.432395145158553,10.535782191890549,forward,Italy,1.0470199460754808,0.005494505494505495,0.2410897779438413,0.26749731141432187,0.2701482613305269,703,0.1303278110137052,1191,0.3539412686255548,290,0.04612266535751363,3315,M. Politano,Sassuolo,True,63.0,46.0
3450,1258,26,18,5.396779184573301,5.46460133175949,11.731625243488155,forward,France,0.9746579135543503,0.00397456279809221,0.24023818309706266,0.24325729298770385,0.5222345100439878,262,0.6022092342332276,606,0.14186656355901797,390,0.14992224987239577,19830,R. Falcao,Monaco,True,64.0,47.0
275243,1404,32,5,5.994734451722737,7.50458195449337,7.164269609772743,midfielder,France,0.9906627516572688,0.004985754985754986,0.23910621744763053,0.29932805516497774,0.28575434340973904,499,0.15182666671485232,706,0.3443784599587,199,,3795,S. Khaoui,Troyes,True,65.0,16.0
26150,2606,36,12,11.05613919381843,12.09933312229008,14.200567064210142,midfielder,England,1.0299503026299828,0.0,0.2375839581173569,0.26000101874452974,0.3051541656161811,693,0.24662404643853053,1315,0.30726623711254847,598,0.07387663690456389,1631,R. Mahrez,Leicester City,True,66.0,17.0
20796,907,26,6,3.8195153705132663,4.438372853499256,3.3069743603541157,forward,Italy,1.0349779948923272,0.002205071664829107,0.23582454327314545,0.27403404608154175,0.2041792328333302,223,0.2968363917878446,432,0.37405836706273243,252,-0.05513836980574145,3166,M. Destro,Bologna,True,67.0,48.0
8148,2339,37,12,9.789384649165859,10.451439758274594,12.376510120375677,forward,Italy,1.0621381994479324,0.0,0.23437603264356055,0.2502268603947744,0.2963166168195972,466,0.23124908699332428,1340,0.28201157750254363,533,0.11735075414819986,3185,Iago Falqué,Torino,True,68.0,49.0
173214,1444,32,13,6.012790513812821,7.531469507327714,7.550189912185849,forward,Germany,1.0064049401273287,0.0,0.23318301161600968,0.2920791498686648,0.2928051489490357,317,0.1217581047077135,712,0.32153516538119176,415,0.1667130405536488,2975,T. Werner,RB Leipzig,True,69.0,50.0
256480,890,23,8,3.7047929056962396,4.122833029140813,5.602497589123337,forward,France,0.9532852890241786,0.0022471910112359553,0.2331105648527971,0.2594142130695343,0.352516702236974,122,,390,0.48186924582602303,378,0.0037618463570404763,19830,B. Keita,Monaco,True,70.0,51.0
250885,1062,32,12,4.375710706217698,4.902839836020688,8.550888852346029,forward,Spain,1.0741888534735662,0.0,0.2307342745274869,0.25853016084478203,0.45089432743067576,166,,587,0.36959309379512867,309,0.0055988878658624905,674,Santi Mina,Valencia,True,71.0,52.0
3425,720,14,4,2.918499458831275,3.529535604482583,4.5462301939221375,forward,Spain,1.0361520687806207,0.0,0.22699440235354362,0.2745194359042009,0.35359568174949957,244,0.08043716631085415,328,0.3627884445034998,148,,678,Muniain,Athletic Club,True,72.0,53.0
228981,2625,37,10,10.583840284509131,12.118141743871597,13.493439903364013,midfielder,France,1.1153663852082003,0.008,0.22578859273619478,0.25852035720259403,0.2878600512717656,491,0.18876708380327853,1514,0.27478202569507176,620,0.13546843690768212,3774,B. Bourigeaud,Rennes,True,73.0,18.0
40770,1749,34,15,7.039160177146173,6.760305337556362,7.65336102141607,forward,Spain,1.0201161490527035,0.0,0.22538191533458302,0.21645345849237066,0.24504757987381356,343,0.17843114549184994,839,0.428699097022424,567,-0.04706782254908734,687,Willian José,Real Sociedad,True,74.0,54.0
25673,888,26,7,3.5679804439876484,3.5534490562581698,4.715305559771774,forward,France,0.9767763649776283,0.013513513513513514,0.2250077757469688,0.22409138192619088,0.29736161187749927,271,0.12046953193016632,435,0.3759282276124616,182,,3779,S. Bahoken,Strasbourg,True,75.0,55.0
247671,2152,36,13,8.619019845932597,10.047334664029432,9.936428382605115,forward,France,0.92755989364131,0.007434944237918215,0.22428676179006757,0.2614548053836655,0.2585687683205792,887,0.1031085149964092,943,0.40161169215383624,322,0.03878271077435676,3776,N. Pépé,Lille,True,76.0,56.0
3642,999,16,3,3.970054102275955,4.877517164906155,4.458506896098416,defender,Spain,1.0329899726908651,0.0,0.22254557530275623,0.27341437561035503,0.2499263124940053,446,0.17363477514227044,439,0.2681050800893481,114,,701,Ramis,Eibar,True,77.0,3.0
25410,1977,35,16,7.798318846748224,7.411907640862502,10.86982632240845,forward,France,1.0480246390450731,0.004046535154274153,0.2208931995032375,0.20994781380288322,0.3078959403413623,388,0.2377622384231986,1020,0.3103389495511216,569,0.04904811663893749,3775,A. Pléa,Nice,True,78.0,57.0
15129,1630,30,9,6.395095259764188,6.892965299700403,9.202306309355118,midfielder,Germany,1.0943394418719408,0.0,0.21970879420048745,0.2368135317688482,0.3161528547999304,362,0.1715682847975483,887,0.2829958900935983,381,0.1181109210946466,2451,D. Didavi,Wolfsburg,True,79.0,19.0
8747,1248,31,5,4.879869841819287,6.632843682261677,4.020971904285024,forward,England,1.0873790284035236,0.0,0.21896851854317317,0.2976276011271265,0.18042822647432802,394,0.31155231050447363,543,0.28476123741891496,311,-0.01319694892396579,1639,P. Crouch,Stoke City,True,80.0,58.0
7944,1907,31,10,7.389477734787121,8.570670754968223,10.291237639991468,forward,England,1.0011776509484869,0.0,0.2169956754840476,0.25168199385328816,0.30220729304641963,464,0.22203976477046233,1047,0.25245613172795,396,0.1173301322611631,1623,W. Rooney,Everton,True,81.0,59.0
144766,827,16,4,3.1915566492205873,3.4913322135848066,4.567624812911725,midfielder,Germany,1.038648698053395,0.0,0.21611508144661776,0.23641427322944278,0.30929502965303096,121,,455,0.3067872048994673,251,0.12668381592535716,2449,N. Bentaleb,Schalke 04,True,82.0,20.0
25795,967,25,9,3.7121226214711043,3.1124157763267157,5.179309486532765,forward,Spain,0.984361482418186,0.0,0.21497297497660997,0.18024331279658332,0.2999393291063442,222,0.40345612784326074,473,0.25419889703210247,272,-0.0070752642463474515,680,W. Ben Yedder,Sevilla,True,83.0,60.0
97582,1460,33,13,5.5709047235899085,5.9988347391224295,8.709986879954467,forward,France,1.0346390891868857,0.004794520547945206,0.2136785373431746,0.23009229136360004,0.33408168854619874,311,0.47511393603277796,802,0.1919939354802757,347,0.029484421209394252,3789,M. Konaté,Amiens SC,True,84.0,61.0
122,1848,38,18,6.983477900788193,7.739686887523494,12.104727869600952,forward,Italy,1.0283888501561598,0.003787878787878788,0.21162054244812706,0.23453596628859072,0.3668099354424531,266,0.2136261955428463,860,0.31158582877121815,722,0.09180939291758188,3187,D. Mertens,Napoli,True,85.0,62.0
234527,920,20,2,3.4528742197094213,4.526842089264476,3.233415811904857,midfielder,Spain,1.1112073101421538,0.0,0.21017495250405172,0.2755469097813159,0.19681661463768696,272,0.07376660549422118,613,0.2835192080488113,35,,714,A. Halilović,Las Palmas,True,86.0,21.0
20663,1059,22,7,3.958394398074802,5.261784344331171,5.394320615327777,forward,Italy,0.9825121425199063,0.004721435316336166,0.20932019479904526,0.27824355361902325,0.2852520816415066,192,,550,0.1856852012654228,317,0.13399287033315732,3176,C. Théréau,Fiorentina,True,87.0,63.0
246063,869,17,2,3.2261785832978997,3.3360106612362426,3.8229254205779624,midfielder,Italy,1.071655745530726,0.005753739930955121,0.20790103643806948,0.214978822818446,0.2463565288289596,290,0.20474238075964304,445,0.21751426329181917,134,,3315,S. Sensi,Sassuolo,True,88.0,22.0
26399,2123,32,4,7.8583897419509015,9.135630461686373,9.170142909462918,defender,France,1.0504400052371212,0.0051813471502590676,0.20728677604769216,0.2409775345522548,0.2418878958690171,625,0.14909992660500296,1294,0.24227611655779543,204,0.16361312056537425,3783,D. Da Silva,Caen,True,89.0,4.0
225089,2096,35,10,7.749639527808393,9.529532864985855,9.464438678753893,midfielder,Spain,1.0804792993129027,0.0,0.2070514377658731,0.2546058399042022,0.25286668225678344,606,0.15233328447224612,1249,0.24930811833528152,241,0.12564316749511287,695,José Luis Morales,Levante,True,90.0,23.0
145692,782,22,8,2.886830953220733,4.023813630326578,5.193895184197254,forward,England,0.9745444629702259,0.0,0.2067295823278274,0.2881503366985785,0.3719413431138699,278,0.4141827645042527,397,0.09201161494036901,107,,1623,O. Niasse,Everton,True,91.0,64.0
338201,712,25,6,2.620052905058025,3.5357325149116265,3.6502977300710535,forward,Spain,1.0559409665580137,0.0,0.20607157680231655,0.27809132139754367,0.2871020686572739,246,0.09126997979665914,327,0.34743071360465877,139,,695,E. Boateng,Levante,True,92.0,65.0
454,1698,28,5,6.235238453779714,8.329819167564224,8.321905988613404,defender,England,1.029580876625358,0.0,0.2056380173213569,0.2747172399196682,0.27445626346428187,459,0.1978985065142187,906,0.23559650147157277,333,0.13479732308826634,1628,P. van Aanholt,Crystal Palace,True,93.0,5.0
14705,1747,34,14,6.378910704765035,8.378289713798363,7.521324742505935,forward,Germany,1.0364893888363846,0.0,0.2044756722763835,0.2685656691314873,0.2410956986721994,498,0.4505795718006811,921,0.1551305482721926,328,-0.0306245800261786,2455,N. Füllkrug,Hannover 96,True,94.0,66.0
24269,817,24,4,2.982437462681088,4.651907468075522,1.332471887039802,forward,Italy,1.0036897496781438,0.006119951040391677,0.2044265580295483,0.31885779462941155,0.09133222236747725,339,0.010792110656683956,419,0.3942424912852368,59,,3219,M. Coda,Benevento,True,95.0,67.0
14816,1091,19,5,3.9786704771926833,4.296035777572303,5.340736898841453,midfielder,Germany,1.057866245315877,0.0,0.20422139937927614,0.22051146062699264,0.2741349828919536,337,0.14097979943797057,537,0.300382368319647,217,0.06447014988269005,2447,S. Kagawa,Borussia Dortmund,True,96.0,24.0
70129,1783,37,16,6.485462766783336,7.163877130439158,11.375883600872477,forward,Spain,1.0740538254095866,0.0,0.20369372683110873,0.22500118861727025,0.35729079172678563,249,-0.048155543667272524,937,0.3189513121395758,597,0.12783796622819962,674,Rodrigo,Valencia,True,97.0,68.0
15526,2275,38,7,8.262848475737686,9.212659000679098,10.778405025643405,midfielder,England,1.0723712343262852,0.0,0.20339319324892766,0.22677314463210088,0.2653145852466069,545,0.24472805411982793,1285,0.21596969674370228,445,0.11645317939403775,1651,P. Groß,Brighton & Hove Albion,True,98.0,25.0
26124,823,24,4,2.9666502936118055,3.778709949589063,2.6653809880593746,forward,France,1.0619311213703104,0.0036452004860267314,0.20186198838670852,0.2571175664361938,0.18136249736491492,212,0.4080815002122241,358,0.2649438538744863,253,-0.060200637509077094,3804,B. Jeannot,Dijon,True,99.0,69.0
231139,1112,21,3,4.0032438755849515,4.999690753614201,4.327239119416219,forward,Germany,0.9281587455784147,0.0,0.2016022095618321,0.251782987592082,0.2179185168051333,151,,460,0.423280005707945,501,0.033985176656207094,2444,K. Coman,Bayern München,True,100.0,70.0
14923,878,19,1,3.1225380520564836,3.222748418281434,3.64782158341618,defender,Germany,1.0691518248406593,0.0,0.19915960240906957,0.20555115196328053,0.2326628800356561,188,,415,0.253949651094777,275,0.21240996744088222,2462,M. Russ,Eintracht Frankfurt,True,101.0,6.0
14760,1210,30,9,4.299043709779372,4.977846013605331,4.830415739289207,forward,Germany,1.0444823732452162,0.0,0.19896400640301226,0.23037965021644505,0.22355643090925256,359,0.17409822303975037,661,0.2836840548084407,190,,2455,M. Harnik,Hannover 96,True,102.0,71.0
21123,2288,34,10,8.11230289252615,8.336134273061418,10.164674068527484,forward,Italy,1.035049336944123,0.007867132867132868,0.1985528679988918,0.2040312584315732,0.24878572894997336,642,0.10439336904293277,1187,0.31492743807731927,459,0.02930185197848283,3166,S. Verdi,Bologna,True,103.0,72.0
9206,1049,24,10,3.7187366238362825,4.452245874921798,5.5012203472494186,forward,England,1.1288801467905798,0.0,0.19852168821242308,0.23767947473367082,0.2936781119599309,145,,566,0.19886095664539583,338,0.05406773559293668,1646,C. Wood,Burnley,True,104.0,73.0
77558,1559,27,4,5.460212745432679,5.995541050657712,6.1464516904377495,midfielder,England,0.9965882286867453,0.0,0.1961333635306158,0.21536260348738412,0.22078338336402437,437,0.1484369549100406,842,0.2834352893277242,280,0.008044467266423057,1623,G. Sigurðsson,Everton,True,105.0,26.0
25714,2249,31,6,7.78848667630708,8.81496166177291,11.879609929769039,midfielder,France,0.9633907932435933,0.0026678523788350376,0.19393297193116785,0.21949215342787148,0.2958017590338223,496,0.206173901994919,1020,0.28682519289329494,733,0.05638649622449639,3771,D. Payet,Olympique Marseille,True,106.0,27.0
26100,1907,31,7,6.5955005274008816,6.044903955843516,8.935569668898715,midfielder,France,1.0717340792192973,0.005243838489774515,0.193680141339512,0.17751160017159776,0.26239743128386367,529,0.3819053408256973,950,0.15467605155047467,428,0.04761181136613201,3804,N. Sliti,Dijon,True,107.0,28.0
25407,1144,16,5,3.9413410280711982,4.14050762734196,5.953024086417817,midfielder,France,0.9519009785173796,0.01048951048951049,0.19293277759789082,0.20268219154820782,0.291406773461012,380,0.2702635489583166,535,0.21681078298859696,229,0.00882611383811096,3785,C. Grenier,Guingamp,True,108.0,29.0
20751,1306,21,4,4.498924643169668,5.927241290484424,5.621372009453546,midfielder,Italy,1.06366872737216,0.0038284839203675345,0.1929094793395876,0.25415429729489103,0.24103892230428683,122,,646,0.3171323387118202,538,0.060486205750400125,3159,J. Cuadrado,Juventus,True,109.0,30.0
40810,2403,20,20,8.255979970953467,9.651189348417846,19.000930424717705,forward,France,0.8642335570837757,0.0016645859342488557,0.19239903386325183,0.22491327653408213,0.4428015413167672,139,,1017,0.28160710950123286,1247,0.0723272415349539,3767,Neymar,PSG,True,110.0,74.0
37824,1595,24,4,5.477684658863144,7.2676144399649685,8.027074944412696,defender,France,0.9314809517330201,0.00877742946708464,0.19231996294441134,0.2551638925630334,0.28182833660633916,168,,768,0.356321275499025,659,0.027844633034499557,3767,T. Meunier,PSG,True,111.0,7.0
3840,2252,34,22,7.7305086393983,8.623824534219956,16.954142805724178,forward,Spain,0.9718039260823824,0.0,0.1922328968944515,0.21444679125946606,0.42159502536436677,591,0.2064277075079774,1028,0.1908934576936785,633,0.18115518824642768,692,Iago Aspas,Celta de Vigo,True,112.0,75.0
221411,2315,33,2,7.929213111891156,8.49529074999349,11.10030348922081,defender,Germany,0.9700346299537534,0.0,0.19180817894855495,0.20550163369314708,0.26851706064637815,784,0.21493850476667165,1000,0.2331898074263319,531,0.07972568569209462,2481,P. Max,Augsburg,True,113.0,8.0
14945,1486,33,10,5.082127764814579,6.653611425820936,4.449109849746699,forward,France,1.0830228717517503,0.010767160161507403,0.19152029261750766,0.25074174955987377,0.16766497414926995,292,0.12711310386511257,865,0.28064209247908284,329,0.014366925551966196,3787,G. Sio,Montpellier,True,114.0,76.0
142755,1846,31,13,6.310012239028558,7.496798569418713,11.15801549301463,forward,France,0.9965782017168089,0.012459371614301192,0.19141965622188475,0.2274218417591809,0.33848801062232897,219,-0.04810174271637197,842,0.31035402604014195,785,0.13067118103781555,3766,B. Traoré,Olympique Lyonnais,True,115.0,77.0
3318,1305,26,9,4.435115121839088,5.166871377877374,8.700479900260902,midfielder,Italy,1.0167580783749879,0.0,0.1903191163394551,0.22172015108132795,0.3733539267544908,81,,627,0.2229264824441198,597,0.046931166663090475,3159,S. Khedira,Juventus,True,116.0,31.0
325781,1243,31,4,4.223075712585501,5.22214401967196,5.735046538453963,midfielder,France,1.0837220259253773,0.012872083668543845,0.19025924368848599,0.23526956162641174,0.2583769961009026,351,0.351216051839057,627,0.11044876815108995,265,0.16590199274922893,3774,J. Lea Siliki,Rennes,True,117.0,32.0
15107,1474,27,9,4.997544181486839,6.5467180958253675,7.7494726286877045,forward,Germany,0.9296287024696692,0.0,0.18986599332650136,0.2487219900720628,0.2944168705607269,441,0.15149304649883788,526,0.2707743671260522,507,0.13930320226621706,2454,Raffael,Borussia M'gladbach,True,118.0,78.0
20460,1148,20,4,3.8701921381088074,3.833082102838032,5.121782656597366,defender,Italy,0.9865985533705642,0.002613240418118467,0.1887898603955516,0.18697961477258693,0.2498430564193837,339,0.2548228188657376,585,0.15619830342929533,224,0.1739723956806714,3194,M. Cáceres,Hellas Verona,True,119.0,9.0
20941,1824,27,6,6.146980804663713,6.915180389770302,8.219000236995063,forward,Italy,1.0739253552143448,0.015899122807017545,0.18872309488002625,0.2123081698613689,0.25233772657440984,503,0.2568130779665685,1028,0.16661698238588732,293,0.14939142986789009,3185,A. Ljajić,Torino,True,120.0,79.0
8833,1910,33,3,6.418071088871644,8.235022353129619,7.15933927788711,defender,England,1.0635309939294735,0.0,0.18817381202974454,0.24144568155772703,0.20990732961344405,582,0.0629087177129239,1016,0.2741623366419075,312,0.14182747833241138,1613,J. Lascelles,Newcastle United,True,121.0,10.0
276920,848,21,2,2.828648555049629,3.099456168127984,3.1871457238557133,midfielder,France,1.0561387174692545,0.012971698113207548,0.18679754608818305,0.204681067706565,0.21047188742443387,137,,427,0.32981236258979957,284,0.03762759008221412,3772,V. Vada,Bordeaux,True,122.0,33.0
25747,1794,29,10,5.978957172502483,6.686507666385629,8.928569174145345,forward,England,0.8936024460890224,0.0,0.18663411463775867,0.20872041767981897,0.27870673007365626,333,0.2677780712562527,671,0.270327394086111,790,0.08134407911395745,1612,S. Mané,Liverpool,True,123.0,80.0
134494,993,35,9,3.3091810212239756,2.8430111408030276,4.787252629192357,forward,France,0.9715756939047716,0.005035246727089627,0.1866204805524095,0.16033094046824728,0.2699759790883907,195,,391,0.398390973432182,407,0.03604274486525216,3771,V. Germain,Olympique Marseille,True,124.0,81.0
61962,1248,25,2,4.129196097674982,5.346031072157021,4.3031105289750196,midfielder,England,1.0306326794106269,0.0,0.18528444028028768,0.23988600964807147,0.1930882929668278,428,0.08302848067440943,663,0.28424592708994834,157,,10531,Sung-Yeung Ki,Swansea City,True,125.0,34.0
408827,729,25,3,2.408850482178406,3.3191857626592176,2.9868270334974913,midfielder,France,0.9906477944314369,0.0054869684499314125,0.18504201234840978,0.25497174582841725,0.2294407597748416,148,,402,0.32636340422215937,179,,3775,B. Srarfi,Nice,True,126.0,35.0
21114,1495,33,11,4.936393163852042,4.940871068159184,6.309774787841221,forward,Italy,1.0586745953008216,0.006020066889632107,0.1849083726927855,0.185076106900946,0.23635276797264773,448,0.3741262065541213,812,0.13232639217146344,235,0.005874239132934758,3204,M. Antenucci,SPAL,True,127.0,82.0
3802,2595,32,15,8.56530634768489,8.85856552328993,16.377502598513246,forward,England,0.9388083671602441,0.0,0.18483898091343118,0.19116750262205628,0.353425874958282,367,0.09439836551307884,1258,0.3029101848939311,970,0.06592983786648314,676,Philippe Coutinho,Barcelona,True,128.0,83.0
134769,717,17,3,2.363609718168712,3.1305083567312977,3.3977663986927507,forward,Spain,1.0171716985916857,0.0,0.18460550100062464,0.24450274473773037,0.26537645512802516,68,,327,0.2530729391092369,322,0.15186779355194677,679,Y. Carrasco,Atlético Madrid,True,129.0,84.0
21639,1801,26,3,5.8932323565643285,7.448749233503853,5.9133470085122735,defender,Italy,1.0415082418805386,0.004441976679622432,0.18324320486818568,0.23161019271305705,0.18386864657228613,464,0.12011350741950913,993,0.22901342364516877,344,0.13627329896888832,3173,L. Ceppitelli,Cagliari,True,130.0,11.0
26389,1383,29,7,4.465172869712112,4.483343968739511,8.08290394712621,midfielder,France,0.9343435262574138,0.0,0.180802372164771,0.18153815057802794,0.3272903984375038,341,0.25118227123450726,559,0.2159846886412984,483,0.09039562166133645,3772,Y. Sankharé,Bordeaux,True,131.0,36.0
130,2181,36,6,7.035165602698349,8.074243062559098,9.560298645214303,defender,Italy,1.037225207846233,0.00871160018340211,0.18063698934026023,0.2073166490157311,0.24547305095460842,300,0.030417413983362625,1249,0.2741731747609133,632,0.0670913833539842,3162,S. de Vrij,Lazio,True,132.0,12.0
397178,1318,35,7,4.242436814494761,4.6369682885001025,5.921715767083804,forward,England,0.9408399723614761,0.0,0.18025528195121898,0.19701837948103623,0.2516055257638035,245,0.34036923989782564,531,0.28139158722804414,542,0.008795322912634539,1611,M. Rashford,Manchester United,True,133.0,85.0
351010,827,28,10,2.6403318165390663,1.8705551015894184,4.5681527974082,forward,Italy,1.0584164314243139,0.0048367593712212815,0.17878909519490654,0.12666394883797755,0.30933078192848756,144,,410,0.2163966708336649,273,0.16132712485296108,3157,P. Cutrone,Milan,True,134.0,86.0
224971,821,20,2,2.610772391637337,3.0372880268190268,3.2317418773698066,midfielder,Germany,1.0586267212741236,0.0,0.1780794810373823,0.20717189951506151,0.22043549955262992,136,,382,0.2786930810006365,303,0.05544943691511915,2445,E. Thommy,Stuttgart,True,135.0,37.0
160,1522,23,3,4.808695169945807,5.950699750386729,6.754238001325754,defender,England,0.9599799164043236,0.0,0.17692965145661313,0.21894821683420287,0.24851335615916045,564,0.08870631090928142,636,0.2619482573733319,322,0.16353254184686766,1644,D. Janmaat,Watford,True,136.0,13.0
3510,715,17,2,2.251023885271962,2.217896460468561,3.1188288239745363,midfielder,Spain,1.0966068489890708,0.0,0.17630396863668513,0.1737093731276076,0.24427190789171194,195,,319,0.26644815234863073,201,0.0855720047757338,756,Timor,Girona,True,137.0,38.0
374013,881,18,1,2.752801778909326,3.8355259393075536,3.2004445202858864,midfielder,Italy,1.0235272144570777,0.00681044267877412,0.17497945473203436,0.24380187582431667,0.2034334768853685,52,,375,0.32935625705436516,454,0.05546458689376204,3187,A. Diawara,Napoli,True,138.0,39.0
25704,717,21,1,2.2362392904661283,2.7531605188070474,2.8395129002052317,midfielder,France,0.9770330118181759,0.005578800557880056,0.17465746201688032,0.2150306681355574,0.22177506612481587,249,0.0829008718653985,313,0.3112212815709239,155,,3804,F. Balmont,Dijon,True,139.0,40.0
343925,1094,30,2,3.40596370876065,3.5351182858074113,5.389115651645456,forward,Italy,0.897893123127094,0.0009140767824497258,0.1743454914904903,0.18095669470312162,0.27585966772591003,450,0.0970451212179122,508,0.21937469854771374,136,,3194,D. Verde,Hellas Verona,True,140.0,87.0
364850,996,14,2,3.0808409394547747,4.246667561822074,3.2432247716133493,defender,Spain,1.090757644971096,0.0,0.17321997249946525,0.23876845729120094,0.1823499871589835,121,,628,0.2604688540167922,247,0.02431812973031376,684,J. Firpo,Real Betis,True,141.0,14.0
7858,991,13,1,3.059565689815405,3.670060030464876,3.3155605572664797,defender,Italy,1.0283358094242965,0.006054490413723511,0.17289170396535083,0.20738987054090116,0.1873576096941704,364,0.22759665373959656,556,0.12882751307910126,71,,3219,B. Sagna,Benevento,True,142.0,15.0
5400,2595,38,16,8.003854795929383,9.530208571916244,7.253811238394763,forward,Spain,1.0774124805180567,0.0,0.17272287806244527,0.20566153372921372,0.15653696699426078,633,0.013670303859920692,1371,0.3039822533365196,591,0.0385835819024489,691,Gerard Moreno,Espanyol,True,143.0,88.0
15317,1378,22,5,4.249098868469773,5.073604473296241,5.02103606584232,midfielder,Germany,0.9517578070637238,0.0,0.17267745764463516,0.2061842166216179,0.20404790978749632,732,0.09120927951516067,504,0.33389065702950765,142,,2463,L. Bittencourt,Köln,True,144.0,41.0
14989,2906,33,6,8.943258022135367,10.919418174364514,10.182435533413702,midfielder,Germany,1.0076522567223019,0.0,0.17234082905697887,0.2104223736284972,0.19622036815938312,617,0.1898440528068318,1354,0.2764881864968164,935,0.009971833305963605,2449,D. Caligiuri,Schalke 04,True,145.0,42.0
14696,1244,24,2,3.8027693125440987,4.902006117848667,3.5737798391059155,midfielder,Germany,1.1147528772560755,0.0,0.17118575683478257,0.2206690856909368,0.1608775490272759,252,0.03770339220438765,758,0.24972796054885527,234,0.0605129597048358,2443,Z. Junuzović,Werder Bremen,True,146.0,43.0
3674,775,18,4,2.368589108729226,2.7776756533629636,3.746286709305045,midfielder,Spain,1.1353469365347368,0.0,0.171149664630757,0.2007094665655819,0.27069942673688063,106,,544,0.25643601944093836,125,,698,Markel Bergara,Getafe,True,147.0,44.0
3317,1138,25,1,3.463544943459043,4.588960856925246,4.32126200462939,midfielder,Spain,1.0415507983040009,0.0,0.1704380640014995,0.22581881194008238,0.21264558195012817,433,0.27556909707661187,569,0.12740758991725337,136,,691,Granero,Espanyol,True,148.0,45.0
8422,2012,29,9,6.096197474971724,6.771640905190948,6.39470613138681,midfielder,England,1.098848927251176,0.0,0.16967547644056488,0.18847509477668642,0.17798386846802253,522,0.21644036813082174,1058,0.17402325313403028,432,0.1025198718016749,1628,W. Zaha,Crystal Palace,True,149.0,46.0
3423,1585,34,7,4.795450021460062,6.5664411824712765,8.318000623997262,midfielder,Spain,0.9500273047310964,0.0,0.16942914902319461,0.23200044556365393,0.2938851955481683,489,0.18869052991461896,705,0.20089215824302198,391,0.08861012918717218,696,Ibai Gómez,Deportivo Alavés,True,150.0,47.0
25939,1100,26,5,3.324831230054135,3.9074352786432587,4.733928830258595,midfielder,France,1.0742865084770015,0.011818181818181818,0.16926413534821053,0.19892397782183863,0.24100001317680123,214,0.23995715871705817,679,0.13503530697034188,207,0.20845769799381142,3785,M. Diallo,Guingamp,True,151.0,48.0
37948,1079,22,12,3.2560980163348,4.049570214257907,6.844763357102958,forward,Germany,0.9930681179821453,0.0,0.1689911852778024,0.2101723188122732,0.3552425838718866,251,0.1645566808417972,463,0.14335404685842448,365,0.20456120089864968,2481,A. Finnbogason,Augsburg,True,152.0,89.0
334552,1534,35,8,4.622016009832902,5.091530979148631,7.081085936348584,forward,France,1.0238006687596517,0.000651890482398957,0.16873070179311767,0.18587075282420037,0.2585011815094659,375,0.15774086466410858,765,0.22464264260095684,394,0.07063058556312135,3772,F. Kamano,Bordeaux,True,153.0,90.0
105541,1685,35,8,5.076815904959689,5.855378489112512,7.072875342921334,forward,Spain,0.9664549957473907,0.0,0.1687250389778888,0.19460011595863544,0.23506291940866153,709,0.2928821503090983,761,0.07706025450906445,215,0.08374601128927374,677,Lucas Pérez,Deportivo La Coruña,True,154.0,91.0
228983,1030,16,2,3.0817537708394185,3.8611592868921965,3.389432999005695,midfielder,France,1.0215536712979436,0.006796116504854369,0.16755166132719168,0.20992710686015825,0.18427985237312516,111,,443,0.32985665585901136,476,0.044636135204834136,3775,W. Cyprien,Nice,True,155.0,49.0
14703,1649,31,11,4.9302680382951225,6.323021001072643,6.885008586255951,forward,England,0.9790436399440664,0.0,0.16743178298637165,0.2147296398181128,0.23381472457873456,510,0.16265789831719188,831,0.17711941034405515,308,0.14919887015210778,1633,M. Arnautović,West Ham United,True,156.0,92.0
25860,2260,29,8,6.719016391038837,8.347545985456566,8.219670359407795,forward,France,1.0812738959414885,0.008407079646017699,0.16648890172485614,0.20684184742724238,0.20367324784373297,742,0.12041824498912061,1219,0.232812735192848,299,0.010420922796540506,3780,M. Gradel,Toulouse,True,157.0,93.0
300485,2689,35,12,7.9812765053912536,9.591405368928058,15.215187076483325,forward,France,0.9996379987670321,0.0011156563778356265,0.16621475801484203,0.19974663468202722,0.3168651827010287,566,0.28884512312669774,1225,0.15072844204597777,898,0.11004766492859297,3772,Malcom,Bordeaux,True,158.0,94.0
28990,2491,33,5,7.342896317147088,10.07023859460944,11.313332936297543,midfielder,France,1.0607285460626186,0.012846246487354477,0.16507514803702808,0.22638834255244028,0.25433426111307206,687,0.08238443685427843,1284,0.21072246364404038,520,0.16160854292769197,3779,D. Liénard,Strasbourg,True,159.0,50.0
134513,1435,30,9,4.226534801077946,5.1343169969641105,8.086169764066234,forward,England,1.036864596626145,0.0,0.16493794345670035,0.2003635901254287,0.31555784445136525,268,0.12558412872563923,763,0.2307093279946188,404,0.06682719084653352,1611,A. Martial,Manchester United,True,160.0,95.0
70834,730,12,2,2.1499245400336964,1.8852018188536495,2.574268678171604,midfielder,Italy,0.8412143918302908,0.0,0.16492571813957124,0.14461822172027994,0.19747814517480797,357,0.07784196740487462,327,0.2840103049367581,46,,3219,Guilherme,Benevento,True,161.0,51.0
127537,2638,36,10,7.7272133230527285,8.124819555260286,11.538588039590083,midfielder,England,1.0798043268263098,0.0,0.1640348544696561,0.17247532035427446,0.2449434913635499,711,0.15663286616340483,1513,0.18300527203685524,414,0.10741787839857496,1628,L. Milivojević,Crystal Palace,True,162.0,52.0
94764,984,27,8,2.869856011737734,2.6358729975053197,3.730147324334288,forward,Germany,1.0240415384275652,0.0,0.1633251388793832,0.15000903237835153,0.21228480707593508,228,0.6036986837500706,491,-0.013244473747392991,265,0.11159122027270549,2460,Y. Muto,Mainz 05,True,163.0,96.0
11063,2687,35,6,7.799209807955957,8.923998387325392,10.407512411366115,forward,Italy,1.0740222955191117,0.00744324525493115,0.16254400790678586,0.1859858242241243,0.21690386864030609,358,0.2005090707047687,1456,0.21259898573314812,873,0.06349298820820476,3157,Suso,Milan,True,164.0,97.0
40806,1305,21,4,3.7698418147622084,4.539372179475488,6.662761632419557,midfielder,Italy,0.99471738672255,0.007662835249042145,0.16177098975224802,0.1947929824142738,0.28591161028007295,315,0.3899732453497342,621,0.12063713302382385,369,0.03618945727296147,3162,Felipe Anderson,Lazio,True,165.0,53.0
355599,1968,35,12,5.680787015417788,5.083831617661665,8.497117146787671,midfielder,Spain,0.9749025127349024,0.0,0.16164841100782323,0.14466187529931565,0.24178788629070608,483,0.19896864657644564,920,0.2555615601894605,565,-0.023175962490850948,687,Mikel Oyarzabal,Real Sociedad,True,166.0,54.0
20845,2288,33,8,6.592096135706285,7.201752296763222,9.833822005139925,midfielder,Italy,1.0189526590542355,0.0013111888111888112,0.1613450103144895,0.17626666460609283,0.24068795117475345,408,0.00451409460707793,1103,0.29511182305128647,777,0.05380603883435679,3157,G. Bonaventura,Milan,True,167.0,55.0
9123,1571,36,9,4.511418031105658,5.739284584338576,3.5962185656016086,forward,England,1.1234015805035609,0.0,0.16081439194265873,0.20458302783129234,0.12819111373245706,342,0.1633877889681496,860,0.24657570971586681,369,-0.041448033715002,1646,A. Barnes,Burnley,True,168.0,98.0
8903,1208,29,5,3.4652538219966083,4.831075832746015,3.318855592024004,forward,England,1.0293027494994047,0.0,0.1606409056554719,0.22395715780941788,0.15385423274283463,378,0.11346287020815721,550,0.3008901036958905,280,-0.05115824264147533,1644,T. Deeney,Watford,True,169.0,99.0
282448,739,19,1,2.1192244141873027,2.247100861611102,2.6804767451643152,midfielder,Spain,0.8163656069971729,0.0,0.1605907539844235,0.1702809854536153,0.20312137717077353,264,0.05769202775239211,223,0.41281803282358986,252,0.045188295826178206,756,Aleix García,Girona,True,170.0,56.0
91381,1131,32,5,3.240788298186659,3.377583164925557,5.027717492784247,forward,England,1.0828758202864706,0.0,0.16046343474664274,0.16723665538092944,0.24894091918295122,264,0.21583469262002758,574,0.16291345172477692,293,0.10577291657591699,1651,J. Izquierdo,Brighton & Hove Albion,True,171.0,100.0
3314,1836,30,11,5.254259587874388,5.287351511672641,9.708386893370529,midfielder,France,0.8812916707662404,0.0,0.16026064102449114,0.16126998074818513,0.29611637583265227,180,,818,0.2321417363690995,838,0.07327228112977872,3767,Á. di María,PSG,True,172.0,57.0
93,1895,35,2,5.412053432602903,6.706916058797673,6.44006297935825,midfielder,England,1.1182774616486295,0.0,0.159934032836814,0.1981991025291133,0.19031320677786911,394,0.45359671651206424,1132,0.10861912591898017,369,0.0037968438474897245,1646,J. Guðmunds­son,Burnley,True,173.0,58.0
9164,703,11,0,1.9977649621478741,2.383906864552054,2.3493822131382283,defender,England,1.1218059842531871,0.0,0.15913917194919053,0.1898986976030086,0.18714851199963128,261,0.19357782826564066,399,0.13855648015296954,43,,1646,C. Taylor,Burnley,True,174.0,16.0
256992,1250,29,3,3.543107280073106,4.231058739387521,5.184640807251923,midfielder,France,0.9796972890739218,0.0072,0.15873120614727515,0.18955143152456094,0.23227190816488613,510,0.14719711749475403,560,0.15718614517256516,180,,3799,A. Fulgini,Angers,True,175.0,59.0
3460,1143,17,3,3.238407996035271,3.888719300620467,4.229889477887314,defender,Germany,1.1016152553358596,0.0,0.15866215903584882,0.19052343030161517,0.2072386795815307,244,0.04368682024346122,679,0.22875675618627578,220,0.06984284630949723,695,Coke,Levante,True,176.0,17.0
3791,1206,15,3,3.4101477629236125,3.358756081761021,3.7533994143884204,defender,Spain,0.9925566303414899,0.0,0.15834848650391567,0.15596213978326465,0.1742872033215187,451,0.08283724094369029,611,0.25102061206046117,144,,684,Z. Feddal,Real Betis,True,177.0,18.0
3484,2683,34,11,7.583600338442272,8.051626837238242,12.77896363545395,midfielder,Italy,0.9674562142941538,0.005218039508013418,0.1582861047159028,0.16805482776196107,0.26672454848506194,433,0.37881607627690284,1330,0.17293768573639917,920,0.03331210423419289,3162,Luis Alberto,Lazio,True,178.0,60.0
3571,2079,35,4,5.875457564281343,7.262035783173397,6.807385857108262,midfielder,Spain,1.0258201961685038,0.0,0.1582614832129655,0.1956103914659501,0.18336392881099697,675,0.046356890542639424,1056,0.2502126981386026,348,0.09629342887675085,684,Joaquín,Real Betis,True,179.0,61.0
25430,1072,19,1,3.0191192798094284,4.380522322732429,2.725062517374106,defender,England,1.1433274209890127,0.0,0.15771518625870148,0.2288332556651269,0.1423540121016324,177,,705,0.2380442112385483,190,,1628,M. Sakho,Crystal Palace,True,180.0,19.0
25622,2511,34,10,7.0667122351776825,8.26899835202044,8.765555911215591,forward,Germany,0.971296573327116,0.0,0.1576009100636998,0.18441414086544985,0.19548830387418284,761,0.13671712790018337,1032,0.23501294632549974,718,0.06846906717269492,2454,T. Hazard,Borussia M'gladbach,True,181.0,101.0
8370,1503,26,0,4.218195714767786,4.633503205238609,5.52502358547518,midfielder,England,1.115977078735249,0.0,0.1571649767312016,0.17263884197828483,0.20585583552003334,380,0.1709057821655135,852,0.15876626682765654,271,0.13286311242412363,1627,C. Brunt,West Bromwich Albion,True,182.0,62.0
288091,1785,32,6,5.004514414975444,5.743527717314684,6.95880290715838,midfielder,Spain,0.9434516957829765,0.0,0.15700437380315116,0.18018910485693126,0.21831538532261585,202,0.26372837323766973,764,0.23053602759461647,819,0.062088096168899376,675,Marco Asensio,Real Madrid,True,183.0,63.0
8530,1047,30,1,2.930464613074996,3.6853804618280823,2.6512426879686566,midfielder,England,1.169354959020323,0.0,0.156739272523591,0.19711681553235208,0.14180476650071133,273,0.019415913992922626,605,0.2494174179279307,169,,1627,J. McClean,West Bromwich Albion,True,184.0,64.0
366217,915,16,2,2.556020145350723,2.351618924520375,3.51220508381468,defender,Germany,0.919479314837218,0.0,0.15643401982474373,0.14392421833130167,0.21495462808046126,330,0.2873387081963338,451,0.06686026657656548,134,,2481,K. Danso,Augsburg,True,185.0,20.0
8239,1341,22,2,3.74385407880712,4.4238185896523845,4.323005544785493,defender,England,0.9894714590825789,0.0,0.15634289963698636,0.1847381364806365,0.18052819575539716,482,0.14520076817179825,691,0.19537483579829446,168,,1623,L. Baines,Everton,True,186.0,21.0
116269,2302,32,3,6.4077263377209945,8.507532668136925,4.9865637077554705,midfielder,Italy,1.1685082793646906,0.00999131190269331,0.155878659822926,0.20695996064972536,0.12130650201316522,478,0.037104125803821476,1444,0.2309958937443785,380,0.019839032134911692,3193,D. Laxalt,Genoa,True,187.0,65.0
25707,2460,34,12,6.844475109666379,7.584258339629823,11.656141072243573,forward,England,1.0334771032049581,0.0,0.15580918948834035,0.17264978334116668,0.2653430487990407,386,0.4694051463400057,1192,0.14322220440186792,882,0.035577496606630926,1610,E. Hazard,Chelsea,True,188.0,102.0
20620,1247,21,2,3.4671608454367653,4.828489369987755,3.294652405339527,midfielder,England,0.9971016350713996,0.0,0.15570249185602153,0.21683673193208844,0.14795552100963394,395,0.0229434186257948,617,0.2900711703231508,235,0.026061467650578204,1633,Pedro Obiang,West Ham United,True,189.0,66.0
364772,1058,22,1,2.938270007715266,2.7118754561453686,3.6926589877716314,defender,France,1.1609673417202586,0.006616257088846881,0.15552279813993844,0.1435397216863333,0.19545264963630565,206,0.04633058019924061,573,0.20172980202834734,279,0.14124675393823763,3770,C. Awaziem,Nantes,True,190.0,22.0
209209,1874,31,4,5.1903133507204995,5.94747127319105,5.144500359752127,midfielder,France,1.021228064898035,0.004268943436499467,0.1551000787835368,0.17772592918820643,0.15373106731383088,632,0.04942411575292542,894,0.2827153752125182,348,0.019178048978470728,3799,F. Tait,Angers,True,191.0,67.0
14911,1798,37,12,4.953231027107611,6.028747119853552,8.542288825012745,forward,England,1.0303648702615975,0.0,0.15427193410346285,0.18776965445595048,0.2660557142384392,304,0.2518469061227344,897,0.18178807665618413,597,0.0632421663251555,1624,Son Heung-Min,Tottenham Hotspur,True,192.0,103.0
50069,1445,24,3,3.9686156199912164,4.2920343081155385,6.220239438838589,defender,Italy,0.834014956344285,0.0,0.15380102056713366,0.16633489360170944,0.24106118240481728,648,0.08451011324707068,526,0.26693277058618853,271,0.09990141700026253,3163,S. Widmer,Udinese,True,193.0,23.0
203113,1427,25,1,3.911598157885359,4.048677201455022,4.808293512213924,defender,France,1.0489844852098047,0.004905395935529082,0.1535035016409111,0.1588829175062938,0.18869266761316028,654,0.11442480486241546,579,0.23658308190702407,194,,3780,I. Sylla,Toulouse,True,194.0,24.0
25849,1189,11,2,3.2530742021815615,4.113219932918464,3.9504366043052825,defender,Italy,0.9337310896722097,0.002523128679562658,0.1532145965703679,0.19372608599111354,0.18605925133817985,100,,456,0.2503382531089045,633,0.08475107592967521,3187,F. Ghoulam,Napoli,True,195.0,25.0
70096,2063,23,7,5.639735240068488,6.403322290557568,10.392359890517957,midfielder,Germany,0.8591421774747972,0.0,0.1530902440348208,0.1738177645522171,0.28209992916578075,158,,879,0.20537698420922296,1026,0.12740574422486045,2444,J. Rodríguez,Bayern München,True,196.0,68.0
221333,1238,19,2,3.378314668057711,3.9902498837627034,4.05083735226545,midfielder,Germany,1.0954842505177387,0.0,0.1528155261803165,0.18049595596987997,0.18323658459359063,147,,691,0.25230084744697123,400,0.007985860722101758,2482,K. Demirbay,Hoffenheim,True,197.0,69.0
86517,1363,25,5,3.715001731960262,4.430991551750858,4.535859752985423,forward,Germany,1.0549118147460452,0.0,0.15263396697709072,0.18205101019666034,0.18635960833982662,348,0.107809953554476,659,0.2431477679997813,356,0.028898466407194238,2460,P. De Blasis,Mainz 05,True,198.0,104.0
15524,2053,31,6,5.563613707944187,5.664415024709752,8.479975464416103,midfielder,Italy,1.0070921581531442,0.011690209449585971,0.1517595555990621,0.1545091287792236,0.2313096083815401,177,,965,0.17085686536407063,911,0.050837174682212945,3157,H. Çalhanoğlu,Milan,True,199.0,70.0
7922,1796,29,4,4.856795650086253,5.2280960704529145,6.912038158220021,defender,England,0.9446589778954807,0.0,0.15143683541471614,0.16301413137269666,0.21552012074628127,381,0.06768563404104644,832,0.2598726738345843,583,0.051420695033992006,1611,C. Smalling,Manchester United,True,200.0,26.0
22202,1198,33,13,3.238588392293163,4.1876425529029495,6.416179779735838,forward,Spain,1.0674333183546323,0.0,0.15138643569984733,0.1957495684161646,0.299921592374964,112,,578,0.3685065086399722,508,0.03206965071070757,674,S. Zaza,Valencia,True,201.0,105.0
242446,2954,34,3,7.974197602588083,8.27035748057232,9.600898793694396,defender,France,1.1006747857125043,0.0013540961408259986,0.15116962279787835,0.1567840280677217,0.18200756007003593,655,0.07512203328250765,1681,0.21822592152658307,618,0.04937275058042713,3770,L. Dubois,Nantes,True,202.0,27.0
40301,2453,33,2,6.615846201848334,8.238016482473991,6.794774666155791,defender,France,1.1189611851464756,0.009376273950264982,0.15103440167285231,0.18806723319141602,0.15511919335700136,559,0.09982541638134085,1275,0.2191258453160705,619,0.05702669914111034,3770,Lucas Lima,Nantes,True,203.0,28.0
250134,1532,34,5,4.120279816959586,4.183560289293286,5.50899985758195,forward,France,0.9871675663593584,0.0039164490861618795,0.15061075048938435,0.15292387480445432,0.20137336294033237,626,0.25526138006615606,728,0.062884141642886,178,,3776,Luiz Araújo,Lille,True,204.0,106.0
7879,785,20,3,2.1083074718099217,2.512577016894198,2.686232915463253,forward,England,1.012734335061036,0.0,0.15040155212911543,0.17924116298863066,0.19162935447890722,180,,413,0.23680793674511047,192,,1623,T. Walcott,Everton,True,205.0,107.0
286223,2745,34,6,7.366319881205289,8.457408249044068,8.693761937451447,midfielder,Italy,1.0106802869977862,0.0018214936247723133,0.15027829265846857,0.1725372903265821,0.17735907777678725,970,0.10925740640673651,1355,0.21960400382738776,420,0.02135905701631268,3173,N. Barella,Cagliari,True,206.0,71.0
354547,1864,36,4,5.001680385601709,4.90900131065866,6.8435980548631505,midfielder,Italy,0.9163771017046431,0.004828326180257511,0.1502650759622831,0.1474807260712902,0.20560165830060967,699,0.047068548000882754,661,0.2945406470288958,504,0.10417027550590978,3163,J. Jankto,Udinese,True,207.0,72.0
3563,2388,30,7,6.396120642155168,7.522158068537139,9.616957707799061,midfielder,Spain,1.0344386555676617,0.0,0.14999277887801063,0.17639901668261299,0.22552329633029625,86,,1208,0.26033445699343605,1094,0.04092604127792961,675,Isco,Real Madrid,True,208.0,73.0
8498,840,22,3,2.249231352596979,2.529056446125812,4.210974196745514,midfielder,England,0.9649084156809719,0.0,0.1499487568397986,0.16860376307505415,0.28073161311636763,291,0.09508512623557493,414,0.18907294927863919,135,,10531,A. King,Swansea City,True,209.0,74.0
83836,864,22,2,2.309199935009679,2.5704472145313053,3.6767306469482075,midfielder,Germany,0.9734214699912614,0.0,0.14967036615803475,0.1666030602011031,0.23830661600590233,338,0.08835050672274833,432,0.17677481278496912,94,,2460,A. Maxim,Mainz 05,True,210.0,75.0
7929,1706,23,1,4.556519714424237,6.136108785833144,5.059625101618929,midfielder,England,1.004812254938412,0.0,0.14956922860947083,0.20141974912465183,0.16608382514106684,473,0.11101311729911151,750,0.2441023627514607,483,0.040536495779879944,1644,T. Cleverley,Watford,True,211.0,76.0
213948,2025,37,4,5.386495068701621,5.471909793666616,7.0361948395090375,midfielder,Italy,0.9633056652170969,0.007407407407407408,0.14895986362829175,0.15132194984954592,0.1945811906234598,789,0.18700060074760766,769,0.18519978238945162,467,0.025014169593019435,3163,R. de Paul,Udinese,True,212.0,77.0
11066,2167,33,18,5.753072340249502,8.451441839031885,11.36058952882864,forward,England,0.9224058650916475,0.0,0.14867192019103465,0.21840366542952724,0.29358237822538247,108,,907,0.21481091239070874,1152,0.06545798219782663,1625,R. Sterling,Manchester City,True,213.0,108.0
20516,1508,28,2,3.999829082790004,5.5741496418583205,6.086961157322275,defender,Italy,0.8767635122304199,0.007957559681697613,0.1485347670001593,0.20699759943240448,0.2260409978846468,675,0.06769548016943837,580,0.2864728240277059,253,0.04799107346165971,3197,D. Faraoni,Crotone,True,214.0,29.0
105333,1734,36,6,4.598194420971227,5.507458808091154,6.5171041329588455,midfielder,England,0.9622208182716027,0.0,0.14849993516400734,0.17786487500179043,0.21047164443235025,231,0.26001650159613643,760,0.1760387943952389,743,0.0856602852830412,1610,Willian,Chelsea,True,215.0,78.0
7623,1672,36,8,4.420553048955398,4.458616490267202,6.300361991555339,forward,Spain,1.009283619995799,0.0,0.14805680068271668,0.14933165278406896,0.21101690880807353,429,0.2558154651137713,811,0.16185009561176342,432,0.015152103394801579,691,Léo Baptistão,Espanyol,True,216.0,109.0
14991,2725,34,5,7.203592114879558,8.75184354308717,9.592235340998492,defender,Germany,0.9833546616091231,0.0,0.1480371223608276,0.17985439941757123,0.19712483636547362,926,0.1161387969267725,1196,0.21125306659116808,603,0.07163841598014417,2454,M. Ginter,Borussia M'gladbach,True,217.0,30.0
278278,1673,33,10,4.415843226596582,5.281549748776536,5.870911402116091,forward,Spain,0.9787897841166949,0.0,0.14781065193628726,0.17678827610967485,0.19651586283233777,469,-0.009676797169010747,836,0.2270148032296557,368,0.1685903887545719,696,Munir,Deportivo Alavés,True,218.0,110.0
209091,1681,26,6,4.4224779220497235,4.401951817117524,7.47742106259625,midfielder,Germany,0.8799888286746681,0.0,0.1473282353568022,0.14664443888077416,0.24909909548208803,275,0.1770139535262852,697,0.23469949611575505,709,0.04992154812746802,2444,C. Tolisso,Bayern München,True,219.0,79.0
14762,892,27,7,2.3453857407617607,2.076880096407879,3.613845421769192,forward,Germany,0.9446231664563272,0.0,0.14724394785051412,0.1303870912543063,0.22687818791376094,238,0.3338589792190082,418,0.11657388477413168,236,0.013369833020964393,2457,V. Ibišević,Hertha BSC,True,220.0,111.0
276944,2203,34,7,5.789367158394409,5.95597888395119,6.625514269802463,forward,France,1.0004700563419013,0.008624602814344077,0.1471650299001756,0.15140028030016642,0.16841979078934993,665,0.2018679562780101,940,0.19174599337067186,598,0.01625608056317496,3782,J. Bamba,Saint-Étienne,True,221.0,112.0
353833,1426,28,13,3.746905939717286,3.6754131087576694,8.602306923792405,forward,France,0.9083130440855964,0.004908835904628331,0.14714357126519495,0.14433599866089022,0.3378185047211604,168,,582,0.2215601286547381,676,0.09426640232622577,3767,K. Mbappé,PSG,True,222.0,113.0
20593,1252,32,5,3.28715768147195,3.946882215391156,4.402743714179026,midfielder,England,0.9365007417803305,0.0,0.14702941706264314,0.17653786266925298,0.1969278338610427,493,-0.006598020442297395,558,0.34990431027320906,201,-0.039367914885417105,1644,R. Pereyra,Watford,True,223.0,80.0
146583,2007,34,9,5.245628869204437,6.053760533120558,11.583500242679346,midfielder,Germany,0.9591996051837323,0.0,0.14636532968383084,0.16891409559280082,0.32320678305433154,503,0.05152727198121139,939,0.20220444824412778,565,0.1379947291463065,2446,J. Brandt,Bayer Leverkusen,True,224.0,81.0
14763,864,27,6,2.2569203358169223,2.3007521120929,4.190873365064499,forward,England,1.0016285141149213,0.0,0.14628187361776349,0.14912282208009536,0.27163068106899535,144,,501,0.12059051736452578,219,0.09753706536973676,1631,S. Okazaki,Leicester City,True,225.0,114.0
221172,1075,15,1,2.807328137616311,3.250429216457926,3.6812068214744973,defender,Germany,1.034522746698469,0.0,0.14624220995954737,0.16932468476431986,0.19176519256053196,322,0.09195052464860314,573,0.11272243873733301,180,,2460,A. Hack,Mainz 05,True,226.0,31.0
289711,2144,27,5,5.592217760082541,6.241174922036286,7.317253054249549,midfielder,Germany,0.9504848304772883,0.0,0.14606538925588725,0.1630157628890075,0.1911222812677121,599,0.09450906563932726,943,0.23602174510788376,602,0.05645308739191176,2975,N. Keïta,RB Leipzig,True,227.0,82.0
26010,746,29,7,1.9425815684020724,2.8035757230960714,2.4677400994048746,forward,England,1.0636156149425313,0.0,0.1458238174671797,0.21045608645225203,0.1852459055853525,164,,312,0.17408029812501624,270,0.023996988093494393,1610,O. Giroud,Chelsea,True,228.0,115.0
105523,1365,21,1,3.5534037712945774,4.0518487117507265,4.253831926192562,defender,France,1.1240788062208382,0.01098901098901099,0.14578066754029037,0.16622969073849134,0.17451618158738716,209,0.3044491438694589,874,0.1258043264624826,282,0.09009843544528229,3789,Danilo Avelar,Amiens SC,True,229.0,32.0
20764,999,29,7,2.5946950590554545,3.518740458878658,3.5255117834355594,forward,Spain,0.8790980927378675,0.0,0.14544837167878424,0.19724671240961447,0.19762628615854988,359,0.05726059102340342,398,0.23860217712158918,242,0.12306902741864102,680,L. Muriel,Sevilla,True,230.0,116.0
25889,1187,29,5,3.063327064932617,2.938753163875061,5.5848127054380345,forward,France,0.9665328989271358,0.002527379949452401,0.1445209061804773,0.13864378869166252,0.2634789481925273,351,-0.011831532722261829,486,0.28526963795106275,350,0.10588039879292561,3782,R. Hamouma,Saint-Étienne,True,231.0,117.0
295273,1178,28,2,3.0311390623111545,3.670053188906778,2.8991087505992557,midfielder,Italy,1.0672704178256736,0.016129032258064516,0.14409489600120937,0.1744677237510862,0.13781841259215477,269,-0.006770101011668344,657,0.2727390037359652,252,-0.030256272987959146,3166,G. Donsah,Bologna,True,232.0,83.0
15191,1564,31,5,4.015312022535194,4.670128060320076,5.29091601879754,midfielder,Germany,1.0545134214894492,0.0,0.14377076295522434,0.1672168614948365,0.18944456333290424,391,0.11662729132077575,755,0.1874472949048276,418,0.09027151842680078,2451,Y. Mallı,Wolfsburg,True,233.0,84.0
397046,2414,32,6,6.1848307331763515,7.471375225807038,6.878732499248537,midfielder,France,0.9413622832371822,0.011184755592377795,0.14347577508611253,0.17332104914879626,0.15957291630402573,492,0.2968881883058702,930,0.16138250264111437,992,0.05060060983382173,3766,H. Aouar,Olympique Lyonnais,True,234.0,85.0
15194,875,16,1,2.2333723932132403,2.8508510115845414,2.727687495000238,midfielder,Germany,0.8204021376439536,0.0,0.14293583316564737,0.18245446474141064,0.17457199968001522,539,0.1935392769088528,245,0.07476657092784583,91,,2463,M. Risse,Köln,True,235.0,86.0
141172,2128,35,5,5.40971516053786,5.183887709941053,6.782005099093732,midfielder,France,1.030207334434084,0.006578947368421052,0.14236092527731212,0.1364180976300277,0.1784738183972035,658,0.14822129717332647,1087,0.1776572806745928,383,0.032117418686133076,3779,J. Aholou,Strasbourg,True,236.0,87.0
15456,1445,28,4,3.6648469490289455,4.488565817768657,4.792942901452988,midfielder,Germany,1.0614658825179377,0.0,0.14202867068901104,0.17395133965055,0.18574726815319537,400,0.03903514816690876,822,0.17692415044325935,223,0.1981422341457322,2455,F. Klaus,Hannover 96,True,237.0,88.0
110,1452,23,0,3.6818457213839255,4.6004550433938425,4.398491154443359,defender,Germany,1.0729792657320176,0.0,0.14199955950241036,0.17742801820251733,0.16963877730635546,448,0.08393536004913231,743,0.20467195580864475,261,0.06325308785312451,2462,J. Willems,Eintracht Frankfurt,True,238.0,33.0
14689,2434,34,7,6.146284589679569,7.708930648488244,7.488636642426166,defender,Germany,1.0170134539072146,0.0,0.14140999877652255,0.1773624142626712,0.1722940229974796,496,0.16236266506504074,1160,0.19781562275016568,778,0.04395107038509441,2449,Naldo,Schalke 04,True,239.0,34.0
15039,792,12,0,1.9978327326844125,2.590059590175436,2.201764358324211,defender,Germany,1.0543990874537053,0.0,0.14126090029081706,0.18313552657806115,0.15568030816433814,368,0.07935287923367848,387,0.2064103446215685,37,,2463,K. Rausch,Köln,True,240.0,35.0
265172,2041,34,7,5.143418973714976,5.2332227537238145,7.260781110293483,midfielder,Italy,0.9467999266386711,0.006859382655560999,0.14112271559433545,0.14358670955832123,0.1992179040550882,706,0.045866000245624705,828,0.30441172365642155,507,0.007094988495287094,3163,A. Barák,Udinese,True,241.0,89.0
15085,1086,25,12,2.735457837892297,2.3661531272018026,5.885153287317727,forward,Germany,1.0001903011877857,0.0,0.14105491613440943,0.12201157930322372,0.3034701510955734,256,0.3039276069811965,427,0.10859963995051662,403,0.07198045974171646,2482,S. Wagner,Hoffenheim,True,242.0,118.0
220359,2229,35,2,5.607328955881299,6.97121237075149,6.629269847841493,midfielder,Italy,0.977779212067966,0.0026917900403768506,0.1408750208745414,0.17514037360344706,0.16654962381297606,862,0.08268806342603825,954,0.22741230930523362,413,0.062426072103910185,3173,P. Faragò,Cagliari,True,243.0,90.0
25541,3121,36,8,7.814387431851384,7.837700695248736,11.876872107222459,midfielder,Italy,0.9655638679645852,0.004485741749439282,0.14021329579739747,0.14063160491314616,0.21310632425647477,814,0.1134224661291147,1386,0.20278131211431258,921,0.06973388725748202,3176,J. Veretout,Fiorentina,True,244.0,91.0
29641,1128,31,2,2.822081952253354,2.958228490868442,3.2235259033690893,midfielder,France,1.0447204799969136,0.0008865248226950354,0.1401033593317268,0.14686240734807868,0.1600332008764796,402,0.0349860966561483,659,0.21875550179909917,67,,3795,B. Pelé,Troyes,True,245.0,92.0
14706,1836,29,3,4.5871553664152165,5.415608155756044,5.300900082040564,midfielder,Germany,1.0348173092162958,0.0,0.1399132355769347,0.16518194810584882,0.16168322690319803,583,0.06483024888561048,1002,0.20367737128914257,251,0.059760714690120946,2450,A. Hunt,Hamburger SV,True,246.0,93.0
9637,1988,33,8,4.956134107874437,4.815910263341001,5.759639391700519,forward,England,1.055081385217449,0.0,0.13960941148942077,0.13565944403777466,0.1622433631464935,716,0.2847321895069301,1017,0.07147829708989197,255,0.003850330249358604,1659,J. King,AFC Bournemouth,True,247.0,119.0
15399,2181,29,1,5.425409150030406,6.1853506868443064,6.392056354979043,defender,Germany,1.0263190395099873,0.0,0.13930440733686508,0.15881689062965665,0.1641243264001955,690,0.10776507534442396,1116,0.1905681843352343,375,0.04477577785581,2460,D. Brosinski,Mainz 05,True,248.0,36.0
127796,1717,30,5,4.259003700584079,4.89679667326807,4.855912473196884,midfielder,Germany,1.0104849787085528,0.0,0.13890751731666187,0.1597091518363494,0.15837571257951402,547,0.23184108833804848,886,0.12899652071803072,284,-0.009168258606969591,2450,F. Kostić,Hamburger SV,True,249.0,94.0
20927,2648,35,5,6.525963498619966,8.155835626120409,6.446975692905581,defender,Italy,1.085294666638659,0.0056646525679758305,0.13801131265963673,0.17247990750103584,0.13634087568078268,546,0.2667085104536522,1591,0.14467347443390155,511,-0.02024342193603401,3185,L. De Silvestri,Torino,True,250.0,37.0
14801,1455,19,2,3.580201590852002,3.1824732573335615,4.535993788927966,defender,France,1.0833976762934734,0.003436426116838488,0.13779470040392586,0.12248694323758037,0.17458120424739937,388,0.07941796934139675,697,0.1626854461306691,370,0.15212259737884815,3782,N. Subotić,Saint-Étienne,True,251.0,38.0
410062,1289,18,2,3.1682003068597426,3.100396418174415,4.1234181347052035,defender,France,0.9665141363431764,0.003878975950349108,0.13764097531741318,0.13469526719764718,0.17913996551085445,218,0.028591423583271162,594,0.22557962727230751,477,0.07797062524788634,3772,J. Koundé,Bordeaux,True,252.0,39.0
208865,1232,21,4,3.024095155410743,2.9093738983786888,6.210917114127616,defender,Italy,0.957799734342474,0.00974025974025974,0.13745887070048832,0.1322442681081222,0.282314414278528,172,,546,0.2386792668222825,514,0.04527788337551903,3162,Bastos,Lazio,True,253.0,40.0
254408,1953,37,8,4.788778654994382,5.58859164820088,7.1615882509074655,forward,Spain,1.0724398941165159,0.0,0.13731264960557368,0.16024635550396787,0.2053502007428664,120,,1089,0.23440131427780608,744,0.02445593358689294,679,Á. Correa,Atlético Madrid,True,254.0,120.0
3645,1667,26,4,4.080710345922322,4.616907590177409,5.748667000873266,midfielder,Spain,1.0214149875569365,0.0,0.13708445073284345,0.155097075614838,0.19311658791175937,606,0.19151570504076917,839,0.12001421229071327,222,0.05301503605871831,683,Chory Castro,Málaga,True,255.0,95.0
7934,1590,33,8,3.8757848360568072,5.701519403544446,6.691767515686046,midfielder,England,0.948936015872298,0.0,0.1365056294460259,0.20080823056508743,0.23568489363422554,334,0.25696666790245215,709,0.04451547294295254,547,0.18218576494188085,1611,J. Lingard,Manchester United,True,256.0,96.0
20402,2100,31,6,5.076487076000452,5.598069935305389,5.934643578146788,midfielder,Germany,1.0748735104064524,0.0,0.13537298869334538,0.14928186494147705,0.15825716208391433,502,-0.058904103798035456,947,0.3178957194728981,651,0.019671106024277518,2462,K. Boateng,Eintracht Frankfurt,True,257.0,97.0
69616,1401,25,6,3.386288696528605,3.989315034158651,4.160620843165675,forward,Germany,1.041484020474675,0.0,0.1353548658141341,0.1594587022932794,0.166306043695416,344,0.0753478642798122,536,0.3354881091062884,521,-0.0309196253121384,2462,A. Rebić,Eintracht Frankfurt,True,258.0,121.0
209086,1969,33,8,4.754497311298388,5.260139409058085,8.34935023064813,midfielder,France,0.9808469227228099,0.0015236160487557136,0.1352218636021888,0.14960274601688814,0.2374624748178239,438,0.13431833386766404,865,0.21369102988803887,666,0.03390041793621507,3771,M. Sanson,Olympique Marseille,True,259.0,98.0
340386,1143,29,13,2.7593179598291546,3.5266169519717736,4.901631745368244,forward,England,0.948588138654015,0.0,0.1351896813214634,0.17278263281751471,0.24014993678094634,47,,539,0.1740073924252475,557,0.0475691637219541,1625,Gabriel Jesus,Manchester City,True,260.0,122.0
8561,1973,29,4,4.74685353382025,4.833862252589383,6.7332445678350465,midfielder,England,0.979578320369592,0.0,0.13473076426453826,0.13720034776736212,0.19111084429739617,572,0.11984551310357801,1075,0.16067166879110628,326,0.0753071179394114,1633,M. Noble,West Ham United,True,261.0,99.0
336829,1457,26,2,3.4992936352992494,4.060285984671248,4.278116405401209,defender,Germany,0.998530719302634,0.0,0.1344958432235813,0.15605766310335614,0.16443000597286733,568,0.09135229802513953,738,0.16837375061233295,151,,2453,R. Koch,Freiburg,True,262.0,41.0
214654,1292,28,8,3.090785646951965,3.1777671182652463,5.573622686436823,forward,England,0.9594520029684479,0.0,0.13396594135395512,0.13773603608580015,0.2415811690715651,368,-0.044591734001000194,612,0.20632123431410399,312,0.20264474019694373,1673,S. Mounié,Huddersfield Town,True,263.0,123.0
20820,2090,31,11,4.9787705457675875,5.96356113497478,11.267531346079751,forward,Italy,1.0351363708752876,0.007177033492822967,0.1334024643842033,0.15978919787492232,0.30190514611505553,460,0.1685976009463617,1027,0.09945400746391131,603,0.16437311519439737,3172,J. Iličić,Atalanta,True,264.0,124.0
116171,1086,22,5,2.5855705498088972,2.754608813567539,3.5503652276694706,midfielder,Italy,0.9735410226196691,0.003683241252302026,0.13332592153710704,0.14204244342521377,0.18307592334207215,398,0.06591565919552632,538,0.16826272030339506,150,,3173,João Pedro,Cagliari,True,265.0,100.0
3474,1524,26,1,3.624511616482688,4.516377542636342,3.0071512799459876,midfielder,Spain,1.0736785172341572,0.0,0.13318415388650298,0.16595613017561364,0.11049899716336962,379,0.07325721757903109,928,0.1913710040976791,217,-0.01098675918003891,680,Jesús Navas,Sevilla,True,266.0,101.0
105378,1046,26,4,2.4876765463323163,2.9233638764424374,4.269031370430157,midfielder,Germany,0.9602551077448817,0.0,0.13318344798719858,0.15650896470437525,0.22855234870371777,262,-0.00659354135308395,421,0.23307517990238935,363,0.11821692476642373,2449,Y. Konoplyanka,Schalke 04,True,267.0,102.0
217872,840,26,0,1.996949146234407,2.617475052671916,2.892995206917048,midfielder,France,1.1887458378120497,0.008333333333333333,0.13312994308229378,0.17449833684479438,0.19286634712780318,131,,557,0.1342537714281704,152,,3770,J. Iloki,Nantes,True,268.0,103.0
7967,1947,30,1,4.60278882430155,4.909211824352375,6.141466388262742,midfielder,England,1.036856154682626,0.0,0.13238632468458492,0.1411997237615475,0.17664207382779332,623,0.13123805856071397,971,0.16874882731964702,353,0.03439023328664238,1613,J. Shelvey,Newcastle United,True,269.0,104.0
9227,2205,35,3,5.211261122151779,6.901363747587066,6.243460786286227,midfielder,England,1.0809195091063644,0.0,0.1323494888165531,0.1752727300974493,0.15856408346123751,535,0.07546753681125391,1200,0.20915190876945852,470,0.0010068087726139339,1613,M. Ritchie,Newcastle United,True,270.0,105.0
207164,749,13,2,1.7690019418822023,1.6326635431276844,2.374535667982603,midfielder,England,1.195052186897343,0.0,0.13226182743044504,0.12206830228992033,0.17753537704542827,143,,462,0.1258477162040423,144,,1639,B. N'Diaye,Stoke City,True,271.0,106.0
340019,876,24,2,2.064535201717788,1.7676199095953262,3.7590602610270527,midfielder,Italy,0.8867209441690385,0.0,0.1319794192878951,0.11299853303349117,0.24030522216611297,114,,265,0.4050207089204124,497,0.023291462254753596,3158,Gerson,Roma,True,272.0,107.0
15719,2223,27,3,5.227394096169487,5.473497170551321,6.947884177662517,defender,Germany,1.0990789325097925,0.0,0.13168424173886245,0.137883869343623,0.1750254223792627,288,0.06043506754607299,1330,0.19529094506536973,605,0.025771591727736343,2482,B. Hübner,Hoffenheim,True,273.0,42.0
14731,1339,28,9,3.148407003849771,2.9489841963094117,3.1943871293959103,forward,Germany,1.0501407811862207,0.0,0.13167348186376937,0.1233331702713421,0.13359647441835024,187,,592,0.31603212037716094,560,-0.07428330752638673,2445,M. Gómez,Stuttgart,True,274.0,125.0
25605,2179,36,12,5.116394916788483,7.586963949631478,2.763448951118477,forward,France,1.1334124888969295,0.0027535566773749425,0.13149064494729468,0.19498392894876676,0.07102025757807927,404,0.11712330832557916,1233,0.21019217391719464,542,-0.036838840707158454,3770,E. Sala,Nantes,True,275.0,126.0
14845,896,23,7,2.1027106153924335,1.7778506701654118,4.224465995551202,forward,Germany,1.040500822862666,0.0,0.1314194134620271,0.11111566688533824,0.2640291247219501,171,,381,0.16423605347935072,344,-0.08989007685253557,2445,D. Ginczek,Stuttgart,True,276.0,127.0
25800,1450,23,2,3.3886190136162377,4.582627774920082,4.023712909771748,midfielder,France,1.0392633240722946,0.011034482758620689,0.13087080328448916,0.1769842451003618,0.15539856754980544,380,0.02242567360619997,755,0.19310358938335395,315,0.11253237716736862,3785,É. Didot,Guingamp,True,277.0,108.0
3293,1346,30,2,3.137946991834359,3.833251529865468,4.357283090066744,forward,Spain,1.0686479798872472,0.0,0.13055351526205358,0.15948149009841472,0.1812836946833118,379,0.05386010794221186,741,0.16928617121209805,226,0.1321725564799166,691,P. Piatti,Espanyol,True,278.0,128.0
20661,984,35,7,2.2923696613439284,2.9159164990081345,3.0220656130444024,forward,Italy,1.057385553134436,0.018292682926829267,0.13046006202770324,0.1659464674232272,0.17198747391309605,234,0.023633408883094714,546,0.20598577086395153,204,0.05085417874950139,3204,A. Paloschi,SPAL,True,279.0,129.0
26498,2696,31,3,6.2736007772973394,7.168014293982083,8.473739453049667,defender,France,0.9989543221281548,0.002967359050445104,0.13031218231774888,0.14889050462277323,0.1760123921998447,959,0.07266259777761605,1333,0.18004505710635285,404,0.10306473053749712,3779,K. Lala,Strasbourg,True,280.0,43.0
3475,1651,25,5,3.839471587409753,4.2889316721135335,7.384177923983404,forward,Italy,1.014055160810885,0.005451241671714113,0.13023041120226903,0.14547557458410532,0.25046272788798946,371,0.07869138291098576,640,0.23227191997241153,640,0.05806543289472984,3158,D. Perotti,Roma,True,281.0,130.0
169002,2042,26,2,4.726912847453769,4.932678477500977,6.266193579805777,defender,Spain,1.0173691631631694,0.0,0.12963130237875176,0.13527423836437547,0.17184468191436017,690,0.16572939264687986,1118,0.10994350708528014,234,0.11725212653726833,712,Diego Rico,Leganés,True,282.0,44.0
215036,2062,32,3,4.7448882013648745,4.36344368682729,5.588776332110537,defender,France,0.9981812845937224,0.004364694471387003,0.12886214319904607,0.11850283533575572,0.15178054054228424,751,0.18159967663405904,1001,0.12086379949533033,310,0.026928125256222676,3804,C. Yamberé,Dijon,True,283.0,45.0
151,816,25,3,1.8736091286831777,1.717689230953478,2.556551066844734,forward,Spain,0.9978163041950193,0.0,0.12858101863512003,0.1178806334968073,0.17544958301875627,146,,381,0.3234273578204758,289,-0.023534624555462406,696,J. Guidetti,Deportivo Alavés,True,284.0,131.0
15231,1702,31,14,3.9023551531882745,4.405320934412307,6.882533322464134,forward,Germany,0.9810516704402686,0.0,0.12839711432346848,0.1449459296868914,0.22645233023383754,367,0.12379504329149849,833,0.2036526531854221,502,0.006885353759176916,2446,K. Volland,Bayer Leverkusen,True,285.0,132.0
14722,2815,34,5,6.452559984834119,7.404388737886914,8.992684729164676,midfielder,France,0.9950437896385879,0.004262877442273535,0.12836353788657573,0.14729867471462424,0.17889532676135766,380,0.04798210102053959,1376,0.20902290463449258,1059,0.05240287439645315,3771,Luiz Gustavo,Olympique Marseille,True,286.0,109.0
224680,1794,28,5,4.1064651989610415,3.8177592204914097,5.945054016978006,midfielder,Germany,1.0616119984466548,0.0,0.12818397499543943,0.11917197120820454,0.18557582215761892,399,0.3447147544436558,832,0.09256458227519689,563,0.02736613084517912,2462,M. Wolf,Eintracht Frankfurt,True,287.0,110.0
54,3407,37,11,7.793872793076224,7.985090813419675,14.044661163401432,midfielder,England,0.9876185462574542,0.0,0.12810592204645393,0.1312489244354276,0.23084855449089528,596,0.11269923670302572,1649,0.19476209337868108,1162,0.04141604075371785,1624,C. Eriksen,Tottenham Hotspur,True,288.0,111.0
8306,3587,35,2,8.203556370002,9.398911777132277,10.394708569056384,defender,Italy,1.0218182121389325,0.004460551993309172,0.128073364014528,0.1467351713184855,0.16228148309650337,522,0.08228027330311627,1771,0.2059763811425474,1294,0.039926339298635115,3158,A. Kolarov,Roma,True,289.0,46.0
215130,1105,26,5,2.518761569695089,2.807894489135379,2.7166316155280485,forward,France,0.9838360372898558,0.004524886877828055,0.1276476451610181,0.1423005351960011,0.1376754483887518,311,0.14947547984703655,574,0.13823793402412934,220,0.069159997912029,3779,Nuno Da Costa,Strasbourg,True,290.0,133.0
8032,2502,33,7,5.695623309819562,6.486931225603303,8.481832971421893,defender,England,1.0073795779621326,0.0,0.12747997815743226,0.1451911065682594,0.18984118561136132,316,0.1769779603047465,1306,0.1564216091470805,880,0.06675369130398685,1610,Marcos Alonso,Chelsea,True,291.0,47.0
286915,1133,22,1,2.5786090612965666,2.833271356217915,2.989125466079586,defender,France,1.0299537240598458,0.02030008826125331,0.1274511098257791,0.14003812528526324,0.1477414175643926,426,0.14720047366175543,552,0.12198556161548617,155,,3785,F. Eboa Eboa,Guingamp,True,292.0,48.0
25457,1554,22,3,3.533017668518628,3.3358327674262362,4.9798675685710405,defender,France,1.165655883297678,0.007078507078507079,0.1273159520186893,0.12021018981716167,0.1794546871557132,170,,1117,0.12359219759858266,267,0.026274508977321104,3787,J. Roussillon,Montpellier,True,293.0,49.0
26065,2600,36,4,5.898880479683913,6.5558958764494975,7.557800037377753,midfielder,France,1.0036511268222257,0.0007692307692307692,0.12705281033165353,0.1412039111850661,0.1627833854204439,914,0.15066665426908238,1318,0.1409727562521569,368,0.018548619891345253,3779,J. Martin,Strasbourg,True,294.0,112.0
32652,1302,26,1,2.9457317504107148,3.3426102559673554,3.522962135363536,midfielder,Spain,1.0008710265495004,0.0,0.12669813980261138,0.1437681830523594,0.15152525313391554,522,0.17138568843587743,550,0.13358450055851884,230,0.008809449357768019,677,E. Çolak,Deportivo La Coruña,True,295.0,113.0
8327,1860,36,16,4.205288884895941,4.806516009438005,5.225909474891274,forward,Italy,1.0419385471306717,0.0032258064516129032,0.12661084814740467,0.14471230996157436,0.15733920999672654,254,0.262633941148579,811,0.16692968237421518,795,0.04202161521628316,3158,E. Džeko,Roma,True,296.0,134.0
7914,1538,28,2,3.4753308518276915,3.401977098377288,5.185954975330342,defender,England,1.0285968745037428,0.0,0.12654000500803037,0.12386912711906901,0.18882540872464187,512,0.051230556978734056,797,0.1460922811522633,229,0.22686870939251108,1627,J. Evans,West Bromwich Albion,True,297.0,50.0
74,1530,18,1,3.449515928555994,4.546269558957957,3.5838034504640586,defender,England,1.0540869447741974,0.0,0.12625679215629784,0.166399408693886,0.1311718909973773,57,,929,0.17926112271484274,544,0.04951366040481511,1612,R. Klavan,Liverpool,True,298.0,51.0
93044,1222,23,3,2.7544540800106994,3.52426686807225,3.3438678800900243,midfielder,France,1.0161637773990002,0.0,0.1262270282165296,0.16150486465797545,0.15323780792556577,384,0.058367619219670465,583,0.22037634118973523,255,0.013164140339725839,3795,S. Darbion,Troyes,True,299.0,114.0
143566,2381,27,1,5.353470989789138,5.977172175487013,6.959020860985088,defender,Germany,1.010551775304866,0.0,0.1259111194574514,0.14058027796189532,0.16367289719242542,935,0.08842016146843662,1223,0.1590988830277875,223,0.10109233413551293,2450,Douglas Santos,Hamburger SV,True,300.0,52.0
14732,1566,29,8,3.520277196870969,3.9778657069941348,5.238576297147828,forward,Germany,0.912744778166847,0.0,0.1258847528893833,0.14224807125904954,0.1873309531547116,113,,643,0.23852512921886393,810,0.002687249244821471,2444,T. Müller,Bayern München,True,301.0,135.0
7939,2422,29,2,5.437127509592911,6.06911599778217,7.526550160198389,defender,England,0.9580835492009847,0.0,0.12571393085763957,0.14032638145161086,0.17402428116065638,542,0.11598784740053066,1100,0.17617974399394856,780,0.06130257545227182,1611,A. Young,Manchester United,True,302.0,53.0
25710,824,14,0,1.849351671121532,2.2230077047517036,2.7092879414185593,defender,France,0.9260220307535286,0.00849514563106796,0.12568409415389054,0.1510781935268148,0.1841263649507759,307,0.07249893711469534,379,0.15910894329173475,138,,3776,A. Soumaoro,Lille,True,303.0,54.0
18669,1774,20,2,3.9765618815882418,4.362754745753533,5.475106568214289,defender,Germany,0.895584466903296,0.0,0.1255284472203729,0.1377194282763235,0.1728331272942504,787,0.08401419405487823,680,0.19764965410884505,307,0.07220368030533462,2463,J. Hector,Köln,True,304.0,55.0
448079,1154,24,5,2.5802923080796494,2.930545136095828,3.472392797694864,midfielder,France,1.0871118915936868,0.0017331022530329288,0.12521349155325856,0.14221016258350638,0.16850432987080796,198,,631,0.036566989470527764,325,0.008391555615660391,3774,I. Sarr,Rennes,True,305.0,115.0
26604,1136,22,3,2.53647132233058,2.416786757076968,3.7920090213942146,midfielder,France,1.1018415913256272,0.01056338028169014,0.12503731870643706,0.11913737534886462,0.18693002218140495,162,,682,0.10861093007667309,292,0.08893275161661077,3785,Y. Salibur,Guingamp,True,306.0,116.0
20436,2282,30,0,5.0900769361902265,5.597951217150789,7.24185346205205,defender,Spain,1.0304954266085595,0.0,0.12490986346479083,0.13737303600370035,0.17771419538778035,654,0.10533819240305715,1134,0.16717051588487833,494,0.053809242068018834,701,José Ángel,Eibar,True,307.0,56.0
20803,1060,15,0,2.3568320897264465,3.017054684472081,2.3642168799364662,defender,Spain,1.21560866040603,0.0,0.12451188398554812,0.15939156823626088,0.1249020238457001,194,,821,0.14100253128626186,45,,714,M. Aguirregaray,Las Palmas,True,308.0,57.0
25517,974,27,6,2.161201345435002,2.9409855643791563,0.684736874936576,forward,France,1.087990456854005,0.018480492813141684,0.12425798289975372,0.16909157248997203,0.039368855232493075,320,0.16977220251730607,538,0.1137967756490658,116,,3780,Y. Sanogo,Toulouse,True,309.0,136.0
3560,2417,28,5,5.3371452609657775,4.94145771571247,8.063226571390802,defender,England,0.9425325172999436,0.0,0.1236574822565509,0.1144897112453034,0.1868186545295345,644,0.09265018639419105,1060,0.19831888204933704,713,0.04066675961280119,1609,Nacho Monreal,Arsenal,True,310.0,58.0
21607,2655,33,2,5.857006316096506,6.279093212170094,7.308439766523294,defender,Italy,1.0611669864029514,0.0064030131826741995,0.12353760968037829,0.1324403841361677,0.1541516485594367,824,0.20195683101369824,1442,0.10584701947375222,389,0.023003914819964666,3165,F. Cacciatore,Chievo,True,311.0,59.0
18982,1632,27,1,3.5910181669809473,3.8570669715087282,5.044027808696595,midfielder,Germany,0.9761562385774804,0.0,0.12322121161209132,0.13235033725765244,0.1730793855925302,348,0.051883484084335976,745,0.21047344341307608,539,0.04868061140416038,2482,N. Schulz,Hoffenheim,True,312.0,117.0
3451,1705,30,9,3.741791312849775,3.112691415395715,6.996731064845967,forward,Spain,0.9514805859328557,0.0,0.12289754458626828,0.10223502596021117,0.22980465667529276,726,0.029673835244959573,775,0.16791283891829872,204,0.28365028906894735,677,Adrián López,Deportivo La Coruña,True,313.0,137.0
20935,2608,37,3,5.707670745798823,6.4287083808351335,7.200672507660047,midfielder,Italy,0.8744530663995322,0.004601226993865031,0.12255734730242872,0.13803975050872985,0.15461566734239365,1228,0.10442857083593822,1044,0.17711550100103823,336,0.01929373134856562,3194,Rômulo,Hellas Verona,True,314.0,118.0
254,2785,35,1,6.089917297542359,6.287746651932065,7.457142035866608,defender,Spain,0.9871520975807665,0.0,0.12245435140480149,0.12643224865644367,0.14994612352191383,1191,0.09883832067105278,1316,0.14358425219905913,278,0.12360450665174989,683,R. Rosales,Málaga,True,315.0,60.0
341751,910,19,1,1.98911869774206,1.9176550803695054,1.9484082167045236,defender,Spain,1.113855631251314,0.0,0.12240730447643446,0.11800954340735419,0.11990204410489376,296,0.0550350538260088,535,0.15675037802212166,79,,691,Marc Navarro,Espanyol,True,316.0,61.0
11095,2053,30,1,4.487352170669803,4.8958088146529475,5.270073357590935,defender,Germany,1.0803796368935343,0.0,0.12240220241476327,0.13354373775965178,0.14375260985148192,608,0.08364084372274468,1129,0.15430160107078272,316,0.08301133216824856,2443,M. Veljkovic,Werder Bremen,True,317.0,62.0
26115,2777,32,4,6.049767044892827,6.893538394561636,9.254240891356144,defender,Germany,1.0230378501195156,0.0,0.1219974629146555,0.13901265757848455,0.1866177493395549,964,0.1876322063225742,1504,0.06983566158540735,309,0.17112191778182553,2455,S. Sané,Hannover 96,True,318.0,63.0
20404,2758,37,9,5.9943896223164055,5.530472327199788,7.575021729460523,midfielder,Italy,1.0569179453202322,0.0014503263234227702,0.12171349486936864,0.11229385435938655,0.15380754780630504,505,0.17537143307013972,1519,0.13559701590855497,734,0.056064547662402084,3172,B. Cristante,Atalanta,True,319.0,119.0
265865,3164,35,12,6.8746538753521955,8.039243795342495,9.540805061388646,midfielder,Italy,0.9854216365493119,0.00663716814159292,0.1216752898292424,0.14228750080252203,0.1688638063962592,466,0.2880746137295598,1554,0.14604638540249124,1144,0.02078825533765445,3162,S. Milinković-Savić,Lazio,True,320.0,120.0
26652,2336,35,4,5.072508921644644,5.83279705344303,6.705022671266293,midfielder,Spain,0.9242572465338795,0.0,0.12160124127230312,0.13982732662363428,0.16073684485912346,733,0.06097822478816715,1011,0.21460516776188465,592,0.03783384499173674,692,D. Wass,Celta de Vigo,True,321.0,121.0
22883,1285,16,1,2.789424741852245,3.3369862705832096,3.3256722986378264,defender,Italy,1.164684869360669,0.007003891050583658,0.12156247902235465,0.14542508260907372,0.14493202235308816,313,0.17252329164616353,767,0.11896250316584422,205,0.05348173331840977,3193,A. Izzo,Genoa,True,322.0,64.0
14885,1568,29,0,3.402711417659464,4.069602057565548,4.287997426392443,defender,Germany,1.1113007598025748,0.0,0.12152540777355228,0.145342930627341,0.15314276522830153,267,0.07370174700721693,899,0.15460642446920064,402,0.07930919736366093,2445,D. Aogo,Stuttgart,True,323.0,65.0
25888,1667,31,1,3.613159235445505,4.459514696762247,4.585912208160571,midfielder,Spain,1.0981534362491703,0.0,0.12137787473602177,0.14980973186483854,0.1540558390263899,339,0.07200875757443405,955,0.1886986217642825,373,-0.006115912647921314,698,F. Fajr,Getafe,True,324.0,122.0
3350,2858,32,2,6.184267915350415,7.218080685958573,8.604112251973728,midfielder,England,1.0358735047032501,0.0,0.12117529855130274,0.14143195185923024,0.16859002313174554,532,0.0478078391068655,1398,0.19810778958592323,928,0.04733894721298503,1610,Fàbregas,Chelsea,True,325.0,123.0
135561,1670,25,1,3.6090588447189997,4.504308127160325,4.461183497923916,midfielder,Germany,1.0198213915029788,0.0,0.12102233251752334,0.1510426677371127,0.14959657238547266,346,0.05133864865433971,812,0.1925541920447714,512,0.05466820103419545,2482,F. Grillitsch,Hoffenheim,True,326.0,124.0
3286,3423,34,7,7.392662586307683,9.191243483822593,10.23484907526292,midfielder,Spain,1.0572424749272367,0.0,0.12094335519521772,0.15036799155537986,0.16744129366483307,628,0.1480644434645023,1768,0.16391376361609272,1027,0.03038471301292197,674,Dani Parejo,Valencia,True,327.0,125.0
15139,1341,24,2,2.894619249971919,2.7448693057061244,4.714621410094867,defender,Germany,1.0391156421251004,0.0,0.1208789545103859,0.11462541470510289,0.1968820275654829,355,0.14111089374151495,602,0.077319813505077,384,0.1704629765368055,2462,T. Chandler,Eintracht Frankfurt,True,328.0,66.0
6365,1120,20,2,2.417446474016463,2.324670629429235,3.3362582230264395,defender,Spain,0.9333382734271869,0.0,0.12087232370082315,0.11623353147146176,0.16681291115132196,506,0.03845427525536671,532,0.20291692264593889,82,,712,Bustinza,Leganés,True,329.0,67.0
25558,2477,37,2,5.3410012038353845,5.320236009275666,6.942392817884127,defender,Italy,1.0546216369320203,0.008477997577714978,0.12074932071650446,0.12027986133202959,0.15695357198284665,608,0.021731276825336182,1418,0.16688863757909808,451,0.10916931932996904,3185,N. N'Koulou,Torino,True,330.0,68.0
8317,3252,29,9,6.993308569377998,7.741741497193684,11.34164910799765,midfielder,England,0.8426136940574628,0.0,0.12042597782446736,0.13331412172289245,0.19530515069122645,60,,1281,0.24097595433671554,1911,0.04088228667776982,1625,David Silva,Manchester City,True,331.0,126.0
134387,1596,26,4,3.430547571961746,3.783197395152872,4.729363571074448,midfielder,Germany,1.0116926114084532,0.0,0.1203700902442718,0.13274376825097797,0.16594258144120871,284,0.18265980943144725,712,0.1749917823665369,600,0.026068548510587486,2449,L. Goretzka,Schalke 04,True,332.0,127.0
105334,1766,31,4,3.7833147325303846,4.11696252838004,5.925300679633725,midfielder,Italy,1.0567508368393776,0.0,0.11996921009156372,0.13054920814795146,0.18789175428057114,92,,880,0.19548168894902493,794,0.03735597195943584,3159,Douglas Costa,Juventus,True,333.0,128.0
230883,1798,35,8,3.845333413020807,5.021528316207098,4.159512693029181,forward,England,1.070250816550852,0.0,0.11976566803624315,0.15639910217330227,0.1295510071243794,369,0.08632076259829967,986,0.1556143214696166,443,0.0678342861430037,1613,Ayoze Pérez,Newcastle United,True,334.0,138.0
15125,2427,33,0,5.18896171533999,5.965273046562956,7.277588081560977,defender,Germany,0.9844242277882392,0.0,0.11972882408695484,0.13764124046457582,0.1679212742346167,742,0.1036231862888939,1183,0.1651005878007157,502,0.036612463076560714,2457,M. Plattenhardt,Hertha BSC,True,335.0,69.0
14887,854,11,0,1.8256076860743706,2.245053864628751,2.102082307646187,defender,Germany,1.0734180549369774,0.0,0.11971197941471283,0.1472166468609017,0.13784146279647128,262,0.07039335274665172,502,0.11856238175498462,90,,2451,J. Bruma,Wolfsburg,True,336.0,70.0
20433,1170,20,2,2.490509391381123,2.7503210901994475,2.1196991199777404,defender,Spain,1.048180497187314,0.0,0.11920386830542126,0.13163930004373423,0.10145568437500296,334,0.1272029471454972,681,0.12061060817246884,155,,680,S. Kjær,Sevilla,True,337.0,71.0
65055,1358,29,3,2.889567100790122,3.5405961782681286,4.850833899512165,midfielder,Germany,1.0288062302650158,0.0,0.11915740621814937,0.14600396611414965,0.20003438760874906,353,0.14449014880576783,722,0.09550226427521477,283,0.14790848165761736,2443,F. Kainz,Werder Bremen,True,338.0,129.0
3323,1623,35,16,3.4500351042585606,4.013136025611781,8.655645693004656,forward,Italy,1.0036426699211152,0.0,0.11904002824305569,0.1384692652090325,0.2986544416563529,74,,680,0.19420066445872897,869,0.04847481330479821,3159,G. Higuaín,Juventus,True,339.0,139.0
15122,709,11,0,1.5044524416051852,1.9665542921583012,1.9153791129585416,defender,Germany,0.9044337915557692,0.0,0.11882840159363946,0.15532727836511265,0.1512852331814927,376,0.03886399682989922,256,0.23879934329654462,77,,2463,D. Maroh,Köln,True,340.0,72.0
21842,2558,34,1,5.410755120309374,5.836458386450398,8.130521632548868,defender,Italy,0.9656670508433924,0.003127443315089914,0.11845280951420052,0.12777234935153337,0.17799421869536225,602,0.10417404181954233,1242,0.15903548492754307,714,0.05989837714559102,3176,C. Biraghi,Fiorentina,True,341.0,73.0
3920,1214,22,0,2.5566343445929625,2.826086286942427,3.3859830695806417,defender,Spain,1.139757113909853,0.0,0.11793370947051557,0.13036312361513666,0.15619032281426354,238,0.06631110539047876,825,0.14100995871075883,151,,695,Pedro López,Levante,True,342.0,74.0
192,817,15,1,1.7146705556455284,1.9028124535888695,2.439805689047941,defender,Italy,0.8666847452610369,0.004895960832313341,0.11752943833066046,0.13042533341612816,0.16723270328847578,436,0.0691237715370259,262,0.21648726617906333,119,,3194,J. Vuković,Hellas Verona,True,343.0,75.0
3468,1113,20,2,2.3336682362926715,2.6409104453648924,2.428937640010207,defender,Spain,1.06468417327682,0.0,0.11741726975057468,0.13287599725106378,0.12221069886843808,329,-0.0032421770418744663,635,0.1871982332739038,149,,698,Juan Cala,Getafe,True,344.0,76.0
20414,1181,26,3,2.475139912650749,2.858164746473059,2.4805508137584407,midfielder,Italy,0.8845716484254403,0.0,0.11736480534161045,0.13552686350761328,0.11762137643562462,505,0.007387239668619934,491,0.2567720916704019,185,,3194,M. Valoti,Hellas Verona,True,345.0,130.0
367621,1371,21,2,2.870287145683519,2.8265867592341976,3.772083128414728,midfielder,Germany,1.0485400191667547,0.0,0.11724002929123052,0.11545503903509488,0.1540748761423959,194,,732,0.1900990581540684,445,0.036976600328077994,2482,D. Geiger,Hoffenheim,True,346.0,131.0
4379,2290,23,4,4.790354433837023,4.953453388598154,6.3887124160569595,midfielder,Spain,0.9111820337381119,0.0,0.11714403855671322,0.12113248461200726,0.15623052196471165,970,0.10763738800199375,1084,0.14706583184738595,236,0.01878059411174992,714,Jonathan Viera,Las Palmas,True,347.0,132.0
237034,1932,34,5,4.038770665232219,4.53929441682134,7.627037582007747,forward,France,1.0211729221090062,0.0,0.11706581638354258,0.13157375121221274,0.22107355310167384,324,0.03643965760253012,934,0.16851961226984766,674,0.08452135063760652,674,Gonçalo Guedes,Valencia,True,348.0,140.0
207143,2886,34,7,6.032426048451995,7.500491240512772,11.276719858492577,midfielder,France,0.9275091563384578,0.004158004158004158,0.11705331209747462,0.1455396775705874,0.2188136909478809,475,0.1179814989594547,1277,0.14373199959570546,1134,0.08662159014449285,19830,Fabinho,Monaco,True,349.0,133.0
286380,1876,34,3,3.913665356348673,3.9094955494075303,5.157506598664509,defender,France,1.0598671920204163,0.005863539445628998,0.11682583153279621,0.11670135968380688,0.15395542085565697,664,0.05275712278538142,999,0.17276445302479168,213,0.054191745794673986,3780,I. Diop,Toulouse,True,350.0,77.0
10252,1280,29,3,2.6668988623575007,2.656813297793284,4.127065374507019,midfielder,England,0.9930493070097178,0.0,0.11667682522814067,0.11623558177845617,0.1805591101346821,524,0.09913418422139561,612,0.13206595255077097,144,,10531,S. Clucas,Swansea City,True,351.0,134.0
3676,3586,36,7,7.469926855046216,8.865330120245654,14.648613540652937,midfielder,Spain,1.0032679454587863,0.0,0.11665251084288569,0.13844352669653,0.22875693203473635,941,0.11274174858862356,1787,0.11139976720822496,858,0.13188174179440013,687,Illarramendi,Real Sociedad,True,352.0,135.0
335763,1348,28,1,2.8050411561560105,3.1357001383372136,2.829423274119539,midfielder,France,1.1854916302039502,0.02596439169139466,0.11652989966226748,0.13026647458967652,0.11754280663998085,279,0.22230064466031718,874,0.10006994893744472,195,,3787,J. Sambia,Montpellier,True,353.0,136.0
3320,1438,18,2,2.991862628880948,3.463525814163591,4.611751389942839,midfielder,Germany,0.9572121918147872,0.0,0.11651203561706056,0.13488000388954177,0.179595325338525,316,0.020210524607848147,649,0.18819157341244672,473,0.0824977807538587,2447,N. Şahin,Borussia Dortmund,True,354.0,137.0
3928,1261,19,3,2.616981025300167,2.98275864273008,3.3128444635441774,midfielder,England,1.0891191356824426,0.0,0.1162180312583738,0.1324619222782589,0.14712076919783817,170,,745,0.18737093898259338,346,0.012038485845262462,1631,Vicente Iborra,Leicester City,True,355.0,138.0
235450,1991,27,2,4.1282136492726735,4.780748712410286,5.293838028899524,defender,Germany,0.9398606896963508,0.0,0.11611248837733286,0.13446606122299148,0.1488975035752754,777,0.047744928890224574,936,0.18539952298125303,278,0.07391439245004452,2460,A. Diallo,Mainz 05,True,356.0,78.0
14692,1545,27,1,3.1990238731289287,3.7917339334090108,4.1331945945541,midfielder,Germany,1.084397680555115,0.0,0.11595167436583818,0.13743501635657257,0.1498115840097279,369,0.059858305032077744,919,0.14724825936593894,257,0.08457771198865936,2443,P. Bargfrede,Werder Bremen,True,357.0,139.0
3280,3176,31,3,6.574727780664339,8.11937501372317,7.806267026908001,midfielder,Spain,0.970157388083282,0.0,0.11592719008728053,0.1431627836172851,0.13764198787998994,1105,0.03561255479582321,1534,0.21120038855711673,537,0.009034425737804977,680,É. Banega,Sevilla,True,358.0,140.0
8144,1344,30,3,2.781016713937878,3.130444499296223,4.580570146678296,midfielder,England,1.0513788725790905,0.0,0.11587569641407824,0.13043518747067595,0.190857089444929,356,0.02054831339756072,587,0.13334542666442964,401,0.17493259590765417,1619,J. Ward-Prowse,Southampton,True,359.0,141.0
134294,996,26,1,2.056130117489069,2.2987430417950034,2.0627399346159496,midfielder,England,1.0695408515873839,0.0,0.1156057094170561,0.1292465967274299,0.11597734572137869,256,0.03902367605024546,587,0.17334448650030448,153,,1613,I. Hayden,Newcastle United,True,360.0,142.0
65596,1477,22,3,3.0473343173041636,2.8626586372418945,4.17327062535514,midfielder,Germany,1.0673252556212565,0.0,0.11553874188830952,0.10853682036936094,0.1582282701556451,299,0.10480899743395822,722,0.16369223653929765,456,0.046331220953742876,2975,M. Sabitzer,RB Leipzig,True,361.0,143.0
228946,1041,30,4,2.1473643582297393,2.2120059519055237,4.328533116181049,forward,France,0.8991993972524552,0.004803073967339097,0.11551623829093699,0.11899359587580147,0.232850964943457,220,0.08425084284926773,360,0.11524328600654551,461,0.1306499689190241,3766,M. Cornet,Olympique Lyonnais,True,362.0,141.0
229198,1305,37,4,2.689363292206996,2.8663957496782486,4.573193671749379,midfielder,France,1.049224283896137,0.01685823754789272,0.1154056278648213,0.1230024229746988,0.19624432614403464,285,0.01586773235095071,676,0.15647503578691463,344,0.11716545480121092,3789,H. Manzala,Amiens SC,True,363.0,144.0
340920,1564,31,3,3.2121985275278377,3.820053621005545,3.4792987845842402,midfielder,France,0.9445188221492994,0.007033248081841432,0.11501478103680236,0.1367794135398405,0.12457847310531805,515,0.026041669723027364,744,0.19496713906404398,305,0.07021674154279052,3785,L. Blas,Guingamp,True,364.0,145.0
8351,1609,25,2,3.303155907329979,3.4296109056095716,4.228744790373624,midfielder,England,1.0567686479279956,0.0,0.11496378546331809,0.11936495383103543,0.14717819034240084,485,0.16323704188731286,909,0.09999383262407012,215,0.06935986809233641,1659,A. Surman,AFC Bournemouth,True,365.0,146.0
3310,2604,28,2,5.339735053052178,6.167407637381933,9.749575005490307,defender,Spain,1.0156583084117314,0.0,0.11483301189359521,0.13263242230928887,0.20966827968796362,206,0.16721127325277732,1377,0.13375941631983967,1021,0.07873939706996141,675,Marcelo,Real Madrid,True,366.0,79.0
40756,2618,30,5,5.365166701031861,6.047510020483196,7.9591924779617775,midfielder,Spain,0.9961387133838219,0.0,0.11476292408624303,0.12935850311194003,0.17025010648046582,174,,1241,0.16010439232105744,1203,0.08082238295859008,675,Casemiro,Real Madrid,True,367.0,147.0
20525,1013,22,5,2.0697706577672887,2.206961115499778,4.821727309605217,midfielder,Italy,1.090375829686617,0.004935834155972359,0.11441970072553619,0.12200377341361063,0.2665515590699824,117,,632,0.16939518531450096,264,0.012753294903096127,3185,J. Obi,Torino,True,368.0,148.0
138408,3263,38,4,6.663496180381873,8.116389535900165,8.635704788045633,defender,Italy,1.029541534956165,0.005209929512718358,0.114359726050072,0.1392944572511214,0.1482070083146048,452,-0.006004486598761805,1890,0.17862873891242825,921,0.04154342833825825,3161,M. Škriniar,Internazionale,True,369.0,80.0
149076,781,22,1,1.5944426382989,2.1921061681178524,1.6226245245724442,midfielder,France,0.8510796446729388,0.01792573623559539,0.11432623270773162,0.15718046788040937,0.11634695694757602,328,0.19053109301107002,213,0.11079840763194902,240,0.013310535047926234,3176,V. Eysseric,Fiorentina,True,370.0,149.0
19720,1144,17,1,2.331679854051358,2.510779633560804,3.3910970530746747,defender,Germany,0.9787558545700634,0.0,0.11413817467384269,0.12290529674773167,0.16599775784281626,470,0.0780385147199193,555,0.11596689569074045,119,,2453,M. Gulde,Freiburg,True,371.0,81.0
3542,2697,34,3,5.48581285775078,5.579994117426014,7.779393368304186,midfielder,Spain,0.985108864971501,0.0,0.11390638488470288,0.11586194682085903,0.16152985859289373,526,0.07319711081867869,1302,0.16412388535877218,869,0.06330787227422018,682,Trigueros,Villarreal,True,372.0,150.0
295761,2102,36,3,4.2725879328572125,5.21467839450354,4.215354553018199,forward,France,1.055555958756495,0.0019029495718363464,0.11382727128449281,0.1389257802531866,0.11230249998526125,660,0.05323958711621782,1184,0.16975179947832175,258,0.012173124654911532,3795,S. Grandsir,Troyes,True,373.0,142.0
225948,1497,28,1,3.040969832008945,3.221773410183447,4.629519135681904,midfielder,Spain,1.016796580935529,0.0,0.11375705450400864,0.12052058181046964,0.1731817445545669,479,0.1834510015696174,641,0.09395237759825198,377,0.05888012413839434,701,Rubén Peña,Eibar,True,374.0,151.0
412897,1037,21,2,2.106093953561807,2.3629093753128085,2.3855407644308455,midfielder,Spain,1.028524257692783,0.0,0.11373313539003008,0.1276016634691584,0.1288238021293417,218,0.07731937752424271,476,0.21219446127069982,343,0.00023636598928033687,682,Dani Raba,Villarreal,True,375.0,152.0
3595,1085,24,0,2.2006025712960424,2.8418569230942263,3.2569846297864116,midfielder,Spain,0.9851249074517595,0.0,0.11357948755076348,0.1466764863532504,0.1681024325051051,410,0.06316604287629951,513,0.17919313404386772,162,,678,Beñat,Athletic Club,True,376.0,153.0
247207,1997,35,6,4.050009199069118,5.485525582751542,7.269214440489277,midfielder,Spain,1.014552208529183,0.0,0.11357061349417658,0.15382545449879137,0.20384376998868278,649,0.046124104888534134,903,0.2000916062133634,445,0.03636685542594335,701,Joan Jordán,Eibar,True,377.0,154.0
134174,2061,30,6,4.171246630073888,5.099361100614302,7.29665344153278,midfielder,Spain,0.9054805057838708,0.0,0.11333809378172623,0.13855614829422655,0.1982593851168538,349,0.16429352130147182,927,0.16946685703456382,785,0.024402032966730495,682,Samu Castillejo,Villarreal,True,378.0,155.0
14715,1624,27,2,3.28497056888681,3.5973523613452207,3.8816383849371907,defender,Germany,1.079346578584825,0.0,0.11327484720299345,0.1240466331498352,0.13384959948059277,385,0.020755363456622534,866,0.15970463934674006,373,0.10097404625357854,2445,H. Badstuber,Stuttgart,True,379.0,82.0
264989,1082,30,6,2.186788461537035,2.0484601463104886,3.7592069044999143,forward,France,1.0624202219549892,0.00831792975970425,0.1131794397838022,0.10602011847817686,0.19456154034380332,330,0.3175328376968224,526,0.0013911159826278175,226,0.07496721415601933,3774,F. Mubele,Rennes,True,380.0,143.0
20475,1716,22,6,3.464626876683912,3.669850215688046,7.590911143283215,midfielder,Germany,0.8603632995057995,0.0,0.11306474655844935,0.11976201170077538,0.24772204197194642,144,,695,0.21449923471663157,877,0.04413861230459679,2444,A. Vidal,Bayern München,True,381.0,156.0
3319,2527,26,4,5.099279591745332,5.5881603912945685,8.007607633132743,midfielder,England,0.8291018948971457,0.0,0.11300342585585224,0.1238373493915694,0.1774539087674846,896,0.05251426222492445,868,0.24508516045539613,763,0.03377845204314866,1609,M. Özil,Arsenal,True,382.0,157.0
6281,2074,30,1,4.183662821838747,4.6926112157786255,5.23895864065738,defender,Spain,1.0329891182846445,0.0,0.11296293058002403,0.12670502800559452,0.14145693533115394,609,0.13906562211539947,1206,0.11216538962444364,259,0.05529997786722985,712,Zaldúa,Leganés,True,383.0,83.0
38021,3970,37,7,8.006565174877483,9.485040845051898,13.767443621454344,midfielder,England,0.9240277392369912,0.0,0.1129389546078436,0.13379402703347765,0.1942007160708925,185,,1651,0.1659750362260128,2134,0.07093154962832597,1625,K. De Bruyne,Manchester City,True,384.0,158.0
28292,3312,37,7,6.671837809305801,7.454808206458308,10.696450940328303,midfielder,England,0.9719932172665786,0.0,0.11280885184816572,0.12604748175171052,0.1808578661408167,1162,0.18164344755737669,1371,0.10579395539572656,779,0.02247717382787168,1644,A. Doucouré,Watford,True,385.0,159.0
22695,1830,24,2,3.685382099234529,3.8168627843047975,4.8316013237236115,midfielder,Italy,0.9073948498279387,0.00546448087431694,0.11277671997657575,0.11680017263446375,0.14785228094454766,795,0.08451181480553863,810,0.15617129134924093,225,0.05642559463931244,3219,N. Viola,Benevento,True,386.0,160.0
6513,1029,19,0,2.07122186885875,2.3563458329117233,2.5490624467304515,defender,Spain,0.9964760161427826,0.0,0.11271955748891155,0.12823650791356317,0.13872448689689532,415,0.08151458247637497,544,0.1202139740674613,70,,712,Raúl García,Leganés,True,387.0,84.0
120717,2184,33,1,4.393202527448629,4.7981929241248,5.3961988283803075,defender,France,1.0426560753051748,0.0004578754578754579,0.11264621865252895,0.1230305877980718,0.138364072522572,724,0.132876624551351,1018,0.11037606077132651,442,0.08473718438175282,3804,O. Haddadi,Dijon,True,388.0,85.0
25999,2549,29,8,5.121959700651872,5.831614211110203,9.91992586987045,midfielder,France,1.0524228870056858,0.010592389172224402,0.11252638024186146,0.12811706387688165,0.21793481707051596,849,0.058916319620223104,1160,0.1507238215149221,540,0.11475954615115884,3782,R. Cabella,Saint-Étienne,True,389.0,161.0
7978,1162,20,0,2.334333852653269,2.727405832304126,2.943285302899587,defender,England,1.0585518267728382,0.0,0.11249801699533825,0.13144124493031933,0.14184507483853434,255,0.004572816405085772,634,0.13495774104328584,273,0.16114805766975443,1613,P. Dummett,Newcastle United,True,390.0,86.0
6210,1684,31,2,3.3785937356206883,4.073339534158299,5.633189603278281,defender,Spain,0.9783732977801632,0.0,0.11235228574510601,0.135455471444694,0.1873269701802754,534,0.0811525157795728,812,0.16204281313423544,338,0.042269353560554765,756,Aday,Girona,True,391.0,87.0
224896,713,17,2,1.4298584323405124,1.8347017697693304,3.148565111776778,midfielder,Germany,0.9790672479719483,0.0,0.11230304657933897,0.1440999987476613,0.2472926314999994,284,0.029067226496338354,340,0.13796725222259942,89,,2460,G. Holtmann,Mainz 05,True,392.0,162.0
20390,1046,17,1,2.0973692080897766,2.221970932030289,3.987144247216477,defender,Italy,0.9614842394654095,0.0,0.11228745282316203,0.11895829081615315,0.21346087748004083,136,,381,0.16747881226864908,529,0.07371260128323731,3157,I. Abate,Milan,True,393.0,88.0
25993,1642,27,0,3.282160880164241,4.572474565146561,3.373176776595246,defender,France,1.147970573441719,0.014616321559074299,0.11193727727722136,0.1559431033180313,0.11504135169874165,360,0.0865523449370723,991,0.12564553973959375,291,0.09665785302375964,3787,Hilton,Montpellier,True,394.0,89.0
4498,1666,33,4,3.3267947298805867,3.4927351510767615,4.852484850039106,forward,Spain,0.9447244618710858,0.0,0.11182503293716257,0.11740286222106762,0.16310873445509602,209,0.4492705391575857,676,0.09868432528202266,781,0.03289674558096046,675,Lucas Vázquez,Real Madrid,True,395.0,144.0
92899,2242,28,0,4.47090573042993,4.914717961242712,6.282549936299684,defender,England,0.9568833824580533,0.0,0.11167293528281716,0.12275834336734694,0.15692363801640602,835,0.11565791206164068,884,0.1525714337636831,523,0.0361820590545129,1644,J. Holebas,Watford,True,396.0,90.0
15775,2226,31,2,4.42893879433252,4.959980331743412,6.290353758306957,defender,Germany,1.0591385943926708,0.0,0.11141984388257913,0.12477937941492862,0.15824789329074107,612,0.0870295831960954,1167,0.14342002591039998,447,0.061269121541776196,2451,P. Verhaegh,Wolfsburg,True,397.0,91.0
21171,3065,38,7,6.0965251502506055,6.717602777223257,10.459157806605761,midfielder,Italy,1.0029849062154859,0.0035889070146818925,0.11138838773704206,0.12273597243866309,0.1910971736280335,380,0.044747749998329256,1504,0.17693618146759177,1181,0.04935583953210055,3187,M. Hamšík,Napoli,True,398.0,163.0
214062,2723,34,1,5.403986688980291,6.14385254376667,8.19963898632293,midfielder,Spain,0.9902785932024529,0.0,0.11113597303815509,0.1263517232651243,0.16863010768787515,716,0.09334826068924076,1227,0.1664640039613325,780,0.04042893213954476,756,Álex Granell,Girona,True,399.0,164.0
209012,1430,20,1,2.82966571706974,2.940491756009673,3.979288766033772,defender,Spain,1.0200908923184977,0.0,0.11081208402510868,0.1151521247108683,0.15583228734118268,315,0.21379003472917205,673,0.10795052664597866,442,0.041779897700164256,687,Kévin Rodrigues,Real Sociedad,True,400.0,92.0
14772,1037,17,1,2.051244261556422,2.334632298057643,2.289742595999039,defender,Germany,0.9920685770634668,0.0,0.11077114623641238,0.1260746467610685,0.12365051627381504,268,0.024897196167193977,495,0.22245027592972336,274,-0.0069914471199321905,2462,D. da Costa,Eintracht Frankfurt,True,401.0,93.0
7932,1554,27,1,3.073423450356488,3.0065098778434196,3.6490929725946475,midfielder,England,0.980682361194878,0.0,0.11075399821104463,0.10834269830066376,0.13149884585926658,625,0.08465291167764075,714,0.13935013085930018,215,0.09166348831580254,1639,D. Fletcher,Stoke City,True,402.0,165.0
3916,1762,26,1,3.48420846798123,3.4594160552994855,5.405310918496856,defender,Spain,0.9798332436741367,0.0,0.11073534290973262,0.1099473888176908,0.1717919474664154,505,0.026755611552151982,824,0.16656083111854827,433,0.10244333840976526,692,G. Cabral,Celta de Vigo,True,403.0,94.0
61988,1476,23,3,2.9177723282390526,3.0634075645141046,4.437347464611934,midfielder,England,1.0853586011591139,0.0,0.11070138914728113,0.11622684526611779,0.16835464635384031,362,0.035295020686676504,789,0.18743436308748904,325,0.008408432051634478,1619,S. Davis,Southampton,True,404.0,166.0
9739,1494,32,2,2.9522893981894183,4.240799771504884,2.689183404238645,midfielder,England,1.0370084336282024,0.0,0.11066144999906789,0.15895902757983502,0.10079937793665604,605,0.10649334887395578,763,0.12933327037579448,126,,1659,J. Ibe,AFC Bournemouth,True,405.0,167.0
272378,1621,25,1,3.2031407501967264,4.053401320323455,4.684762899487811,defender,Germany,1.009165545221091,0.0,0.11065754596608061,0.14003113753122362,0.16184251842770972,527,0.08046557753221227,862,0.14446507090528948,232,0.0536277221171606,2453,P. Stenzel,Freiburg,True,406.0,95.0
215983,1203,26,2,2.3568160529580817,3.53209392766999,2.635930013830481,midfielder,England,1.052622185105407,0.0,0.10971047295565468,0.16441999995803777,0.12270330903949038,427,0.023736322077823634,555,0.203474336024718,221,0.04035309024752669,1619,S. Boufal,Southampton,True,407.0,168.0
3313,2380,38,8,4.657357608947251,5.180496447037934,5.483244571640107,forward,Italy,1.0389677564730715,0.004201680672268907,0.1095848849164059,0.1218940340479514,0.12901751933270839,304,-0.009758715753258426,1137,0.2078674077676663,939,0.029215583661554852,3187,José Callejón,Napoli,True,408.0,145.0
300784,1698,22,1,3.3199081992395656,3.804979908733839,4.588203342054357,defender,France,0.8306339650020449,0.001177856301531213,0.109490494203425,0.12548814775565076,0.15131883813606833,372,0.07358172774689652,736,0.1876887015540395,590,0.03458232557931714,19830,Jorge,Monaco,True,409.0,96.0
10108,986,16,1,1.9253295534110428,1.671428380691222,2.743836490555393,defender,England,1.1456356452060972,0.0,0.10934934583267586,0.0949289952522398,0.1558365552445254,234,0.04886007718535562,590,0.09515994453771612,162,,1646,K. Long,Burnley,True,410.0,97.0
9623,984,15,1,1.9190378960449916,2.390632812729954,2.6892296735611865,midfielder,England,1.100816762976412,0.0,0.10921353879930847,0.13605227389520064,0.1530455911782789,151,,576,0.10656260261180542,257,0.09310955341120455,1646,R. Brady,Burnley,True,411.0,169.0
22185,2088,30,1,4.068450655568703,5.1459180603381265,4.98264869747381,defender,Italy,0.949079479765765,0.005747126436781609,0.10911553482368168,0.13801312805504554,0.13363425625408687,747,0.08055283939953986,925,0.16539046088812745,416,0.03527425326652209,3197,B. Martella,Crotone,True,412.0,98.0
22381,1463,28,3,2.849374413626164,3.6257707059080873,3.168493060354158,midfielder,Italy,0.9848742038694303,0.003417634996582365,0.10906696320100148,0.1387854815658598,0.12128203101834097,510,0.03654525168412914,811,0.16942452322328075,142,,3194,Daniel Bessa,Hellas Verona,True,413.0,170.0
3290,1184,33,9,2.305889297006446,2.3652548163556424,5.348400746872785,forward,Spain,1.0938536601440187,0.0,0.10906233161516976,0.11187016023303716,0.252964900189929,278,0.06451183904260907,621,0.10947913878909889,285,0.15161040066836942,678,Aduriz,Athletic Club,True,414.0,146.0
25532,1381,24,0,2.6887610134864914,3.3072950565816077,3.332231398165027,midfielder,France,1.0234605839545612,0.003620564808110065,0.10903013523189248,0.13411189222923245,0.13512306900596777,458,0.08902510486031925,818,0.12371585329541378,105,,3783,V. Bessat,Caen,True,415.0,171.0
77,2097,25,2,4.077477995179481,4.239210909122279,5.595305863338894,defender,Germany,1.0321351769414782,0.0,0.10888830125419692,0.11320734902758589,0.1494216158068565,663,0.11506137220804477,1098,0.11671197908897679,336,0.07114084796553795,2443,N. Moisander,Werder Bremen,True,416.0,99.0
15256,2011,29,0,3.9011095346794002,4.064766763222938,5.027916530580153,midfielder,Germany,1.0616319048272942,0.0,0.1086335822685462,0.11319091931401518,0.14001159906140653,589,0.10414035304480923,1176,0.12018355947843384,246,0.06417723598380314,2455,P. Schwegler,Hannover 96,True,417.0,172.0
20850,2163,26,2,4.188999775481642,4.650767877108926,6.209256935501909,midfielder,Italy,1.000015746415979,0.003236245954692557,0.10845306862088396,0.1204082298280628,0.160757461113318,771,0.11843578062270561,966,0.12803967425444523,426,0.04597106863162403,3173,L. Cigarini,Cagliari,True,418.0,173.0
230897,1171,20,2,2.2645062039055794,2.091026518365026,2.921659205946026,midfielder,Spain,1.0725145092716075,0.0,0.10829406269744872,0.09999785228731121,0.13972067936206445,422,0.14048068533788047,634,0.10642569988400455,115,,677,Fede Cartabia,Deportivo La Coruña,True,419.0,174.0
7870,1860,24,7,3.5936155371538216,4.649935102217367,6.373453232656654,midfielder,England,0.8534556787304037,0.0,0.10819487638742688,0.1399980460882648,0.19188891453159818,559,0.08738787367403582,713,0.20812900386474442,588,0.006797056022559933,1609,A. Ramsey,Arsenal,True,420.0,175.0
7868,1601,35,3,3.0826767417407903,3.809231011334583,6.169899642674293,midfielder,England,0.8826138336172101,0.0,0.10782629452684837,0.13323981051513845,0.21581160524032506,292,0.10245211903597642,583,0.1707888957645903,726,0.05942693188460469,1612,A. Oxlade-Chamberlain,Liverpool,True,421.0,176.0
70965,1412,27,2,2.7089433591969536,3.0783054860837544,3.6131968331229283,midfielder,England,1.0024679487920087,0.002124645892351275,0.10743684710696133,0.12208576998632455,0.14329959111535692,212,0.026641624117273815,730,0.17667976731063242,470,0.03633313545830992,1633,João Mário,West Ham United,True,422.0,177.0
20841,2600,31,4,4.986146422449405,5.290595225504925,6.038916486610251,defender,Italy,1.0124915740637097,0.005,0.1073939229450641,0.11395128178010608,0.13006897048083618,557,0.13488986008513104,1363,0.13231140848565442,680,0.03492661444676721,3172,A. Masiello,Atalanta,True,423.0,100.0
216074,2553,34,1,4.893946600644939,5.424100585360182,7.087257281238227,defender,Germany,1.0241603766373135,0.0,0.107348613253473,0.11897752948694484,0.15545883578117536,820,0.1389938478794484,1340,0.1021493176648263,393,0.05904826642265051,2453,C. Günter,Freiburg,True,424.0,101.0
15430,1948,28,1,3.7339455637782804,4.378729088459339,4.780340895064979,midfielder,Germany,0.9720852182198986,0.0,0.10734135090943721,0.12587722225550463,0.137422530864291,728,0.05318653377528059,935,0.1808175660304757,285,0.0046201078760864794,2453,N. Höfler,Freiburg,True,425.0,178.0
149389,1302,18,1,2.493325169701538,2.9869028712258285,3.2362674532028217,defender,Germany,1.0819708580042513,0.0,0.10723979224522745,0.1284689406978851,0.13919429906248695,264,0.29482722803360994,681,0.07523710880584245,357,0.029566807298695836,2447,J. Toljan,Borussia Dortmund,True,426.0,102.0
21469,1690,29,0,3.234918763637665,3.1136020040825616,4.171186363841843,defender,Germany,1.0231032033948413,0.0,0.107192574416396,0.10317261078616773,0.1382168262574812,530,0.10346377146650401,890,0.12883932475725307,270,0.04315797352780328,2460,G. Donati,Mainz 05,True,427.0,103.0
21177,1273,32,5,2.4326520589961422,2.772335424228724,3.6937937353426826,forward,Italy,1.1061823402938569,0.0015710919088766694,0.10701375907602827,0.12195662510354167,0.1624921046183741,315,0.001654757753274863,783,0.1761400143285664,175,,3193,G. Pandev,Genoa,True,428.0,147.0
625,2443,34,3,4.6609532394996895,5.552793919856051,5.688236678524943,midfielder,Italy,1.0687875675431544,0.006549324600900532,0.10684133500285821,0.12728467438065447,0.13038937945042847,464,0.15920716992628425,1465,0.09442145311373487,514,0.09496853259643022,3172,M. de Roon,Atalanta,True,429.0,179.0
8623,1927,33,5,3.6744412708020713,5.000397685770856,3.95028667333971,midfielder,England,1.0661780756980241,0.0,0.10678189474048573,0.1453151377286808,0.11479815968190127,501,0.1868021979951949,1032,0.09154604811905402,394,0.04493727997578571,1628,J. McArthur,Crystal Palace,True,430.0,180.0
101742,1703,25,1,3.245708003549861,3.8678479206086256,5.320857170481515,defender,Italy,1.0458221333254916,0.011156782149148562,0.10672909465577933,0.12718701324373638,0.17496653056192885,438,0.04996752948864187,951,0.15614336489607059,314,0.03624691167708263,3185,C. Ansaldi,Torino,True,431.0,104.0
4892,2448,34,0,4.664304835901898,5.019216563556376,6.345607383438514,defender,Spain,1.078434027281108,0.0,0.10669978382782119,0.11481867955847919,0.1451609532159137,334,0.0660217251360619,1315,0.1393539477480911,799,0.06996166874383203,674,José Gayá,Valencia,True,432.0,105.0
14781,1437,20,2,2.73377091869113,3.0180485421159475,4.861591571425957,midfielder,Germany,1.013072358572334,0.0,0.1065352619670865,0.1176135827129388,0.18945659568535395,259,0.009719436416909725,780,0.16229670866853824,398,0.06025729812377852,2446,L. Bender,Bayer Leverkusen,True,433.0,181.0
283142,1251,35,3,2.3776110827187917,2.4951167651908563,4.224216430637622,midfielder,England,0.9740829376112833,0.0,0.10643183104096908,0.11169187757848757,0.18909362119560896,378,0.011837408009342154,562,0.18002158120528627,311,0.08842299603649555,1631,D. Gray,Leicester City,True,434.0,182.0
269060,1931,30,3,3.6699607815257758,4.934651659189694,5.769085527529408,midfielder,Spain,0.9541731359224732,0.0,0.10643076321359059,0.14310745360674407,0.16730646791385131,646,0.04089448969136839,791,0.18750668816482613,494,0.062312091268101215,692,P. Hernández,Celta de Vigo,True,435.0,183.0
3384,2194,29,2,4.167224381501896,5.177733349492599,6.198277356897906,midfielder,Spain,1.010853775891343,0.0,0.10636488849776946,0.13215727783572723,0.15820580309310972,656,0.1313434105787989,1027,0.12840514429092725,511,0.030002357803584817,684,A. Guardado,Real Betis,True,436.0,184.0
25854,1974,34,1,3.744516411326358,3.865634888783765,4.602861867138486,defender,England,1.108476780006995,0.0,0.106227415924152,0.10966340110024864,0.13057764162094995,561,0.035130529282017035,1093,0.1565740812068699,320,0.05890381671236149,1639,K. Zouma,Stoke City,True,437.0,106.0
8981,786,15,2,1.4908424204932453,1.3149945456121388,2.010914166664508,midfielder,England,0.9947286294558779,0.0,0.10621778059493861,0.0936891788222389,0.14327123833742042,150,,368,0.22982055556103387,268,-0.020943571016741637,1644,W. Hughes,Watford,True,438.0,185.0
92966,1921,29,2,3.637903688856825,3.7395645071873704,4.966173753575129,defender,Italy,0.9665180887274247,0.0031233732431025507,0.10605028973242177,0.10901385341098008,0.1447713327434707,449,0.05094534564545066,900,0.1716077943999001,572,0.04615582416305028,3158,K. Manolas,Roma,True,439.0,107.0
25891,1157,26,2,2.1900701808046086,2.249291143857913,2.5551801911206766,midfielder,France,1.0497124397378674,0.0,0.10600166821526195,0.10886802424895689,0.12367337139391348,359,0.12226427173093027,593,0.12176794824081846,205,0.031915430569993984,3795,B. Nivet,Troyes,True,440.0,186.0
86301,1809,25,3,3.421089500669398,3.014588917362117,4.013874658053145,midfielder,Italy,1.1236433726926447,0.004422332780541736,0.10590437370784206,0.09332060772375818,0.12425482634105921,439,0.1770698005322848,1079,0.08246917979083578,291,0.08544029075430051,3165,L. Castro,Chievo,True,441.0,187.0
344864,1753,26,1,3.3088195699028393,3.2347110562240307,4.216893445408871,defender,Germany,1.0606272117942657,0.0,0.10570102448063834,0.10333361046693995,0.1347096594083838,539,0.033974361654291706,1009,0.14577369182393632,205,0.09705395089045879,2453,C. Söyüncü,Freiburg,True,442.0,108.0
7905,1670,34,16,3.146636732799729,2.838658369706412,6.50100474847687,forward,England,0.9518583610342762,0.0,0.10551596229747595,0.09518854413386771,0.21799776402078125,233,0.15713927968200625,738,0.16695957377691187,699,0.023436394025059246,1611,R. Lukaku,Manchester United,True,443.0,148.0
284469,1247,27,4,2.349073123354836,2.6935400431427134,4.381942409909001,midfielder,Germany,1.0338093966111306,0.0,0.10549165590045775,0.1209609000930168,0.19678329988364401,379,0.06647355883724858,623,0.16927086194843197,245,0.0036688535293081205,2445,J. Brekalo,Stuttgart,True,444.0,188.0
7945,810,28,5,1.5245546206966558,1.548944209684784,1.8564853839321895,forward,England,0.9683538064584017,0.0,0.10540130710989226,0.1070875009164789,0.1283496067903736,233,0.07790590197114203,387,0.17688324764708963,190,,1609,D. Welbeck,Arsenal,True,445.0,149.0
206318,1581,23,0,2.973937144447504,3.133186107374379,3.378439320486892,defender,Italy,1.1694031920274615,0.010120177103099304,0.10533869708352955,0.1109793940625966,0.11966641489390636,321,0.060902132159793065,1125,0.11463137372171142,135,,3193,D. Biraschi,Genoa,True,446.0,109.0
21507,2172,32,4,4.084841459247989,3.867044277045733,6.001907815902903,midfielder,Italy,1.0367296087517521,0.006445672191528545,0.10531819600271057,0.09970279903985316,0.15474532122033266,501,0.3011269210596748,1160,0.04594819043045593,511,0.04811474240246847,3185,D. Baselli,Torino,True,447.0,189.0
339789,1422,24,1,2.6730892998946882,4.159819626214342,2.962427322235768,midfielder,England,1.0500715044171103,0.0,0.10526933951765298,0.16381849442194316,0.11666380453249157,530,0.03829161707358983,736,0.17050830581860763,156,,1613,Mikel Merino,Newcastle United,True,448.0,190.0
25553,3709,37,2,6.963865728478658,7.732662041153599,9.369211338655676,defender,England,0.9606464017370946,0.0,0.10514329490288618,0.1167508962805612,0.1414601873725311,627,0.0528969774639808,1772,0.17353635291876168,1310,0.037636380574689446,1610,Azpilicueta,Chelsea,True,449.0,110.0
4969,1293,24,1,2.426351351187017,2.830946289693456,3.0906543652853666,midfielder,Spain,1.0731958636685832,0.0,0.10508559602975481,0.12260865601147217,0.13385664691104449,423,0.049478956377958606,726,0.1470793881536447,144,,714,Tana,Las Palmas,True,450.0,191.0
235606,1991,28,2,3.732202034876592,3.7307113456114673,4.9972114386646975,defender,Germany,1.0041421929479817,0.0,0.1049740401572522,0.10493211218193982,0.1405544151507901,381,0.08167668069909335,890,0.16052066532066836,720,0.04864042565463853,2449,T. Kehrer,Schalke 04,True,451.0,111.0
3934,1304,30,2,2.437782920683697,3.1574542649404735,3.2582879665225324,midfielder,Spain,1.0324785721591285,0.0,0.10469006407844098,0.1355961954268915,0.13992647708992473,406,0.03271103240285787,761,0.15202076500460235,137,,712,N. El Zhar,Leganés,True,452.0,192.0
20495,1826,24,0,3.408075616241216,3.590623056572901,4.506157506332949,defender,Italy,1.0772679008188695,0.0032858707557502738,0.10451929600739764,0.11011768410081185,0.13819541092806414,469,0.11657839834601942,995,0.12019012528896923,362,0.045822627134532105,3165,M. Gobbi,Chievo,True,453.0,112.0
8582,2371,36,1,4.42015995980766,4.558213014351599,5.792020645311269,defender,England,0.9620155238471053,0.0,0.10439854818609404,0.10765918549290997,0.1368001502055804,755,0.12046314869588412,1246,0.11456190980598857,370,0.037392272609661395,1633,A. Cresswell,West Ham United,True,454.0,113.0
282438,2144,32,0,3.996375499205516,4.4730464936574785,5.139149243992153,defender,Spain,1.0891290674172354,0.0,0.10438294214342765,0.11683330393881475,0.13423151010427267,512,0.11365979992995286,1228,0.10931172871887851,404,0.07764457308066885,691,Aarón,Espanyol,True,455.0,114.0
4015,2023,34,6,3.7704969303414244,4.287734662685178,6.70939696408477,midfielder,Spain,1.0212432739847925,0.0,0.10437361744889757,0.11869161696014334,0.1857272516009625,489,0.08093444650703006,1026,0.11011767472385475,508,0.11533493994194308,680,Pablo Sarabia,Sevilla,True,456.0,193.0
25623,2602,31,4,4.8424173352462345,5.5499947700536945,5.3517011063403,midfielder,Spain,1.0999373899288052,0.0,0.1042180517962295,0.11944646699577513,0.11517880936012945,366,-0.01840683333618412,1483,0.18693458165062463,753,0.0009140600092379722,674,G. Kondogbia,Valencia,True,457.0,194.0
254189,1463,29,3,2.7219556299012995,3.1011286661162356,4.093488553777083,forward,Spain,1.0700665245988072,0.0,0.10418968918282487,0.11870348961210471,0.15668855708237636,458,0.1336434497440033,857,0.1037177123623879,148,,695,Ivi,Levante,True,458.0,150.0
26314,1819,26,2,3.3837778117186,3.6693659034015793,4.49645600458742,midfielder,France,1.0480951042584712,0.01154480483782298,0.10417347853559186,0.11296563528888864,0.13842855209285074,515,0.23524264445976698,971,0.051851327314465,333,0.05403590611746577,3785,L. Deaux,Guingamp,True,459.0,195.0
15020,1616,26,5,3.004415522018047,3.5681733110201166,4.347991503462037,forward,Germany,1.0079726722321622,0.0,0.10411340917884321,0.12364957018386542,0.1506729728922488,460,0.011636721747863624,851,0.14207466806261318,305,0.13766831051708037,2457,M. Leckie,Hertha BSC,True,460.0,151.0
5481,834,22,4,1.5485666471606871,1.2325969358031994,0.8974177793711844,forward,Spain,1.096516732270431,0.0,0.10398049429376317,0.08276430264385991,0.06025826815921622,264,0.42625548728798385,458,-0.03636346330031634,112,,712,Guerrero,Leganés,True,461.0,152.0
20448,2349,29,3,4.361589370077839,4.522238001098523,7.358889894897761,midfielder,Italy,1.0113815427988744,0.008514261387824606,0.10397999349695998,0.10780984591805759,0.17543543385026591,864,0.17297979328435018,1193,0.06892339949063851,292,0.043043999090235326,3204,F. Viviani,SPAL,True,462.0,196.0
25805,889,14,0,1.6498661491519395,1.8728139826052626,2.176168123234155,midfielder,France,1.0261518766676436,0.008998875140607425,0.10392857632453162,0.11797253433733938,0.13708145658167906,321,0.1281897532401316,437,0.09830212016129397,131,,3785,F. Tabanou,Guingamp,True,463.0,197.0
3464,1465,23,0,2.7178044284062923,3.036281909681334,3.3517232340838015,defender,Spain,1.022544245217355,0.0,0.10388876995955793,0.11606265320283597,0.1281204785724866,440,0.07218272808564598,813,0.1463837435602092,212,0.00672954772933046,695,Luna,Levante,True,464.0,115.0
41056,2228,31,3,4.132999628215143,4.90746522863074,4.5764786219524,midfielder,France,0.9733333463361947,0.004488330341113106,0.10388149873431239,0.12334742046827714,0.11502818798444094,863,0.034408380131734834,973,0.20544007065590777,392,0.004745812189190298,3776,Thiago Mendes,Lille,True,465.0,198.0
8620,1610,31,2,2.9838807460850867,2.841821139398999,3.7757331735779522,midfielder,England,1.0238305240322227,0.0,0.10378715638556822,0.09884595267474779,0.13132984951575485,473,0.032827326131085535,805,0.17729582206508282,332,0.026647167946896696,1613,M. Diamé,Newcastle United,True,466.0,199.0
70092,1517,24,1,2.8095555316862035,3.1970214380957467,3.817386250423431,midfielder,England,1.105130377894925,0.0,0.10371464058960277,0.11801793047683706,0.1409186750321108,373,0.13695565763702663,868,0.07347417463020872,276,0.15389516629273658,1646,S. Defour,Burnley,True,467.0,200.0
82340,2325,32,3,4.302260249690361,4.725753743260797,4.152627308224434,defender,Germany,1.111434245711346,0.0,0.10362433289576783,0.11382460628929232,0.1000202706497068,538,0.114787482591951,1362,0.12242140599851406,425,0.02925400794873987,2443,T. Gebre Selassie,Werder Bremen,True,468.0,116.0
8625,1740,28,3,3.218665906554659,3.7133491649014414,5.4989933032854,midfielder,England,0.9789598870624276,0.0,0.10358924756727639,0.11951008806579352,0.17697909481838067,200,0.23062411534685992,824,0.11348394113367488,716,0.05671745838483355,1610,V. Moses,Chelsea,True,469.0,201.0
21438,1591,34,12,2.9419767219645903,2.1106955391117577,3.592997066301679,forward,Italy,1.1280007986040117,0.0069138906348208675,0.10355166337524642,0.07429223770600782,0.12646627008981398,349,0.054395597493412114,950,0.1748434463231188,292,-0.06963918185666652,3165,R. Inglese,Chievo,True,470.0,153.0
25650,949,20,2,1.7545948249979824,1.6558769645354197,2.2541230088015647,midfielder,France,0.9067079083708577,0.003161222339304531,0.1035377346679526,0.09771244469334404,0.13301463487132523,488,0.08602107703564355,394,0.1288009003826925,67,,3782,V. Pajot,Saint-Étienne,True,471.0,202.0
3351,1398,23,1,2.584731206915489,2.7902809694567683,3.643654726153754,defender,England,1.04207094062738,0.0,0.10353715850305249,0.11177091150899789,0.1459546957543707,441,0.08536272163603556,676,0.1258736038068532,281,0.0783253778375193,1644,Kiko Femenía,Watford,True,472.0,117.0
8360,1839,28,2,3.398265564477285,3.9954321943755486,5.848726829920148,defender,England,1.0941077581538623,0.0,0.10348171376331047,0.12166623321643867,0.1781015239127397,475,0.100828819793012,1026,0.10075179214162162,338,0.11549657831876763,1627,C. Dawson,West Bromwich Albion,True,473.0,118.0
24838,2027,29,1,3.741292244541502,3.77260466069157,5.489953939391382,defender,Italy,0.8785927906176559,0.001973359644795264,0.10336081188669173,0.10422588110445384,0.15167114978091634,913,0.04413127379472317,929,0.16477789949153798,185,,3219,G. Letizia,Benevento,True,474.0,119.0
51151,1022,26,2,1.8856844764615706,1.7621920805053177,2.5815687251420525,midfielder,Italy,0.9414824543595309,0.0029354207436399216,0.10332517679241483,0.09655847016467493,0.14145582055572892,386,-0.018840979498520375,473,0.1319663833632727,163,,3197,M. Rohdén,Crotone,True,475.0,203.0
6165,1010,29,7,1.8536669679874274,2.709777380174203,2.879230419926493,forward,Spain,0.9892355448259964,0.0,0.10277757446266923,0.15024508246510435,0.15964049853057782,365,0.26526237007135967,485,-0.0023803131812380057,160,,677,F. Andone,Deportivo La Coruña,True,476.0,154.0
8958,1668,37,7,3.054931932239498,3.39610537524539,1.552608839370319,forward,England,1.073931715250378,0.0,0.1025636619936522,0.11401792626723131,0.05212595623785244,429,-0.0003198333943562237,923,0.2052456060658629,316,-0.05768448628860997,1627,J. Rodriguez,West Bromwich Albion,True,477.0,155.0
25715,2367,37,5,4.331301483504093,4.801646096189783,5.8867125624465615,forward,France,1.087053318903567,0.010139416983523447,0.10247270091940397,0.11360041461201008,0.13927161110984682,607,0.06619004357565901,1427,0.13564129637563352,333,0.026472662756081528,3783,R. Rodelin,Caen,True,478.0,156.0
25950,1827,33,3,3.3402222225490275,4.1495888315093685,4.884736735070104,midfielder,England,1.0882404200155626,0.0,0.10238229034633034,0.12719046226848638,0.14972373134314493,375,0.05227928788582554,1107,0.13669882702202807,345,0.046730753600509815,1651,A. Knockaert,Brighton & Hove Albion,True,479.0,204.0
21564,2576,35,1,4.7001601637053305,5.40060654931375,5.537724112138982,midfielder,Italy,1.0943612943705636,0.0038819875776397515,0.10217739486315935,0.11740449020247282,0.12038530678563006,724,0.0694860902515299,1466,0.12741203974594456,386,0.06765541336226974,3165,I. Radovanović,Chievo,True,480.0,205.0
135903,2360,27,1,4.3051198524343715,4.624217950946601,5.072739602711118,defender,Italy,0.9997327985719802,0.007627118644067797,0.10215538632895119,0.10972720561568207,0.12037009226772144,475,0.14794332652184936,1229,0.13407651834939263,656,0.009197546626589675,3161,João Cancelo,Internazionale,True,481.0,120.0
69968,2435,31,4,4.437756416360657,5.057253790282729,7.5324728029301475,midfielder,Italy,0.9374143739386938,0.006981519507186858,0.1020592851401219,0.11630645267179994,0.173231407377449,372,0.07686485051349355,1126,0.13467249428163605,937,0.07287023091147814,3161,M. Brozović,Internazionale,True,482.0,206.0
20815,2013,38,2,3.6664422091009823,3.6797084356811767,4.920918526705959,midfielder,Italy,0.8853357813848178,0.0014903129657228018,0.10199739876286885,0.10236645424647088,0.13689589542748817,858,0.1125174179001975,792,0.1295908893164639,363,0.01692791959406653,3197,A. Barberis,Crotone,True,483.0,207.0
20842,1774,31,1,3.226271951867828,4.119885951286573,3.3220818018694183,defender,Italy,1.0203817137521665,0.007328072153325817,0.10184398495185927,0.130052769600929,0.1048684221559681,590,0.04323716365190746,916,0.15229975188680162,268,0.05841317172262194,3315,F. Peluso,Sassuolo,True,484.0,121.0
22380,2127,35,5,3.8663677823587643,3.737157992726157,5.812091408051956,midfielder,Italy,0.950809598459597,0.0004701457451810061,0.10179435628213014,0.09839250004356596,0.15302168258152776,463,0.03238366039805805,1013,0.20073697915516994,651,-0.0028012270912399903,3176,M. Benassi,Fiorentina,True,485.0,208.0
134435,1420,28,3,2.577653750644009,2.4201803659116505,3.9028268930181724,midfielder,Italy,1.0373793049063407,0.007042253521126761,0.10165395072962288,0.09544373274017776,0.15391430000635045,427,0.013380367398036717,758,0.15657237723993103,235,0.08490779237972387,3204,A. Grassi,SPAL,True,486.0,209.0
21291,2292,35,3,4.159254997778039,4.390894531819549,5.725502085993647,midfielder,Italy,1.0718675834212963,0.004799301919720768,0.10162228615862573,0.107281890829797,0.13989010332270693,648,0.12039317949486891,1248,0.11574833422572571,396,0.02638782436663992,3165,V. Birsa,Chievo,True,487.0,210.0
7873,1220,20,1,2.2115841439289046,3.3086521096544366,2.657129392830326,midfielder,England,0.9659837083855857,0.0,0.10151533775411366,0.15187255585299053,0.12196659508073626,241,0.0648072677414404,583,0.1740438697351807,396,0.017077233532124172,1609,J. Wilshere,Arsenal,True,488.0,211.0
70083,1572,22,3,2.8492134038921773,2.793497220631561,5.84763897586501,defender,England,0.8527053107149851,0.0,0.10149869632185872,0.09951389590036094,0.20831283883488586,103,,690,0.18851922603368376,779,0.02817970359143608,1625,Danilo,Manchester City,True,489.0,122.0
90880,702,13,2,1.2713913114641076,1.3037197639131461,2.3878901883380497,forward,France,1.005949260393256,0.0014245014245014246,0.10142152911964392,0.1040004370073165,0.1904869665910695,207,-0.005042720805668812,380,0.18167379114330384,115,,3789,S. Mendoza,Amiens SC,True,490.0,157.0
51217,2034,29,1,3.677418494601236,3.847383198572094,5.32432465884766,defender,Germany,1.0489399296260709,0.0,0.10124652689167611,0.10592598776796326,0.14658907615313124,590,0.09338166663487524,1046,0.13346858256408994,398,0.028221394525263132,2443,L. Augustinsson,Werder Bremen,True,491.0,123.0
8554,1567,28,3,2.828004036345087,3.135154367092157,5.345553325705875,defender,England,1.073195868703481,0.0,0.1010645986185864,0.1120412537059099,0.19103445197162028,430,0.04327813624165645,887,0.10649679921019918,250,0.1811838662078637,1628,J. Tomkins,Crystal Palace,True,492.0,124.0
8533,724,16,1,1.3064376396710002,1.4683684090686557,1.762640680683316,midfielder,France,1.1150607886823294,0.0027624309392265192,0.10105042516792268,0.11357545705503413,0.13633684822964875,137,,401,0.1351451098090263,186,,3787,S. Sessègnon,Montpellier,True,493.0,212.0
8013,2052,34,2,3.70161789577129,4.016929168160516,5.822242883861357,midfielder,England,1.0457231376599563,0.0,0.10101881197036659,0.10962379796149556,0.15889161866288304,549,0.101847490829852,1081,0.13186018174852493,422,0.02093714034940296,1631,M. Albrighton,Leicester City,True,494.0,213.0
86309,1072,16,2,1.9329103897006372,1.847173791363088,2.491132337876792,midfielder,Italy,0.8360266041751151,0.0009328358208955224,0.10097293080525717,0.09649415328016131,0.13013377884431002,530,0.028428196124484828,404,0.23720031024937444,138,,3194,B. Zuculini,Hellas Verona,True,495.0,214.0
3358,1173,32,4,2.112140426170892,2.6507195144014712,4.313523704780757,forward,Spain,1.061320983670499,0.0,0.10083534856399826,0.12654756419989974,0.20593122546267895,296,0.2213322101310419,572,0.04968282256121569,305,0.07982608249759399,684,Cristian Tello,Real Betis,True,496.0,158.0
8004,1191,20,2,2.144379278285218,3.0796806742612057,3.543733984201226,defender,England,1.1006486567225835,0.0,0.10082723726613954,0.14480446495266794,0.16662393208670753,325,0.06987481885105983,698,0.11183639714817993,168,,1613,C. Clark,Newcastle United,True,497.0,125.0
144884,1841,30,1,3.310243772107101,3.7854585080018315,3.4805029791469364,defender,France,1.0743794376027926,0.004888647474198805,0.1006918257675164,0.1151470268593713,0.1058708130538992,553,0.045731210777507796,1073,0.12875775709567458,215,0.1019870619273349,3780,C. Jullien,Toulouse,True,498.0,126.0
278813,868,21,1,1.5592067314911138,1.6784926212206452,1.8745215488339608,midfielder,Italy,1.0715468136023918,0.009216589861751152,0.10059398267684605,0.1082898465303642,0.12093687411832005,234,1.548488117884535e-05,483,0.17007881685165904,151,,3165,S. Bastien,Chievo,True,499.0,215.0
8976,2110,37,0,3.787559122711911,4.5910980757817,5.157156235093838,midfielder,England,1.0638981738286386,0.0,0.10052289614780428,0.12184904845676549,0.13687239296931514,757,0.10415255975107325,1201,0.10519599168678086,152,,10531,T. Carroll,Swansea City,True,500.0,216.0
228768,2008,28,0,3.6024455824560024,4.16724115262878,5.625284713062308,defender,Germany,0.986763177149716,0.0,0.1004666098692909,0.11621788075060341,0.15688045016508428,475,0.03878525042293084,1062,0.1367666532446257,471,0.08082329707187148,2446,J. Tah,Bayer Leverkusen,True,501.0,127.0
127534,961,21,0,1.722950837879208,2.589434053075787,1.9619066033138666,midfielder,Italy,1.0784012172398212,0.014568158168574402,0.10040088129160837,0.150893139409203,0.11432546283618784,345,0.07247099364764367,480,0.13311262886413872,136,,3193,D. Lazović,Genoa,True,502.0,217.0
44251,1144,18,0,2.0507431390542674,2.147741603083107,3.108125632876528,defender,Italy,0.9570813050655143,0.0,0.10038602778587323,0.10513420434672552,0.1521460100009489,219,0.24051509360522394,497,0.0922258473759568,428,0.03816019659262715,3158,Bruno Peres,Roma,True,503.0,128.0
4780,888,15,0,1.5906713992313075,1.6572866631532996,3.0602662694470872,defender,Spain,0.8115227534241989,0.0,0.1003126107623347,0.10451357335200988,0.1929897647399064,368,0.09272963960897852,266,0.14719233005778884,254,0.06220445348613105,701,David Juncà,Eibar,True,504.0,129.0
8516,960,13,0,1.715264849758698,2.097251493790975,2.3077715639319574,defender,England,1.0923406725883182,0.0,0.10005711623592405,0.12233967047114022,0.13462000789603085,317,0.12115471053012021,493,0.08870583762072426,150,,1646,P. Bardsley,Burnley,True,505.0,130.0
3334,2723,25,1,4.864480733336091,5.64176094509789,6.5473756910129,defender,France,0.921269141183404,0.0044069041498347415,0.10004073487580649,0.11602593203286149,0.13465039981517532,214,0.1365925438694112,1112,0.1836845068011239,1397,0.02786180752749985,3767,Dani Alves,PSG,True,506.0,131.0
397028,720,11,1,1.2824287339738982,1.3066070792163214,1.6550685215275813,defender,Germany,0.8777951833104848,0.0,0.09974445708685875,0.10162499505015832,0.12872755167436742,148,,246,0.09710335065087948,326,0.0031673352459949205,2447,D. Zagadou,Borussia Dortmund,True,507.0,132.0
3678,1507,26,3,2.68299534833741,2.6086348088211735,4.286138697597267,midfielder,Spain,0.937508507931135,0.0,0.09969989350158923,0.09693666177437672,0.1592725727043444,374,0.17552912422422046,722,0.08133705261207355,411,0.06295497581780879,687,Xabi Prieto,Real Sociedad,True,508.0,218.0
41174,1883,27,5,3.3507320036615247,3.91887981178668,6.790461528533468,midfielder,England,0.9478418503756658,0.0,0.09965002241372564,0.11654661150294959,0.2019468112575009,654,0.06995753134532985,857,0.10390250150750954,372,0.14205463148726874,1633,M. Lanzini,West Ham United,True,509.0,219.0
20443,2825,31,5,5.0257550206779324,5.342562957047351,11.393008065754973,midfielder,Italy,1.023186051373946,0.0,0.0996255862506068,0.10590567277686784,0.22584369971054108,55,,1499,0.11465309551375327,1271,0.08119509630952888,3159,M. Pjanić,Juventus,True,510.0,220.0
278007,911,14,0,1.6205128882044904,1.632507367010957,1.8593668193847694,defender,Spain,0.9931930959276889,0.0,0.09961440366569864,0.10035171520594247,0.1142969724319946,412,0.06733996592872794,461,0.12244776181558056,38,,683,F. Ricca,Málaga,True,511.0,133.0
3447,1062,17,0,1.8887425995267682,2.4423380273110626,2.4120162714184925,defender,Spain,1.1487868877099978,0.0,0.09959471334604426,0.12878618599757016,0.1271872986812011,51,,730,0.1386923759124394,281,0.0034685532282960813,679,Juanfran,Atlético Madrid,True,512.0,134.0
3443,2918,35,4,5.188493232613553,6.055093611422879,9.43852159495999,midfielder,Spain,1.0664035253027708,0.0,0.09957355072870423,0.11620467520208404,0.18113680922472908,289,0.05412172310068978,1618,0.13659804188283586,1011,0.053312375157103076,679,Koke,Atlético Madrid,True,513.0,221.0
224801,1547,30,5,2.74799829055087,3.1150965306419107,5.875950858862169,forward,Germany,1.0385526125369573,0.0,0.09947505124166045,0.11276367531735423,0.21270410348822333,465,0.1662978172923988,780,0.06932117490402734,302,0.07446656557861574,2455,I. Bebou,Hannover 96,True,514.0,159.0
277629,2531,34,5,4.49145243877555,4.659311053560003,5.704137346854651,midfielder,France,1.043295364853739,0.0039510075069142635,0.0993762688942832,0.10309024851811939,0.1262077010761993,571,0.10610262458997727,1288,0.12927166314520555,672,0.03636136279691821,3775,P. Lees Melou,Nice,True,515.0,222.0
15198,1602,30,5,2.8420340978851026,2.4726178133639296,3.507308300004721,forward,England,1.0726798976571816,0.0,0.09934700966389871,0.08643358149087395,0.12260253732850461,474,0.13500723200298045,797,0.0981992998039481,331,0.05104422830334251,1639,E. Choupo-Moting,Stoke City,True,516.0,160.0
20685,869,18,1,1.5395626994546365,1.2285809180822078,2.043331740703117,midfielder,France,1.1036550097304925,0.0,0.09921232585668543,0.07917207297192592,0.13167615360112145,165,,463,0.1424157931551603,241,0.07169090652516563,3770,R. Krhin,Nantes,True,517.0,223.0
26956,1632,29,3,2.8900551387091027,3.2092898981767086,4.096743403451804,midfielder,France,0.9727055251613113,0.009191176470588236,0.0991685586811947,0.11012269258449489,0.14057452854981684,425,0.19041380979874573,866,0.060582898552457826,341,0.08343820661822392,3785,N. Benezet,Guingamp,True,518.0,224.0
38079,1030,17,0,1.821475361979377,1.965892487232648,2.354204554677972,defender,Germany,0.9919374755905227,0.0,0.09903167016586904,0.10688347503400805,0.12799558743880238,243,0.07944276731588777,481,0.1344400768959477,306,0.0589292510657959,2481,D. Opare,Augsburg,True,519.0,135.0
8643,1746,26,0,3.0870971431664738,3.557876076633714,3.482274242216186,defender,England,1.1272179036003733,0.0,0.09901342498128438,0.11411286385537685,0.1116880627514928,316,0.09280393066248895,1027,0.11081460016534621,403,0.0738084455537605,1646,M. Lowton,Burnley,True,520.0,136.0
70084,2462,26,4,4.35287936699653,4.343714015222429,8.116517040873598,defender,Italy,0.9718443631170541,0.0,0.09900944132892188,0.09880096866468563,0.1846161471522833,125,,1040,0.17339012521551428,1297,0.040349428278695525,3159,Alex Sandro,Juventus,True,521.0,137.0
20707,1692,26,2,2.9824228902946963,3.047676847018502,4.4953439666469,defender,Italy,1.0530477530627083,0.002364066193853428,0.09870903183008452,0.10086873725356744,0.14878206981810072,493,0.08888261313256697,898,0.09054599239292795,301,0.139156984761788,3166,S. De Maio,Bologna,True,522.0,138.0
20418,1679,33,7,2.9581413749433074,2.8001637407818896,4.524252672518717,forward,Italy,0.9707714661060126,0.001786777843954735,0.09866344073664397,0.09339438325419047,0.15089824279990954,266,-0.061965015908299635,829,0.20246671542686828,584,0.024475520786916286,3158,S. El Shaarawy,Roma,True,523.0,161.0
241945,2071,34,5,3.646058265864934,3.851658661930557,6.229340204660345,midfielder,Spain,0.9563016221638211,0.0,0.09858969719383695,0.10414914778759594,0.16844184039641685,562,0.09848962128108751,948,0.13370979017053575,561,0.039342628603916616,692,P. Sisto,Celta de Vigo,True,524.0,225.0
25726,3684,35,5,6.467269678631361,7.358685620084933,8.376436750650988,defender,Italy,1.02059269915338,0.004071661237785016,0.09830811672186651,0.11185841333462439,0.1273291145592984,470,0.13225645093930563,1814,0.132575651376281,1400,0.042510241760934875,3187,K. Koulibaly,Napoli,True,525.0,139.0
20472,1971,37,1,3.4596034874343684,3.4370892064293335,5.2484604890879005,midfielder,Italy,1.037178046093253,0.0020294266869609334,0.09829416301183391,0.09765448785390293,0.14911912094821025,596,0.09304003905447758,1020,0.08597894210028983,355,0.14249974951425454,3173,S. Padoin,Cagliari,True,526.0,226.0
3970,1732,22,1,3.037426122340875,3.5621381076265433,3.2622212416252903,defender,Spain,1.0005534575910688,0.0,0.0982077730087119,0.11517305659762495,0.10547597547980153,627,0.023420809466222915,1004,0.14895051311011395,101,,714,Gálvez,Las Palmas,True,527.0,140.0
69525,1282,24,2,2.2480126306041277,2.2378471651381235,2.687498722049378,defender,France,0.9590656385167399,0.00546021840873635,0.09819711958957188,0.09775307429620508,0.11739463996471541,543,0.09561095284228774,513,0.12201469519733381,226,0.05034699683290555,3799,M. Pavlović,Angers,True,528.0,141.0
9277,2149,34,2,3.7632064426250746,4.820706875643687,4.977287434270888,defender,England,1.0244307769783432,0.0,0.0980640115342039,0.1256210260754055,0.12970130121878534,884,0.0941686357410936,1066,0.13014970395307943,199,,1659,S. Cook,AFC Bournemouth,True,529.0,142.0
8309,1851,26,2,3.2383922381376484,3.9033333561001013,5.415072889195511,defender,Germany,0.9793474547896767,0.0,0.09797404934398071,0.1180911226048653,0.16382716466501815,619,0.09194654262511286,923,0.0906962225444788,309,0.13178783832430263,2457,K. Rekik,Hertha BSC,True,530.0,143.0
4014,726,12,0,1.268946339666023,1.3189503606718922,1.4810405175329084,midfielder,Spain,1.103723297354144,0.0,0.09788015843153897,0.10173721790306607,0.11424003991989376,283,0.12902673126663278,332,0.11494001835491095,111,,701,Pedro León,Eibar,True,531.0,227.0
72397,968,23,7,1.6893577687897614,1.1494057618701286,2.636838652845827,forward,Italy,0.8547466367051475,0.010330578512396695,0.09773144116965561,0.06649454820736282,0.1525443848753784,343,0.32078558923805667,364,-0.06457423565960914,261,0.030956320780348313,3197,Simy,Crotone,True,532.0,162.0
214710,2208,32,1,3.8477609266912287,3.9560164678521064,5.5206984915708475,defender,France,1.0221933033889012,0.008605072463768116,0.09758813944506739,0.10033375099624908,0.1400177153659273,539,0.06897705224911387,1161,0.12378115293306702,508,0.06808279956131029,3789,B. Dibassy,Amiens SC,True,533.0,144.0
278289,2660,35,0,4.6234526836858905,5.125628856361799,6.777956700581052,defender,Spain,0.9695543289748823,0.0,0.09733584597233454,0.1079079759234063,0.14269382527539057,758,0.07920297605594846,1290,0.14747177833605843,612,0.014115850298178998,687,Odriozola,Real Sociedad,True,534.0,145.0
257028,1644,21,1,2.857121537414673,3.5306792587285827,3.900975021204258,defender,Italy,1.0476891256701626,0.004866180048661801,0.09732287475378448,0.12026644676934345,0.13287992772958546,273,0.07271166568495988,804,0.12149041549574428,567,0.07490339912636551,3157,D. Calabria,Milan,True,535.0,146.0
70451,2439,30,1,4.236152704734933,4.576748584621207,5.0525273840715474,defender,Spain,0.9752732213323492,0.0,0.09726303873110137,0.10508319833488626,0.11600718881017083,1062,0.05895792079442569,1136,0.14579343143791781,241,0.037302495717848744,677,Luisinho,Deportivo La Coruña,True,536.0,147.0
14716,1749,19,1,3.0321625940920094,3.031768245335462,5.073086188581508,defender,Germany,0.8556186429797319,0.0,0.09708467997092768,0.09707205359564658,0.16243157607808145,48,,744,0.1095246878615297,957,0.048272132592244964,2444,J. Boateng,Bayern München,True,537.0,148.0
3304,1652,27,3,2.860681931954542,2.6589676793965564,5.32269929260969,defender,Spain,0.9352599598789623,0.0,0.09697226887981499,0.09013449760666292,0.18043048449524374,153,,807,0.11793342666402881,692,0.020573818940255912,675,Nacho,Real Madrid,True,538.0,149.0
26000,1682,26,3,2.9102810644678345,3.6717332214043252,4.1672611960859465,midfielder,France,1.0221920744544144,0.0077288941736028535,0.0968940187932216,0.1222455769314163,0.138743535660412,388,0.05484726976736021,794,0.14480210861447054,500,0.05344424940114669,3782,B. Dabo,Saint-Étienne,True,539.0,228.0
51145,969,15,0,1.6762687590046876,2.3524082810533704,2.2411970637864393,midfielder,Italy,1.106805541499339,0.0,0.09687414912720589,0.1359492917843021,0.12952222453254963,177,,635,0.1668764844721403,157,,3193,O. Hiljemark,Genoa,True,540.0,229.0
51132,1061,21,2,1.8338304353911636,2.0774864890171885,1.737188618337742,midfielder,Germany,0.9529818710237548,0.0,0.09679029630716791,0.10965055926952173,0.09168950294713814,303,0.02517932787309348,364,0.2614138589726021,394,-0.0002270980448459619,2975,E. Forsberg,RB Leipzig,True,541.0,230.0
22566,2418,32,1,4.1752962722215035,4.38636582196224,6.457821684186471,midfielder,Italy,1.0294611664887907,0.005376344086021506,0.09669834211927386,0.10158663607522145,0.14956079996461638,345,0.08676624989818839,1260,0.1113138623502323,813,0.0782617078330092,3158,A. Florenzi,Roma,True,542.0,231.0
250805,1971,36,1,3.401083777738045,4.08601308432768,4.461822884764512,defender,Spain,1.061423009175189,0.0,0.09663150256384095,0.11609169595248608,0.12676919408767767,539,0.13862221296690116,1068,0.09938750611100881,364,0.02636665449893787,698,Djené,Getafe,True,543.0,150.0
7585,1954,30,3,3.3714728982439137,3.5803619877831627,4.209559861600214,midfielder,Spain,0.9050285319691727,0.0,0.09662358357300878,0.10261016955775697,0.12064245253306653,688,0.09701079748795834,743,0.15664447660519265,523,0.010845521055995571,696,Manu García,Deportivo Alavés,True,544.0,232.0
14922,2924,34,1,5.032982786088978,5.568674202134698,6.563435626770788,defender,Italy,1.0369330531579364,0.006839945280437756,0.09639091519185458,0.1066503951161228,0.12570191350860607,436,0.1179008357996476,1571,0.12385888918826984,917,0.03910573249461774,3157,R. Rodríguez,Milan,True,545.0,151.0
4513,731,24,2,1.2580785748153354,1.9230172132539876,3.096128568853607,midfielder,Spain,0.9908081828249441,0.0,0.09637811243455373,0.1473173241343684,0.2371863199121778,125,,306,0.046933664672511116,300,0.1283503824622471,682,D. Cheryshev,Villarreal,True,546.0,233.0
15103,1248,23,0,2.147446979702798,2.6909805262126016,3.010178388003713,defender,Germany,1.0431350687774625,0.0,0.0963598003712794,0.12074912617620648,0.13507210715401277,340,0.024316628182318535,716,0.13961159155405317,192,,2457,F. Lustenberger,Hertha BSC,True,547.0,152.0
173212,1743,26,1,2.997149353170148,3.731121547331825,3.878724641394941,defender,Germany,1.0919220974145116,0.0,0.09629395512193246,0.11987539107893415,0.12461765916128324,374,0.05577369107541501,1062,0.13332043582749453,307,0.01757231422320487,2457,N. Stark,Hertha BSC,True,548.0,153.0
217874,2344,36,1,4.026745376473115,5.021863192195377,4.361921308479168,midfielder,France,1.1287242626316627,0.006825938566552901,0.09620210797034745,0.1199762537384561,0.10420972409335896,397,0.04350132349118855,1333,0.12595595429291526,614,0.0656814797785611,3770,A. Touré,Nantes,True,549.0,234.0
86338,1702,31,9,2.921829502258415,4.211267113208307,5.303891214677506,forward,France,1.0228373162135973,0.010575793184488837,0.09613540077936031,0.1385610801055612,0.17451110929608715,183,,722,0.17685670621212926,797,-0.019010994452835314,3771,L. Ocampos,Olympique Marseille,True,550.0,163.0
3568,1631,22,1,2.79783579221458,3.65098454857805,2.9937619642011084,midfielder,Spain,1.0492802597411044,0.0,0.09606303149234607,0.12535569265504032,0.10279011035883634,556,0.07403228344876943,933,0.11362382323689023,142,,683,Recio,Málaga,True,551.0,235.0
20612,2485,27,3,4.2621636922889925,3.8601319713290203,6.733416873104089,defender,England,0.9118614008013599,0.0,0.09604875926285053,0.08698888949473849,0.15173897178826115,500,0.0904668913277937,1115,0.15621813435262633,870,0.022143104943802717,1609,S. Mustafi,Arsenal,True,552.0,154.0
93003,1289,24,1,2.209529576397557,2.7665555843414955,3.2649299637050495,defender,Spain,1.0387231830719026,0.0,0.09599197539042917,0.12019170886200445,0.141843349858404,371,0.13465444530170134,782,0.13154882506396304,136,,712,D. Siovas,Leganés,True,553.0,155.0
28908,2744,36,1,4.698797279101249,5.4079382904935684,6.713729151264059,defender,France,1.045247273379193,0.007288629737609329,0.09589382202247446,0.11036608756109323,0.137014880638042,818,0.034459669474237974,1574,0.12385326858243986,352,0.1136352080993832,3783,F. Guilbert,Caen,True,554.0,156.0
21550,1728,25,1,2.956236379787258,2.8762193161443133,3.550710955881625,defender,France,1.082101705332127,0.004050925925925926,0.09580395675236486,0.09321081117134347,0.1150693365332008,583,0.11815514212367441,776,0.0833780898760455,369,0.08662165763190506,3782,Gabriel Silva,Saint-Étienne,True,555.0,157.0
219350,1480,33,8,2.5309536172787026,2.5705508483823416,2.7156378051074976,forward,France,1.1037070835481961,0.0,0.09576581254568065,0.0972640861550075,0.10275386289595936,397,0.13676978941585405,876,0.10381714354468971,207,-0.016946964133501847,3795,A. Niane,Troyes,True,556.0,164.0
352988,2136,28,3,3.6505769992380332,3.988094932336968,5.855490783322769,defender,Germany,1.0073873520086525,0.0,0.0957080112159784,0.10455679597887182,0.1535147396376756,481,0.036680626883890316,1070,0.1611758121245652,585,0.02449711359469032,2975,D. Upamecano,RB Leipzig,True,557.0,158.0
278288,1499,19,3,2.557313845854984,2.961666057677727,4.985123664501376,defender,Spain,0.9513742291434597,0.0,0.09553674140619019,0.11064262790523863,0.1862354404350081,252,0.21307270241464069,744,0.09633397804376478,503,0.035472713110991365,687,Aritz Elustondo,Real Sociedad,True,558.0,159.0
25643,1694,25,0,2.889396580722495,3.2440236671381903,5.095603834494846,defender,France,0.9597235699372703,0.009445100354191263,0.09551724233793372,0.10724045180622117,0.1684497135370197,583,0.07361245154891921,790,0.11080834210747112,321,0.09766840810759385,3782,K. Théophile Catherine,Saint-Étienne,True,559.0,160.0
37745,1234,30,1,2.1022764604019906,2.45128990000269,3.33235955657678,defender,Italy,0.989950745525218,0.009724473257698542,0.09540314569085209,0.11124168103739922,0.15122539316717964,173,,615,0.1524416234909959,446,0.04286149905179242,3162,J. Lukaku,Lazio,True,560.0,161.0
50102,1603,25,2,2.729512282873159,3.106867206241555,2.561784816920264,defender,Spain,0.984736860414563,0.0,0.09535414088639856,0.10853684563289275,0.08949466609328433,585,0.06581223768469574,764,0.139041272072595,254,0.031988176897194055,677,F. Schär,Deportivo La Coruña,True,561.0,162.0
14786,1017,24,1,1.727604484460101,2.009528045340356,2.357410416380343,midfielder,Germany,0.885856379434373,0.0,0.09512866384441067,0.11065247840615529,0.12980824318318504,307,0.016033956292523535,470,0.21278756378093205,240,-0.03411136845448808,2446,K. Bellarabi,Bayer Leverkusen,True,562.0,236.0
70215,1152,28,2,1.9563430159718043,2.2854854462482086,2.8067201179130743,midfielder,England,1.1516588444298723,0.0,0.0951000077208516,0.11109998697039902,0.13643778350966335,207,0.08406964783124468,738,0.09632247860766499,207,0.10177199314442817,1613,C. Atsu,Newcastle United,True,563.0,237.0
344075,1188,30,1,2.0158980174526953,2.2346724300932275,2.205314326505948,midfielder,Spain,0.9737093474195727,0.0,0.09502549577218092,0.10533809434782891,0.10395421067704805,387,0.04822848148494037,479,0.19115877709643883,322,0.008263392588462098,678,Iñigo Córdoba,Athletic Club,True,564.0,238.0
9414,1441,30,2,2.4420987894159865,2.5540651029436057,3.8277454617971047,midfielder,England,1.0422900310157137,0.0,0.09490460250332772,0.09925582634617759,0.1487534669400679,393,0.010015035805572954,729,0.17180373244331398,319,0.02375141750636106,1627,M. Phillips,West Bromwich Albion,True,565.0,239.0
447804,2304,36,6,3.9038653295470347,4.446428135544443,4.856350392417592,midfielder,Italy,0.9992089159895207,0.004774305555555556,0.09488561564871265,0.10807290607226078,0.1180362942601498,529,0.0687479999726065,1079,0.16495107227308597,696,0.006130114204691618,3176,F. Chiesa,Fiorentina,True,566.0,240.0
247141,1761,38,7,2.980985218593631,2.594480617414953,3.1950896947570646,forward,Spain,1.0061988963804414,0.0,0.09479566850723643,0.08250477829371798,0.10160421516547168,467,0.03850280035354032,839,0.13803347844752464,455,0.07284456276630073,678,Iñaki Williams,Athletic Club,True,567.0,165.0
62389,2910,36,4,4.920454403309952,5.512293681177164,8.011575217871231,midfielder,England,0.94627629510858,0.0,0.09468915690218464,0.10607850383021347,0.1541746433679687,881,0.024147333420941334,1489,0.13564565969022715,540,0.09684307141251816,1673,A. Mooy,Huddersfield Town,True,568.0,241.0
224593,2776,28,1,4.692320556043351,4.958133579260886,9.710711131516543,defender,Germany,0.8010996652365742,0.0,0.09465776337839614,0.10001998574877867,0.1958933081285758,349,0.05380220762938968,1114,0.14955484417949688,1313,0.05894050590998562,2444,J. Kimmich,Bayern München,True,569.0,163.0
7989,1771,28,2,2.993462959300666,3.1928066052008837,2.9030010331324836,midfielder,England,1.0182230848921359,0.0,0.09465495523480368,0.10095831162690541,0.09179449907138289,747,0.1255589390381963,831,0.06010465058386834,193,,1659,D. Gosling,AFC Bournemouth,True,570.0,242.0
302550,772,20,1,1.304789661232283,1.7971944749009459,1.5012345461016026,midfielder,Spain,0.9433614531045459,0.0,0.09464795470078737,0.130366438593851,0.10889784272239604,219,0.25025523347823186,407,0.05242972764301815,146,,692,Brais Méndez,Celta de Vigo,True,571.0,243.0
8628,1068,30,3,1.8041013368257215,1.6264471552849562,1.54373564878705,forward,Germany,1.0325455904445326,0.0,0.09459707384104907,0.08528187331082167,0.08094494038583781,176,,523,0.10243655839505754,369,-0.009469651119764317,2449,F. Di Santo,Schalke 04,True,572.0,166.0
346101,1707,19,1,2.882779402940945,3.528098722789001,4.992187913382534,defender,England,0.8557987663028565,0.0,0.09457272792307728,0.1157431332607991,0.16377417876357464,285,0.05341366301598193,659,0.1942001360095003,763,0.02389890298149065,1612,T. Alexander-Arnold,Liverpool,True,573.0,164.0
5281,1748,29,0,2.946416366614778,3.235842893377405,3.8818771500346347,defender,England,1.0762784341533396,0.0,0.09439320167644598,0.10366544738508848,0.12436219702628121,518,0.07752025305344258,970,0.11447671502080738,260,0.05308235337908126,1627,A. Nyom,West Bromwich Albion,True,574.0,165.0
3974,2565,33,1,4.31862505277676,5.329914582942336,5.983652211075839,defender,Spain,1.0578944758965276,0.0,0.09428577113274797,0.11636460687905294,0.13063724125545692,634,0.09205003257163705,1404,0.1398271181133414,527,-0.024352925096870315,698,D. Suárez,Getafe,True,575.0,166.0
16843,2283,31,1,3.8418888753791998,4.4573045642561615,5.408737637758828,defender,Germany,0.9359270742285983,0.0,0.09423818529182443,0.10933379570667763,0.13267161967345353,1054,0.1097025057521531,915,0.06718614487025283,314,0.12115927835090602,2463,D. Heintz,Köln,True,576.0,167.0
3795,930,13,1,1.5629310898447266,1.4436490987177593,2.5121651497884905,defender,Italy,0.9403927824085808,0.0,0.09411197960355343,0.08692940809483281,0.15127015955715642,156,,358,0.21654559966344655,416,0.03201507004846089,687,H. Moreno,Real Sociedad,True,577.0,168.0
56009,1511,24,2,2.536759078211287,2.401653429580672,3.2723061697316966,defender,Spain,1.0154527182193223,0.0,0.09401621997341635,0.08900899540471054,0.12127673428522504,426,0.13175406703856207,790,0.12690124780556566,295,-0.04854477947454992,684,R. Durmisi,Real Betis,True,578.0,169.0
50805,1959,29,0,3.2888305434043485,3.534063306679971,4.015618065975296,defender,Italy,1.0395200846795931,0.002041858090862685,0.09401455356337086,0.10102478058911606,0.11479051132956436,648,0.06134047523245042,1045,0.109865968308929,266,0.1113381413428002,3166,F. Helander,Bologna,True,579.0,170.0
25571,2322,36,7,3.891138668397387,4.667680649405692,3.761141851864284,forward,England,1.0147981990257229,0.0,0.09384313756686204,0.1125711095463905,0.09070798609147282,788,0.08010107369230732,1214,0.10334051952194073,320,0.09165227706587334,10531,J. Ayew,Swansea City,True,580.0,167.0
65254,889,17,0,1.4894719029438659,1.6248852761248218,1.9905616099267016,defender,England,1.0249465288490087,0.0,0.09382500176024353,0.10235497802361082,0.1253897077119182,287,0.08305635608506072,435,0.07991587038363594,167,,1639,K. Wimmer,Stoke City,True,581.0,171.0
21376,1360,34,5,2.278429500207164,2.0573588962951694,1.8681616328427648,forward,Italy,0.9287539953424774,0.0022058823529411764,0.09381768530264793,0.08471477808274226,0.07692430252881972,373,-0.04355549837385611,665,0.2295781927553946,322,-0.02742622756921707,3164,G. Caprari,Sampdoria,True,582.0,168.0
25512,1743,31,9,2.919251209249742,3.954336914955888,3.788040970127821,forward,Germany,1.1056471144462054,0.0,0.09379120351003187,0.12704696915520924,0.1217041275543075,366,-0.06780413668235037,863,0.22686126402262838,514,-0.014565932116347267,2462,S. Haller,Eintracht Frankfurt,True,583.0,169.0
99410,1066,22,0,1.784797166738915,1.8305916629852277,2.214461471231571,defender,Germany,0.9123534936752923,0.0,0.09376045153600304,0.09616616616057481,0.11633193469884426,468,0.0366333249900443,483,0.14124041076064295,115,,2445,M. Kamiński,Stuttgart,True,584.0,172.0
22732,1600,24,0,2.6772384058867296,2.5520037980952677,3.1804580302262853,defender,Italy,1.0207438163197358,0.0025,0.09370334420603553,0.08932013293333436,0.11131603105792,585,0.051409720600655524,822,0.11588737141242213,193,,3173,F. Pisacane,Cagliari,True,585.0,173.0
64966,863,14,0,1.4439075125384855,1.6696000266015136,1.7350568250729954,defender,England,1.0217109015858485,0.0,0.09369504136982061,0.10834021030090935,0.11258769664436587,248,0.050392574819672645,490,0.13947029591129653,125,,1651,M. Suttner,Brighton & Hove Albion,True,586.0,174.0
20879,2215,31,4,3.6996842021178478,4.150711528254763,6.462378226466555,midfielder,Italy,1.0567691659784233,0.0009029345372460496,0.09353603400388238,0.10493898220418361,0.16338292581585873,259,0.001846680553111487,1086,0.13776008925993416,870,0.06562823921730472,3158,R. Nainggolan,Roma,True,587.0,244.0
107,2186,31,0,3.650277262607508,4.974575459463754,4.422124688387478,defender,England,1.1258713193933,0.0,0.09351121990211365,0.12743651680236517,0.11328407252959688,601,0.08413859759004519,1242,0.10293436358395927,343,0.07581268216654773,1639,E. Pieters,Stoke City,True,588.0,175.0
284,1392,24,1,2.3229754635770634,2.9695530630852955,3.5065764705562086,defender,England,0.9987532893141156,0.0,0.0934530358910313,0.11946477839998315,0.14106916835570954,504,0.07214733840032395,722,0.10892504088948511,166,,10531,M. van der Hoorn,Swansea City,True,589.0,176.0
20441,824,25,2,1.3747921944405441,1.5896678848777825,1.79521382345152,midfielder,England,0.9978199518755078,0.0,0.09343247923382338,0.10803568149654834,0.12200482295301592,146,,353,0.021678492014504756,325,0.02166399752649342,1624,E. Lamela,Tottenham Hotspur,True,590.0,245.0
236528,2590,33,2,4.308976963003359,4.762158200766486,6.483965252164476,defender,Germany,0.9778218688699021,0.0,0.0931670694703429,0.10296558271927539,0.14019384329004275,803,0.04373723333158213,1106,0.13134780883969252,681,0.08944351686670736,2454,N. Elvedi,Borussia M'gladbach,True,591.0,177.0
295176,1275,21,1,2.1210037577588663,2.5516494653533917,2.91485760407387,defender,Italy,0.9977914495985686,0.006274509803921568,0.09315781210548746,0.11207244710571759,0.12802511829657784,233,0.058852614390759374,631,0.16259940457748615,411,0.005993496333469181,3172,R. Gosens,Atalanta,True,592.0,178.0
135927,701,24,2,1.1625549361979208,2.225748007906326,-0.5028611713430493,forward,Italy,0.9692362703908207,0.012838801711840228,0.09287172100867841,0.17780583230064803,-0.04017150584195544,175,,298,0.24994942685760807,228,-0.04241469592617606,3157,André Silva,Milan,True,593.0,170.0
14853,1756,25,0,2.906607008414791,3.5829342107398485,3.952874649425496,defender,England,1.0369046424344677,0.0,0.09269361758042613,0.114262138839084,0.12605978380855795,348,0.0959943336247158,883,0.133976660834422,525,0.02107156733910966,1631,C. Fuchs,Leicester City,True,594.0,179.0
99661,1253,15,1,2.073226799292705,2.099115995833025,2.562604521350296,defender,Italy,1.1527991383054002,0.00558659217877095,0.09265818097397564,0.09381524003723019,0.11452981101006911,269,0.07413251238998214,823,0.09835576881539618,161,,3204,T. Cionek,SPAL,True,595.0,180.0
332605,907,24,2,1.4974901928002617,2.0150675966217397,2.4566534486698752,midfielder,England,1.0161940116794732,0.0,0.09245804939009333,0.12441431688072482,0.15167871347906617,312,0.14450097466043632,482,0.048257540622783875,113,,1639,Ramadan Sobhi,Stoke City,True,596.0,246.0
3360,1153,31,4,1.9027062302772504,2.230697445078188,3.9584423986317274,forward,England,1.012677682662027,0.0,0.09241244483566871,0.10834263393267868,0.19225739316858345,176,,610,0.07450192616788331,367,0.13449586611761927,1610,Pedro,Chelsea,True,597.0,171.0
395114,1387,25,1,2.2830817013894755,2.7297820665541868,3.024079581320409,midfielder,Spain,0.9516121587133421,0.0,0.09217921793641717,0.11021470492215894,0.12209694055799779,462,0.05377530811150493,601,0.13504274813584333,324,0.06743114598967134,687,Zubeldía,Real Sociedad,True,598.0,247.0
3408,1094,19,0,1.7998944351656623,1.816409489708262,2.250142973063555,defender,Spain,1.0548465839224315,0.0,0.09213353598654213,0.09297891354996589,0.11518099313670847,215,0.0399600589360722,635,0.11122361118040194,244,0.08842492868223907,678,Saborit,Athletic Club,True,599.0,181.0
14754,2039,27,2,3.351325069862863,3.756538422093939,4.092227221806634,midfielder,Germany,1.0205693362121298,0.0,0.09204227754405117,0.10317123670292329,0.11239074272740142,504,0.026068211201472218,910,0.15656168243891946,625,0.0513035111157786,2445,C. Gentner,Stuttgart,True,600.0,248.0
91702,2041,30,0,3.3542509073857167,3.7555559345077896,4.854298124464354,defender,Spain,0.960758357247049,0.0,0.09203236198608533,0.10304318095660765,0.13318995343949233,680,0.08353077160021337,868,0.13894800250077868,493,0.021156713904217334,756,J. Mojica,Girona,True,601.0,182.0
413582,1651,24,2,2.712765112793736,3.3173528939499244,4.335180741560137,midfielder,France,0.9574038333287688,0.0060569351907934586,0.09201383786580813,0.11252075230841659,0.14704428923523177,642,0.13277618693648863,770,0.05764049349296069,239,0.09326089670980665,3776,Y. Bissouma,Lille,True,602.0,249.0
8944,1751,29,0,2.875071689624993,3.698213704777284,3.6016975072228457,defender,England,1.122008165307951,0.0,0.09194975135294095,0.11827525269419069,0.11518849823214126,462,0.04312921589633022,990,0.10268804371765544,299,0.13182994513182653,1646,B. Mee,Burnley,True,603.0,183.0
209028,2185,36,5,3.5806564676756056,3.2586798528762855,4.5997427458689195,midfielder,France,1.1286842608653327,0.0036613272311212816,0.09176968521273864,0.08351765297989565,0.11788814360121715,383,0.10300768901916965,1302,0.13101960083523623,500,-0.01904540598397124,3770,A. Thomasson,Nantes,True,604.0,250.0
246946,2399,35,4,3.9282134662488164,4.018444727222132,6.08163868619769,midfielder,France,1.1291344491001984,0.010004168403501459,0.09169652109626249,0.09380279479968295,0.14196405436726578,504,0.1431719546899524,1417,0.0773360942634509,478,0.07999172254160623,3787,E. Skhiri,Montpellier,True,605.0,251.0
14723,2736,27,5,4.468308839415204,5.222411040130681,11.91296734966523,midfielder,Spain,1.030717199964461,0.0,0.09145661367224102,0.10689145403776248,0.24383266505162754,218,0.16791507502696748,1465,0.10643636408996833,1053,0.05478683310500374,675,T. Kroos,Real Madrid,True,606.0,252.0
20812,748,22,1,1.2211240659189386,0.9718441088988621,2.1296310634557964,midfielder,Italy,1.014764115023564,0.008021390374331552,0.09142105306344994,0.07275838248440679,0.15943761972396336,189,,447,0.042783288976206785,112,,3185,A. Acquah,Torino,True,607.0,253.0
105619,912,17,3,1.4887283495253378,1.763905179419967,3.894973561816287,forward,Germany,0.8699304073176876,0.0,0.09141314426909969,0.10830996715736639,0.23916504326942115,367,0.20864963529241384,349,-0.00679011856084406,196,,2446,A. Mehmedi,Bayer Leverkusen,True,608.0,172.0
447821,1093,25,4,1.7812044127320654,1.393894311582841,1.9036357154457373,forward,Spain,0.9047036878215613,0.0,0.09126024438517444,0.0714163599713075,0.09753302842173951,510,-0.055919172742154716,378,0.3315820192293098,205,0.014284009477148633,683,Y. En-Nesyri,Málaga,True,609.0,173.0
20929,1003,23,0,1.6330511387154254,2.1053095519992415,2.0703221876047353,defender,Italy,1.1076507815774066,0.006979062811565304,0.09117733177274559,0.11754470080952895,0.11559126869976588,270,0.022095310376791737,617,0.14850526034957534,116,,3165,A. Gamberini,Chievo,True,610.0,184.0
15449,1116,17,0,1.8160655337685787,2.09564619447555,2.660451310338912,defender,Germany,0.9134650196757867,0.0,0.09112873646150574,0.1051578735579129,0.1334993489058952,517,0.05008945226613358,501,0.14345278520287025,98,,2450,M. Mavraj,Hamburger SV,True,611.0,185.0
15772,1882,27,0,3.0625604350271027,3.4390902809647104,3.633438501900198,defender,Germany,1.0966935778568923,0.0,0.09112825949071082,0.10233212313178734,0.10811506700659462,521,0.059453972147438826,1107,0.11115278642374513,254,0.06882570984888298,2455,M. Ostrzolek,Hannover 96,True,612.0,186.0
26528,1321,24,0,2.1491049688215313,1.9974113671236278,2.3480974625403452,defender,France,1.1373962723462423,0.003028009084027252,0.09110513115367581,0.08467451669865493,0.09954084625454908,280,0.06621726088582446,904,0.09450254116097112,137,,3783,R. Genevois,Caen,True,613.0,187.0
61967,940,18,1,1.52819273304134,1.7609584237751341,2.1735513784150435,midfielder,England,1.1647459739921595,0.0,0.0910412692024628,0.10490816141639096,0.129488167224726,156,,576,0.048828401835893036,208,0.02605386728734691,1624,V. Wanyama,Tottenham Hotspur,True,614.0,254.0
8945,2116,24,0,3.438966445768881,3.6241322683378443,5.452409368480177,defender,England,0.9251560223060511,0.0,0.09101234450049969,0.09591276324523595,0.14429816854200847,516,0.0626641222887953,834,0.1394649533630837,766,0.057354651119095476,1624,K. Trippier,Tottenham Hotspur,True,615.0,188.0
20653,2155,32,3,3.495927154305197,4.3631083252605425,3.3415544430547865,midfielder,Italy,1.0872348142427455,0.002320185614849188,0.09084543881257125,0.11338007712974033,0.08683389736012438,560,0.12695414944690822,1125,0.11824218493031766,470,-0.017755023608053044,3165,P. Hetemaj,Chievo,True,616.0,255.0
3420,1694,34,2,2.7454745998505423,2.1742617815398493,4.040990389140531,midfielder,Spain,0.9900642532279967,0.0,0.09075949090415016,0.07187642253024296,0.13358645914514153,459,0.1348531622294762,804,0.0916569694811651,431,0.04212708275045022,678,Susaeta,Athletic Club,True,617.0,256.0
90268,2470,32,2,3.998416259652356,4.862472369944938,4.807126942911732,midfielder,Italy,1.003868943522157,0.006477732793522267,0.09065235244555948,0.11024228854935891,0.10898749344253321,875,0.03914530852484477,1207,0.14372594595900054,388,0.04170605363087399,3166,E. Pulgar,Bologna,True,618.0,257.0
343951,890,31,5,1.4384907049714755,0.7886199814351935,1.7128122216668364,forward,England,1.0185478896016702,0.0,0.09051177469483442,0.04962103253974252,0.10777245439701442,303,0.18799836668116496,475,0.0040987672753673805,112,,10531,T. Abraham,Swansea City,True,619.0,174.0
254898,843,13,2,1.3592019129182031,1.224383328892656,2.377622775557149,midfielder,England,0.9945483959162865,0.0,0.09029099302896723,0.08133507285645164,0.1579440989693954,280,0.037109462289024855,382,0.08403547667664614,181,,1613,Kenedy,Newcastle United,True,620.0,258.0
341973,2708,33,0,4.357716507125753,4.974846420696088,5.480812981060617,defender,France,1.1269709882668228,0.012555391432791729,0.09011526011781469,0.10287717856683196,0.11334029798352827,629,0.07336346543754581,1568,0.11186899151593288,511,0.043984199494800556,3787,N. Mukiele,Montpellier,True,621.0,189.0
230862,1875,32,0,3.012602831673716,3.485018616729752,3.806220158579014,defender,Spain,1.0382239373500544,0.0,0.08997640457265497,0.10408588935299525,0.11367910873622655,541,0.0254724628800604,890,0.13993985416750712,444,0.06842046384354515,678,Lekue,Athletic Club,True,622.0,190.0
7918,1551,23,0,2.4919989012807444,2.5794461432236844,3.309023340280544,defender,England,1.041041581182144,0.0,0.0899754600075575,0.0931328072343819,0.11947473053237297,191,,831,0.09181643654335914,529,0.08132958768592596,1611,P. Jones,Manchester United,True,623.0,191.0
25846,1705,23,0,2.7392859893806483,3.273024512743939,3.554155482079269,defender,France,1.0569308368958843,0.002932551319648094,0.08997068352217966,0.10750109836578334,0.11673472551110796,623,0.08855556521649373,768,0.10822686553260512,314,0.048126323396178325,3799,Y. Andreu,Angers,True,624.0,192.0
7906,1714,28,3,2.7530787005719635,2.945461853879236,3.4245265873786774,midfielder,England,1.0042641900563685,0.0,0.08994889570130103,0.09623445963666115,0.11188651627374908,264,0.07399294228362815,801,0.16092094749754396,649,0.008845287401570747,1611,Juan Mata,Manchester United,True,625.0,259.0
25647,2508,37,0,4.026647889168953,4.417099709732604,5.7959372444629045,midfielder,France,1.0544583052665544,0.005980861244019139,0.08990920326693037,0.09862742573565622,0.129414866702521,699,0.0743555097820377,1489,0.09295702134416534,320,0.1097024239823589,3783,J. Féret,Caen,True,626.0,260.0
26373,1242,22,0,1.992452164814246,1.9612400544240582,2.987663824505415,defender,Italy,0.9194222711630904,0.0,0.0898368125842172,0.08842950325905577,0.13470948000990599,564,0.05477141226117075,570,0.1186786907268573,108,,3194,S. Souprayen,Hellas Verona,True,627.0,193.0
296341,1376,17,1,2.207277933932533,2.871626597545079,3.864002188379375,defender,Germany,1.0351464538574675,0.0,0.08983107870655659,0.11686852431869507,0.15725590301543968,185,,645,0.12065568852114238,546,0.06613734011033244,2975,Bernardo,RB Leipzig,True,628.0,194.0
20655,937,23,2,1.5020610138795552,1.666786178691741,2.48511989429747,midfielder,Italy,1.2289288371626736,0.0096051227321238,0.08977098908992005,0.09961582284603789,0.14852370766345604,103,,656,0.06903730738573387,178,,3193,L. Rigoni,Genoa,True,629.0,261.0
226200,2723,36,2,4.365062654762112,4.882749292128903,6.137403396816801,midfielder,Italy,1.0578510301210975,0.012486228424531766,0.08976992606194575,0.10041643788439902,0.1262190929936617,915,0.09414301575735061,1526,0.08783275135018286,282,0.08606337123518949,3204,M. Lazzari,SPAL,True,630.0,262.0
270866,1571,28,1,2.518237405144962,3.3147862496541896,2.0946196464302904,defender,France,1.102471603517255,0.002546148949713558,0.08976530533934939,0.11815915339314742,0.07466499057931016,378,-0.03520595455148602,874,0.15829279723401382,319,0.05009793331050629,3770,Diego Carlos,Nantes,True,631.0,195.0
4936,794,11,0,1.2713087270604488,1.6385286698269292,1.4925755293029426,defender,Spain,0.8554923658141429,0.0,0.0896640915810896,0.11556373489963229,0.105269810630938,402,0.02708468386730053,324,0.1672666194517404,68,,714,David Simón,Las Palmas,True,632.0,196.0
399676,2175,35,3,3.4792696367834597,4.703261106023819,4.885829322664078,midfielder,Spain,0.9456394717117211,0.0,0.08958119524591895,0.1210954583619926,0.12579606531916707,492,-0.016267362888119204,887,0.20619699202998093,796,0.025057676218888544,682,Pablo Fornals,Villarreal,True,633.0,263.0
86489,1046,23,9,1.670096500336029,1.398741374779837,2.994101559692333,forward,Germany,1.0113013474521833,0.0,0.08941243214036101,0.07488481547578477,0.1602960682053257,178,,445,0.2704233017154428,423,0.05051361913343246,2446,L. Alario,Bayer Leverkusen,True,634.0,175.0
223516,752,16,0,1.2003698385387187,1.6385321705012914,1.667539947285271,defender,Germany,1.0982981424760152,0.0,0.08938924329543649,0.1220183531224366,0.12417850671273295,150,,472,0.1051833048294759,130,,2443,R. Bauer,Werder Bremen,True,635.0,197.0
11669,1176,28,8,1.876387257176645,2.91441974396617,1.949916630231396,forward,England,1.025665037887383,0.0,0.0893517741512688,0.13878189256981763,0.0928531728681617,365,0.2918021704430441,606,-0.005299942765680556,205,0.008691021981382736,1659,C. Wilson,AFC Bournemouth,True,636.0,176.0
217031,2220,33,3,3.541491194356815,4.814139082307251,5.7642669836510345,midfielder,Spain,1.1190013214608425,0.0,0.08933491301080253,0.12143774261675948,0.145404932920927,169,,1329,0.1325982137243102,722,0.018525667149348272,679,Thomas,Atlético Madrid,True,637.0,264.0
14726,1275,20,5,2.029656931869809,2.1504616935264536,6.286362657252774,midfielder,Germany,0.8275867216153154,0.0,0.08914571622330142,0.09445165085292659,0.27610690886757283,186,,508,0.17030387220609242,581,0.03999078050464092,2444,F. Ribéry,Bayern München,True,638.0,265.0
385273,940,30,8,1.4956979548543334,1.6929745001293413,2.968602842426867,forward,Spain,1.011983493063454,0.0,0.08910541007642837,0.10085805532685437,0.17685293529351548,257,0.2928505662273728,429,-0.027432612284405907,254,0.07978378197408653,701,Charles,Eibar,True,639.0,177.0
14938,2169,29,2,3.44693763501457,4.432896146540286,5.944681378670293,midfielder,Germany,1.0461951590979355,0.0,0.08899424046141813,0.11445006187471463,0.15348186132113248,652,0.09206772709205775,1127,0.10305979117216917,390,0.04321016627117853,2451,M. Arnold,Wolfsburg,True,640.0,266.0
350976,1906,24,0,3.0265357158147794,3.4416710683962375,3.4700754122398383,defender,England,0.955471098296066,0.0,0.08892235051711839,0.10111940179967958,0.10195394705426598,694,0.0389061658726568,847,0.13918857738501075,365,0.06737642719150615,1631,B. Chilwell,Leicester City,True,641.0,198.0
105622,893,18,3,1.4171445507429614,1.0019881493401899,1.7605648997286087,forward,Germany,0.985227003282699,0.0,0.08886908716865156,0.06283464318370731,0.1104049657164637,348,0.17564726309459863,342,0.053093829121446307,203,0.00037811687266444397,2447,A. Yarmolenko,Borussia Dortmund,True,642.0,178.0
4238,1752,28,0,2.777745838083539,2.8303874638931474,3.7857084384313717,defender,Spain,1.0373143691121587,0.0,0.08878639665107202,0.09046900569521477,0.1210043793105918,517,0.05549032449472336,1063,0.10583896934650192,172,,714,Míchel,Las Palmas,True,643.0,199.0
346195,2976,34,3,4.717417523059656,5.78995883454966,6.577471572988972,midfielder,Spain,1.0403256233796343,0.0,0.088768609304886,0.10895083828453661,0.1237696263734484,594,0.031208389702934866,1655,0.13045531097164192,727,0.04089966733112796,684,Fabián,Real Betis,True,644.0,267.0
70093,2743,33,1,4.345214759534988,5.113138626098105,6.979726519225933,midfielder,France,0.9522133596927533,0.0036456434560699965,0.08871018101857796,0.10438781008439442,0.14249532813585572,505,0.09616867392002597,1217,0.12854078164086646,1021,0.03754428496318484,19830,João Moutinho,Monaco,True,645.0,268.0
272434,2031,27,1,3.21257116038658,3.517846612466975,4.311699125351821,defender,Germany,1.090188759223052,0.0,0.08857901771622279,0.09699626307146755,0.11888486017710585,602,0.03885788774406838,1181,0.1160491095291478,248,0.07845781534595062,2455,W. Anton,Hannover 96,True,646.0,200.0
20869,1240,20,0,1.958125692067763,2.361269923043173,2.4789830021479733,defender,Italy,0.8935576128554896,0.004032258064516129,0.08843148286757639,0.10663799652453039,0.11195407106474718,415,0.04972311640249607,566,0.14025238737986218,259,0.03720885788323114,3164,N. Murru,Sampdoria,True,647.0,201.0
391606,800,20,0,1.2629447561555476,1.69475973731181,1.3314185401863452,midfielder,Germany,1.0212020190830209,0.0,0.08840613293088832,0.1186331816118267,0.09319929781304417,239,0.0910246038580848,404,0.13162744136917418,157,,2450,T. Ito,Hamburger SV,True,648.0,269.0
4360,1951,35,5,3.079874857929358,4.068434737003799,7.722605234242706,defender,Spain,0.9912525188598234,0.0,0.0884023536873624,0.11677721438862776,0.221663707389847,574,0.10847708040404788,900,0.05934202554663551,477,0.11907615283050026,756,Juanpe,Girona,True,649.0,202.0
425925,1918,30,3,3.024941187314053,3.0502484284116753,4.543829956726667,midfielder,Germany,0.9811214075463668,0.0,0.0883194507244979,0.08905834827479345,0.13266656807961072,505,0.12435750752050201,890,0.09014405228256044,523,0.05041674696033396,2446,K. Havertz,Bayer Leverkusen,True,650.0,270.0
25625,1186,17,0,1.8700528993487477,2.082345044683582,2.1704347816096847,defender,France,1.1728036151468277,0.008431703204047217,0.0882992937297891,0.09832320615706626,0.10248258665273384,134,,819,0.0994656345520801,233,0.06058220841788684,3774,L. Baal,Rennes,True,651.0,203.0
15808,2309,37,15,3.639591984672495,4.5692841218274305,9.280372144211626,forward,England,0.9271562017013281,0.0,0.088270745405656,0.11081849754107237,0.22507615421214858,328,0.2127936308712194,936,0.08104003785470171,1045,0.055662550032439174,1612,Roberto Firmino,Liverpool,True,652.0,179.0
14904,986,13,0,1.5530676166754884,1.9817558251447247,2.5905540891218286,defender,Italy,0.8956960408260977,0.002028397565922921,0.08820668005459163,0.11255408337535963,0.14713086104545883,167,,439,0.16796764748324763,380,0.01793733566484458,3164,J. Sala,Sampdoria,True,653.0,204.0
263614,1527,28,2,2.402400566332757,2.5937119932332067,4.075162634427334,midfielder,Germany,0.9297148218432831,0.0,0.08810375357867345,0.09511975875642409,0.1494493173070928,356,0.06977586900885328,664,0.15083909131079168,507,0.018810780507133994,2482,N. Amiri,Hoffenheim,True,654.0,271.0
93000,2179,34,0,3.4217263730711394,3.811164555872467,4.743509916003347,defender,Spain,1.0735307133156262,0.0,0.08793789669205315,0.09794640437304183,0.12190755176511586,609,0.100263317173408,1248,0.09093966087240034,322,0.05299260858578478,698,Antunes,Getafe,True,655.0,205.0
25826,3132,34,3,4.918053706074867,6.653817214373297,5.341975588275388,midfielder,France,1.1177719668491286,0.007982120051085569,0.08793454902304998,0.11896991187896061,0.09551425062050502,515,0.03703948851567004,1911,0.12029067935584166,706,0.03747901233089096,3774,B. André,Rennes,True,656.0,272.0
302799,2322,36,2,3.6427692307634594,4.915272031863949,3.9961364152043473,midfielder,Italy,0.9142984828577212,0.0068906115417743325,0.08785317696931685,0.11854230567802805,0.09637538296789123,896,0.04931638363105929,981,0.17360555606062655,445,-0.02359427709247203,3197,R. Mandragora,Crotone,True,657.0,273.0
14748,2317,27,2,3.630876256099757,3.9420835834130883,5.394185962506101,defender,England,0.9598857836715574,0.0,0.08775531736796996,0.09527694461421361,0.13037307462250394,255,0.012320881719965518,1168,0.1441890281220665,894,0.0355419023002478,1610,A. Rüdiger,Chelsea,True,658.0,206.0
21094,2901,34,2,4.544384928137633,5.344035716295763,5.4006459427822096,defender,Italy,1.027111667427205,0.006894174422612892,0.0877233905466072,0.10315960017668484,0.10425238634808814,342,0.055324660384855145,1658,0.12657744154699874,901,0.028522890165552813,3161,D. D'Ambrosio,Internazionale,True,659.0,207.0
40726,2892,38,4,4.52954309875157,4.387614163608428,6.966421094270118,midfielder,Italy,1.000621548938754,0.0013831258644536654,0.08770899499657259,0.08496071686102073,0.13489612077424848,372,0.1531452832734503,1371,0.1306486004185708,1149,0.015287325481726595,3187,Allan,Napoli,True,660.0,274.0
28117,1049,26,2,1.6420462368762792,2.3453867270107005,3.5649953419389657,midfielder,France,0.9378284041684488,0.008579599618684462,0.0876592843327661,0.12520653642764462,0.19031433665260444,185,,529,0.07610539726637489,335,0.13886845278569476,19830,R. Ghezzal,Monaco,True,661.0,275.0
102,2964,35,3,4.633814162820412,5.123955955922791,8.069734374628155,defender,France,0.9445504844962472,0.008097165991902834,0.08754844572130334,0.09680888445738067,0.15246461706449954,509,0.04543568228207054,1222,0.10793734957446241,1233,0.0847261878802726,3766,Marcelo,Olympique Lyonnais,True,662.0,208.0
14838,2201,27,3,3.4399324718647746,3.9201189809446677,4.994887297883542,midfielder,Germany,1.0357984513604084,0.0,0.08752213467715919,0.0997395106464795,0.12708481993706422,649,0.04176763157205482,1105,0.15034336973195048,447,-0.0013431723034485145,2454,C. Kramer,Borussia M'gladbach,True,663.0,276.0
4094,2195,33,0,3.430547590741144,3.643152326978767,4.743780024662071,defender,Spain,0.943955573737497,0.0,0.08752194308952349,0.09294602747645145,0.12102582295265418,854,0.09665180445569874,918,0.10711679502879433,423,0.02656455375863863,701,Ander Capa,Eibar,True,664.0,209.0
3361,2637,31,9,4.115936022865288,5.700612028169354,7.764464469871273,forward,England,0.9799848408878501,0.0,0.0874070600229261,0.12105964109878038,0.1648881343620748,632,0.03248496076337643,1219,0.11371258818124116,786,0.09077134489194562,1609,A. Sánchez,Arsenal,True,665.0,180.0
3434,1705,20,1,2.6587930972684437,2.870356767964969,3.6224673181666844,defender,Spain,1.0931482404728894,0.0,0.08732692870793715,0.09427564751087288,0.11897839871984418,111,,1001,0.08008505982263388,593,0.027156475416880346,679,Filipe Luis,Atlético Madrid,True,666.0,210.0
225022,1607,24,0,2.4991767878024747,2.9654795435106047,3.6218092037304936,defender,Spain,0.9939582560610527,0.0,0.08709016808770291,0.10333967295369874,0.12621114835650757,487,0.07962973013311107,786,0.09761097524602771,334,0.0732095658644781,696,Rubén Duarte,Deportivo Alavés,True,667.0,211.0
3816,1008,33,2,1.5639043225479543,2.418062470408072,1.6605574037237607,forward,Spain,1.0718815477552237,0.0,0.08688357347488636,0.13433680391155955,0.09225318909576448,233,-0.03208374968817709,453,0.19036917120757807,322,0.02738174280434109,691,Sergio García,Espanyol,True,668.0,181.0
16432,2282,33,5,3.5376397600312695,4.463641469848654,5.232141562582598,midfielder,Germany,1.0149977944731199,0.0,0.08681324564493913,0.10953721398401606,0.12839611196521714,692,0.1168407589731651,1020,0.08654951278301934,570,0.05083073388358088,2481,Caiuby,Augsburg,True,669.0,277.0
16110,1907,26,1,2.9497393784904724,3.2922549181099443,5.190853387739821,midfielder,Germany,0.941995804548262,0.0,0.0866205585712986,0.09667869712331248,0.15243198202067645,506,0.05385003704312899,710,0.14577981741284993,691,0.049831571763414975,2975,K. Kampl,RB Leipzig,True,670.0,278.0
49919,1352,21,0,2.090650742216213,2.13531010929372,2.9088897169112333,defender,France,1.0825735670519052,0.0022189349112426036,0.08659500115688457,0.0884447974263671,0.12048655632176707,312,0.07195706227743999,746,0.09070798771333041,294,0.09169278673266036,3780,F. Moubandje,Toulouse,True,671.0,212.0
8980,1343,34,2,2.0763225943807724,2.605876440467597,1.6340677052983048,midfielder,England,1.127805490872214,0.0,0.08657785948274255,0.1086590325139132,0.06813685144951978,298,0.011890640469494186,816,0.14281745102210144,229,-0.016630504841138816,1646,J. Hendrick,Burnley,True,672.0,279.0
26384,2633,36,6,4.068023446895421,3.683407528847812,6.5121760968905935,midfielder,France,1.0690183284530088,0.0094948727687049,0.08652081770837204,0.07834060828540731,0.1385043150117255,539,0.0117703376958255,1496,0.14675847640390918,598,0.003201371752250048,3789,G. Kakuta,Amiens SC,True,673.0,280.0
8125,2535,38,2,3.9145347603329355,3.935829486309512,4.572005021397526,midfielder,England,1.1124593332373163,0.0,0.08647492961682225,0.08694534565417462,0.10099892749438322,595,0.06079542746702928,1447,0.10177658775830642,493,0.07255566886306809,1646,J. Cork,Burnley,True,674.0,281.0
225996,2223,27,3,3.4309493748902864,4.803808353591587,4.550339430992138,defender,Spain,1.029363764812397,0.0,0.08642967386138374,0.12101361574499726,0.11462843370920366,593,0.14320871140639455,1231,0.10654140560170369,399,-0.06000519089181252,687,Diego Llorente,Real Sociedad,True,675.0,213.0
21620,1710,30,3,2.6364854869047223,3.2919312593584853,3.1283223514496834,midfielder,Italy,1.0228658327842781,0.005847953216374269,0.08634104518518389,0.10780593597899134,0.10244798343928788,502,0.02169530901481876,817,0.16696361827132933,391,0.0008768951753180982,3204,J. Kurtič,SPAL,True,676.0,282.0
3421,1280,21,1,1.9734775366846868,1.8915322058015176,2.535005967899573,defender,Spain,0.9619091818229017,0.0,0.08633964222995505,0.0827545340038164,0.11090651109560631,380,0.17953136243982662,498,0.07752268918398292,402,0.009170460481554345,678,De Marcos,Athletic Club,True,677.0,214.0
4452,1599,22,2,2.4564505190140986,2.4417027668445606,4.630948176921697,defender,France,0.8361422280292481,0.0025015634771732333,0.08602953662588464,0.08551304249111656,0.16218455153696998,85,,732,0.1619063581595327,782,0.022697004952240484,3767,Yuri Berchiche,PSG,True,678.0,215.0
3576,789,30,8,1.212028125366883,1.645665082701917,4.468879179472657,forward,Spain,0.9294550535859768,0.0,0.08602480991197141,0.11680259142117534,0.3171828061476157,203,0.1757093737500735,378,-0.020350723464472868,208,0.19181320009063113,687,Juanmi,Real Sociedad,True,679.0,182.0
7982,826,15,0,1.267923685546426,1.3106919008143363,2.14582100869817,defender,Italy,1.000410265771858,0.002421307506053269,0.085960927833656,0.0888604678518194,0.1454793904202149,53,,488,0.10137025237909424,285,0.03156219878041828,3161,D. Santon,Internazionale,True,680.0,216.0
20395,1016,12,1,1.5589613975236187,1.7790412683601786,3.018088445053129,defender,Italy,0.9932037436654411,0.001968503937007874,0.08592700616271914,0.09805739274426181,0.16635133161710158,31,,527,0.11683680107718525,458,0.02859794138591466,3159,M. De Sciglio,Juventus,True,681.0,217.0
15798,1716,23,1,2.6297087965026638,2.937276194621198,3.7725959424504794,defender,Germany,1.0590240398052058,0.0,0.08581800268307062,0.09585516719043537,0.12311501910094805,390,0.047041086368943594,864,0.08383706023301418,462,0.12225638285484179,2445,A. Beck,Stuttgart,True,682.0,218.0
14888,1374,22,0,2.1052572147277804,2.3438213140829656,2.5846398981209826,defender,Germany,0.9873675490918531,0.0,0.0858037874998222,0.09552692400920383,0.10534194635718706,536,0.11403214640372647,680,0.08086571360089993,158,,2450,D. Diekmeier,Hamburger SV,True,683.0,219.0
26120,2986,35,2,4.570079490708778,4.999789038995691,6.972737932636944,midfielder,France,0.9511858050059271,0.005023442732752847,0.08570812172796101,0.09376697460943023,0.1307680255283553,1272,0.07662144928033063,1186,0.09422128260167323,528,0.08847637657107303,3799,T. Mangani,Angers,True,684.0,283.0
29588,1973,26,1,3.019373500014039,3.5469884972199206,4.0526895419476,defender,France,1.0097913424594036,0.015205271160669031,0.08569939989902998,0.10067478755413865,0.11502818770859888,634,0.1395193922318324,934,0.07487462022772566,405,0.026411669217552284,3779,E. Seka,Strasbourg,True,685.0,220.0
8433,1867,28,1,2.853337202603884,3.085681279538791,4.333614168807109,defender,England,1.095104883722707,0.0,0.08558483307221076,0.09255391090207407,0.12998521341895986,335,0.08488408668317267,1052,0.07993996659196144,480,0.09844556135877337,1646,S. Ward,Burnley,True,686.0,221.0
15253,1067,20,0,1.6305115338978156,1.659234501459258,2.2289884081406863,midfielder,Germany,0.9104353971365237,0.0,0.08557511330672697,0.08708259801473145,0.11698533351066395,586,0.05759256485972666,403,0.1295983418925214,78,,2463,M. Lehmann,Köln,True,687.0,284.0
64995,1545,32,11,2.358506921659319,2.9292524855824404,6.027834631345853,forward,Germany,1.0150251502928245,0.0,0.08548633502454489,0.10617355287548004,0.21848462094198562,278,0.0041655471684246175,669,0.0980678307056519,598,0.10921569691976368,2449,G. Burgstaller,Schalke 04,True,688.0,183.0
25942,1944,28,1,2.9668898724202566,2.7597409640893975,3.4569483376022245,midfielder,France,1.0998865264124755,0.00257201646090535,0.08546596340305265,0.07949871089969458,0.09958287392269782,530,0.06088411696694818,1156,0.11407555927531199,258,0.007774823026322391,3780,G. Imbula,Toulouse,True,689.0,285.0
7938,2717,31,3,4.138644598697789,3.9664411880457338,6.319323880684921,defender,England,0.9676469885565409,0.0,0.08530147130183151,0.0817521923189404,0.13024738215618537,424,0.07389955553941446,1331,0.12832287528232897,962,0.030803470870670074,1611,A. Valencia,Manchester United,True,690.0,222.0
3463,2735,34,2,4.165987746564207,5.095006782306874,5.028941613452373,defender,Italy,1.0115375017523665,0.0040219378427787935,0.08529993192233844,0.1043218938973254,0.10296918842900654,485,0.11321644440398784,1291,0.12747535262794552,959,0.014405274274227163,3158,F. Fazio,Roma,True,691.0,223.0
49991,3132,35,5,4.7679817627778585,5.386079292692265,6.830285450477834,midfielder,Italy,1.0200571644442555,0.006385696040868455,0.08525127034340998,0.09630282260241597,0.1221251549255296,618,0.11819107559075155,1651,0.1102139813819958,863,0.013906849060023804,3172,R. Freuler,Atalanta,True,692.0,286.0
248950,2193,31,2,3.333809675482664,3.64082545669596,6.207329721376118,defender,Italy,0.9676913809412706,0.005015959872321021,0.08513148282126275,0.0929713750911873,0.158509103692231,829,0.07390670587654267,990,0.12193705141261613,374,0.01258556619488061,3163,Samir,Udinese,True,693.0,224.0
25461,1353,27,2,2.0530880121391024,2.90018301220475,3.130694578779081,midfielder,Spain,1.0555459498074327,0.0,0.08497629614175146,0.12003713871653067,0.12957789830866856,331,0.2320461459993882,740,0.026339632867541107,282,0.06622101429791433,684,R. Boudebouz,Real Betis,True,694.0,287.0
228639,996,17,1,1.5104107856829512,1.721466083177781,2.192986328618291,defender,Germany,0.9878253332547052,0.0,0.08492269477735467,0.09678925768871058,0.12330043614721316,216,0.02741479218646122,473,0.15901885519031025,307,0.01122309570342964,2451,Y. Gerhardt,Wolfsburg,True,695.0,225.0
286553,1187,27,4,1.799585962208342,2.263902428849043,3.2083302095871606,forward,France,0.9603590170379166,0.003369839932603201,0.08490043292642557,0.10680584331554034,0.15136182960141617,478,0.07402951092546058,574,0.12236705921665696,135,,3776,A. El Ghazi,Lille,True,696.0,184.0
127685,1219,25,2,1.847211109492083,2.206752730987632,3.544492585442204,midfielder,Germany,0.9826493171228633,0.0,0.08485957516944762,0.10137666360566645,0.1628314887487805,476,0.07095654783588373,574,0.10989984266675899,169,,2463,M. Jojić,Köln,True,697.0,288.0
279533,1355,22,1,2.0523786544341314,2.8395884000099687,1.8544798613358098,defender,Spain,1.0162627945709637,0.0,0.08482155324598624,0.1173556829524415,0.07664271013638771,433,0.019676055283553952,673,0.15859679205084676,249,-0.0012938487537645954,691,Mario Hermoso,Espanyol,True,698.0,226.0
105361,1175,17,0,1.7789408511131777,1.7971346216595347,2.363023720369591,defender,Italy,0.8911814940008675,0.000851063829787234,0.0847835639679472,0.08565067133015655,0.11262070497080606,243,0.07400183605786453,560,0.11507257585848636,372,0.04623010489119494,3164,I. Strinić,Sampdoria,True,699.0,227.0
375001,1415,20,1,2.1394178311872123,2.2996522470419265,2.837055668859603,midfielder,France,1.0101526009050055,0.0021201413427561835,0.08466953960882254,0.09101097232109391,0.11227923495133413,515,0.13224373495954797,660,0.07200452044392863,240,0.0174120481221824,3780,I. Sangaré,Toulouse,True,700.0,289.0
15069,1916,26,3,2.8920643186221966,3.620163182145395,5.013837318407697,defender,Germany,1.0043675766605409,0.0,0.08452797590962578,0.10580852724433305,0.14654221807454648,468,0.040417458011477315,889,0.11995569421069566,559,0.06511559810404866,2975,W. Orban,RB Leipzig,True,701.0,228.0
356237,2294,33,4,3.462218587539814,4.283943804431872,7.123037457734424,midfielder,France,0.854302260781324,0.004359197907585004,0.08451797772547061,0.1045775296635505,0.17388408789587084,256,0.01803329769788274,846,0.18604643853317412,1192,0.02673861551384757,3767,G. Lo Celso,PSG,True,702.0,290.0
22377,1588,25,1,2.3944198108770216,3.051926301091768,3.819081390959387,defender,Italy,0.9965228783401828,0.00818639798488665,0.0844379782173257,0.107624605076284,0.1346779331824469,474,0.033613937327934267,712,0.09706944172208533,402,0.12199268808345175,3166,I. M'baye,Bologna,True,703.0,229.0
247248,1518,36,1,2.2884567340872697,2.638958790501345,2.921354009561022,midfielder,England,1.013248896065129,0.0,0.08442264631678993,0.09735289345723011,0.10777063539882559,459,-0.0008735615186089308,801,0.1520576680013562,258,0.02618740223582278,1651,S. March,Brighton & Hove Albion,True,704.0,291.0
25786,1885,32,1,2.8415945565441585,3.259326122763992,3.5563880956427387,defender,France,1.1217117532591003,0.011140583554376658,0.08441872422624555,0.09682878667097271,0.10565396995012911,488,0.14696381640534795,1106,0.06806537364788091,291,0.04168608077699927,3787,D. Congré,Montpellier,True,705.0,230.0
25596,957,22,0,1.4404377183012496,1.7580653031420226,2.1343219976997556,midfielder,France,1.0577392042402352,0.01044932079414838,0.084288936494117,0.10287529464571919,0.12489240529904526,169,,511,0.09058436242467666,277,0.06301181955629036,3772,J. Plašil,Bordeaux,True,706.0,292.0
4009,811,19,0,1.219187163016422,1.5206949196122692,1.7649029510955905,midfielder,Spain,0.9953116326981372,0.0,0.0841855500973115,0.10500482798802352,0.12186752806578677,351,0.08961719770798213,369,0.09006258801229763,91,,683,M. Lacen,Málaga,True,707.0,293.0
20938,1032,20,1,1.5510909618533482,1.8289620282433203,1.7185339434350102,midfielder,Italy,0.9800375970013911,0.001937984496124031,0.0841677266121972,0.09924600153258327,0.09325377987631837,278,0.04030238698642964,474,0.1664053552564072,280,-0.01149681467848911,3163,V. Behrami,Udinese,True,708.0,294.0
3441,2383,34,0,3.5810312093260075,4.0941211930908645,5.202622750645211,midfielder,Spain,1.0927330874777208,0.0,0.08415348204878574,0.09621098901094773,0.12226054302817113,184,,1362,0.11455446533751569,837,0.03872331368307962,679,Gabi,Atlético Madrid,True,709.0,295.0
8186,903,17,1,1.35519877151844,1.4814702843587648,1.8520412768998493,defender,England,1.006240317037424,0.0,0.08404333466781022,0.09187412616178388,0.11485527298603718,439,0.040237489950321226,416,0.13101046920044793,48,,1628,S. Dann,Crystal Palace,True,710.0,231.0
16884,1824,28,1,2.733475721656291,3.216287546078892,3.0153704326019173,defender,Germany,1.0823392123271365,0.0,0.08392250022628964,0.09874567027435194,0.09257716240444483,527,0.16306402394426994,1081,0.06173054579286398,216,0.001894350889055965,2455,J. Korb,Hannover 96,True,711.0,232.0
21162,863,18,0,1.2931157168904832,1.4237749637430852,1.289064103264338,defender,Italy,1.0165701820685618,0.008111239860950173,0.08391017398130599,0.09238864191148641,0.08364726510174152,319,0.015094641403372366,479,0.11480214629578321,65,,3315,P. Cannavaro,Sassuolo,True,712.0,233.0
25878,819,17,0,1.2267540383620728,1.390256660359781,1.8542138835190642,defender,Italy,0.7956862719875832,0.003663003663003663,0.0838806180076631,0.09506028446904485,0.1267838552833548,432,0.03721627881106362,313,0.15545159001654327,74,,3194,T. Heurtaux,Hellas Verona,True,713.0,234.0
3667,1472,17,0,2.200518997135053,2.602430915066255,3.579539588850423,defender,Spain,0.9676459076232694,0.0,0.08371539663013788,0.09900552394273796,0.13617813653235306,411,0.09230548893566129,676,0.10397412109136103,385,0.03897403124479511,687,De La Bella,Real Sociedad,True,714.0,235.0
25861,2048,29,3,3.05991236233138,3.5216194035823807,4.963958038847184,midfielder,Germany,1.0328038985314245,0.0,0.08366947865749867,0.09629428056670572,0.1357332276247277,587,0.03358512792409263,1032,0.1489985771897985,429,-0.004955499908524834,2451,J. Guilavogui,Wolfsburg,True,715.0,296.0
365441,1090,18,0,1.624399219878777,1.8949684942754965,2.0605410455468314,defender,Germany,1.0135501548910246,0.0,0.08345537276441423,0.09735617952241084,0.10586265922075465,426,0.03667224294088938,512,0.13638160366623647,152,,2450,R. van Drongelen,Hamburger SV,True,716.0,236.0
14727,1403,21,5,2.0906520966838986,2.5216911433878333,5.068690369569991,midfielder,Germany,0.8381260999284131,0.0,0.08344726829244356,0.10065196295774673,0.20231408460151068,129,,575,0.10299787196608212,699,0.07311005982911897,2444,A. Robben,Bayern München,True,717.0,297.0
3300,3138,31,3,4.673894002435379,5.760871964493765,5.959264385145072,defender,Italy,0.994719519487208,0.005098789037603569,0.08340919825888503,0.1028071478685949,0.10634761171705673,472,0.12653940870872077,1537,0.11080925406815427,1129,0.028075854493456055,3187,Albiol,Napoli,True,718.0,237.0
340646,2773,34,1,4.127573644030015,4.856215117851377,6.730077541082211,defender,Germany,0.9958392994058872,0.0,0.08335525570345505,0.09806997713655864,0.1359121320954215,739,0.023518316012298313,1388,0.10744873215870238,646,0.10003908405002088,2445,B. Pavard,Stuttgart,True,719.0,238.0
8268,847,13,0,1.260643229135201,1.3498069964104924,1.8591031484277662,defender,France,0.9725787138531818,0.0059031877213695395,0.08334831267009593,0.08924343777920611,0.1229159106398523,316,0.06522314986899735,450,0.10863660075924184,81,,3777,B. Assou-Ekotto,Metz,True,720.0,239.0
3414,1791,30,0,2.663537256555861,2.683968737750964,4.150451051831292,midfielder,Spain,1.0027518485578122,0.0,0.08328201360532005,0.0839208538883607,0.12977401390427268,470,0.07368105294311295,826,0.10896214539795397,495,0.04954597855586897,678,Iturraspe,Athletic Club,True,721.0,298.0
344744,783,18,1,1.162510338991367,1.5315482838653067,0.8681073746950903,forward,France,1.189887319119663,0.006385696040868455,0.08314250189465715,0.10953602030198872,0.062086862047158436,117,,532,0.1260165500856886,134,,3787,J. Ikoné,Montpellier,True,722.0,185.0
269152,1782,38,14,2.6424458208304373,3.2207797857764056,4.234860432306964,forward,Italy,0.9630125423858212,0.0016835016835016834,0.08303982377469388,0.10121417957546505,0.13308203378742423,372,0.0802749795541894,827,0.11820144895327635,583,0.03492637270666639,3176,G. Simeone,Fiorentina,True,723.0,186.0
703,1587,24,2,2.351803928653175,3.2371635039243114,4.030148373011381,defender,England,1.1231961382239266,0.0,0.08298741021082406,0.11422883189651005,0.14221065462422014,388,0.15894021615109843,880,0.06708708535065541,319,0.03446890604819698,1619,M. Yoshida,Southampton,True,724.0,240.0
3470,2479,35,1,3.6731796030356496,5.1642164878010455,4.1916576301342126,midfielder,Spain,1.0527222481615275,0.0,0.08297622338442774,0.11665837971636087,0.09468851443627103,700,0.07939233927655089,1482,0.10912040385082944,297,-0.03903373141588711,695,Campaña,Levante,True,725.0,299.0
393284,2612,34,0,3.869475305118377,4.764237194740218,6.196377669818097,defender,France,1.006998867276684,0.002679938744257274,0.0829596543210678,0.10214291076012719,0.132847300731169,940,0.06520406516777331,1292,0.1059067455237983,380,0.04886126476888098,3795,C. Traoré,Troyes,True,726.0,241.0
20947,1042,24,3,1.537769756624857,1.4010019848878057,2.2934626721294085,forward,Italy,0.9465318820093174,0.0047984644913627635,0.08264405601822647,0.07529377270030434,0.12325711097816398,405,-0.015505096468068665,498,0.17720979850806326,139,,3194,A. Cerci,Hellas Verona,True,727.0,187.0
14803,2253,29,2,3.322882167212151,4.175874753244201,3.942968426875141,defender,Germany,0.9329064244299076,0.0,0.0825927214220508,0.10379449009395261,0.09800542916334128,607,0.058346068088594924,1107,0.12805569704064637,539,0.016526310593892073,2446,S. Bender,Bayer Leverkusen,True,728.0,242.0
25526,1017,14,0,1.4994908394858695,1.839963175962577,2.140048991747134,defender,France,0.9717229247268816,0.007866273352999017,0.08256783383599675,0.10131557311101702,0.11783947250525025,285,0.04792776775607751,486,0.12279223217929378,246,0.04323190390890175,3785,J. Martins-Pereira,Guingamp,True,729.0,243.0
25990,1975,28,0,2.910631653819281,3.1662306264356044,3.97791282014285,defender,France,1.045118156235322,0.006582278481012658,0.0825293025893062,0.08977666586349055,0.11279145211544282,648,0.05195478723572169,1089,0.11026214785689922,238,0.03887895575196994,3795,M. Deplagne,Troyes,True,730.0,244.0
7919,1967,30,0,2.896175841913209,3.552596115061497,3.807742429091997,defender,England,1.0489861685883637,0.0,0.08245340475197747,0.10114152640744475,0.10840547840831308,536,0.0693205360261278,1151,0.10470711567510757,280,0.016114820339594278,1623,M. Keane,Everton,True,731.0,245.0
359847,1593,33,3,2.3410651788536403,2.795261040552101,4.751143736929792,midfielder,Spain,0.9178594278568208,0.0,0.08229733208776137,0.09826404160132933,0.1670207465587372,528,0.057494321921850985,673,0.1068038471343351,392,0.07363178295831377,696,Alfonso Pedraza,Deportivo Alavés,True,732.0,300.0
65075,2059,30,0,3.0252375690947697,3.152613645587863,4.500927274813815,defender,Germany,0.9871240468214239,0.0,0.08227940935857557,0.0857437416964159,0.12241472918386287,788,0.04198767020864661,914,0.11212218138932774,357,0.09481049287128293,2481,M. Hinteregger,Augsburg,True,733.0,246.0
49971,851,15,0,1.2502000433846865,1.548997475891119,1.89237822959361,defender,England,1.0757310053178324,0.0,0.08226933305469146,0.10193167878954484,0.12452782709429161,202,0.07566805382371686,464,0.09185513814860244,185,,1639,M. Bauer,Stoke City,True,734.0,247.0
28529,3100,35,0,4.550148847428147,5.4176798388112415,7.127934297584131,defender,France,1.0031419534738744,0.0032258064516129032,0.08219623724386331,0.09786776483013856,0.12876268408539077,646,0.06211434777191118,1454,0.11601111652236931,1000,0.04600230337179667,3772,Y. Sabaly,Bordeaux,True,735.0,248.0
26512,2131,30,1,3.124153130719621,3.0769131189958325,4.65238909283187,midfielder,France,0.9452930620975665,0.003754106053496011,0.08209881526058133,0.08085740716272483,0.12225893439633258,868,0.0676318290366883,927,0.09386302126116491,336,0.08701525895045674,3777,M. Dossevi,Metz,True,736.0,301.0
14718,2206,27,1,3.229576085038338,3.7689169079999543,7.33246832798092,defender,Germany,0.8744105573660815,0.0,0.08198379907622254,0.09567513456391542,0.18613700197957006,239,0.09151132235941246,1016,0.11435391607729418,951,0.04500680965690479,2444,Rafinha,Bayern München,True,737.0,249.0
134508,1431,27,3,2.0929598833040917,1.8874965404441473,4.093123478708205,midfielder,Italy,0.9620623113447381,0.005590496156533892,0.08190478928373804,0.07386429508376817,0.160178137531558,512,0.018133172983848346,692,0.15561806041744594,227,0.0010302691120094964,3163,S. Fofana,Udinese,True,738.0,302.0
21025,725,18,0,1.0598367399325421,1.1984965233496732,1.5599673885186407,midfielder,Italy,0.8731164502981581,0.0,0.08186325163616877,0.09257352456218165,0.1204940327683364,203,0.07933467640769769,284,0.08265972155949514,238,0.08306956807799624,3176,R. Saponara,Fiorentina,True,739.0,303.0
3535,973,16,0,1.420803653784011,1.785438718841709,1.984757671918503,midfielder,Germany,1.06168152973471,0.0,0.08177287216023084,0.1027590629549185,0.11423065737660448,272,0.08948232808101719,482,0.07184127361153643,219,0.09405624426076428,2462,J. de Guzmán,Eintracht Frankfurt,True,740.0,304.0
16027,792,14,2,1.1554728402110168,1.0808649720132575,1.6055216863767783,midfielder,Germany,1.1079875154703653,0.0,0.08170009981290018,0.07642479600093739,0.11352173540037826,125,,531,0.06266601259123411,136,,2443,F. Bartels,Werder Bremen,True,741.0,305.0
29474,1748,28,2,2.5492282553961183,3.0828989299456344,2.749266167439459,defender,France,0.9846830850573833,0.002288329519450801,0.08166863976097403,0.09876564077629034,0.08807717698890716,733,0.0011806264294838612,790,0.16330001127233684,225,0.05726388544099935,3799,R. Thomas,Angers,True,742.0,250.0
51004,1879,32,3,2.736887762537959,2.9126752380410417,3.5479357059380985,midfielder,Spain,1.0184778117056572,0.0,0.08156770340719835,0.08680671278887617,0.10573943562135897,719,0.13100459954370489,907,0.05582308640877911,253,0.03336706821122222,677,C. Borges,Deportivo La Coruña,True,743.0,306.0
228928,1845,32,3,2.6870792262324494,2.8943213143573776,4.870576156339808,midfielder,Italy,1.0212681516083055,0.00921409214092141,0.08155904426504997,0.0878493190265654,0.14783320582928414,238,0.16267305242921334,982,0.07172062855657955,625,0.06612894871728524,3162,A. Marušić,Lazio,True,744.0,307.0
489488,1377,21,0,2.003118373217351,1.97716342286092,3.297169589937782,defender,Spain,0.9759379390052793,0.0,0.08146305657238319,0.08040751756006646,0.13408968557481177,323,0.05092477153244235,700,0.09604842577222168,354,0.08048595947637739,696,Martín,Deportivo Alavés,True,745.0,251.0
284960,1829,31,0,2.659859458104189,3.0933302426797793,3.875114301044472,defender,Italy,0.9054380036470989,0.004373974849644614,0.08143910861335953,0.09471104078188498,0.11864756744586683,872,0.05917901635455637,767,0.10632395045807971,190,,3219,L. Venuti,Benevento,True,746.0,252.0
20911,1733,31,1,2.520167515830948,3.010028358711178,3.572033906300243,midfielder,Italy,1.0394193200952595,0.016156953260242354,0.08143645752252342,0.09726577500740101,0.1154263697361879,587,0.05961288385443356,995,0.1005852852322263,151,,3204,P. Schiattarella,SPAL,True,747.0,308.0
135150,768,23,3,1.1163706704627512,1.1410986748993441,0.7986901439749451,forward,Italy,1.0906959053238963,0.0026041666666666665,0.08140202805457561,0.08320511171141051,0.058237822998173074,207,0.1424925449572556,405,0.11114117197499984,156,,3172,A. Cornelius,Atalanta,True,748.0,188.0
65027,1322,20,0,1.9194388658797685,2.086862163249733,3.248023115901886,midfielder,Germany,0.9146488391022098,0.0,0.08130754651230486,0.08839960752041227,0.13758645574168352,527,0.06903756168740438,510,0.09299559387022417,285,0.08308080212698457,2975,S. Ilsanker,RB Leipzig,True,749.0,309.0
302518,1975,28,0,2.8654206521005516,3.3709771905496075,3.611550410115052,midfielder,England,1.0154436124094721,0.0,0.08124737038867386,0.09558213806115344,0.10240345466655337,784,0.09947627035409427,911,0.07795753635366702,280,0.040910160506536904,1659,L. Cook,AFC Bournemouth,True,750.0,310.0
8653,2781,38,2,4.03161404335147,4.111267678825865,5.727195035794881,defender,England,0.9861835499336958,0.0,0.08118316664066247,0.08278712334205265,0.11532647321269808,889,0.07949673278662261,1328,0.07028224725228081,564,0.1095088060804005,1631,H. Maguire,Leicester City,True,751.0,253.0
246866,2538,38,2,3.6756079878950647,4.0726967937698095,4.1418003106478185,defender,England,1.014986478659153,0.0,0.08110088546970987,0.0898624982076869,0.09138724089687858,965,0.0904385866172044,1363,0.07277105181359195,210,0.09225651245045498,10531,A. Mawson,Swansea City,True,752.0,254.0
3270,2155,29,0,3.118470595658433,3.580017731910184,3.797787126722712,defender,Spain,1.0318944250717825,0.0,0.081036822903421,0.09303062319580989,0.09868959586843243,676,0.04708423234984917,1095,0.1224404342657129,384,0.02274254366515259,684,Barragán,Real Betis,True,753.0,255.0
18579,1090,15,2,1.5762532857074187,1.7144170559938783,3.339827935545274,defender,Germany,0.9633369717673529,0.0,0.08098182018313345,0.088080142326291,0.17158749026654618,365,0.14461432616742642,450,0.06552514339647399,275,0.021816874254878233,2975,M. Halstenberg,RB Leipzig,True,754.0,256.0
28922,2020,30,2,2.919831998600494,3.1838741753414634,4.733910044947294,midfielder,France,0.9697002814514587,0.006435643564356435,0.0809458375849642,0.08826581872233759,0.1312371101569547,297,0.0683862942871516,943,0.08085758621530909,780,0.08583481886834254,19830,T. Lemar,Monaco,True,755.0,311.0
340,1650,21,0,2.383949857122921,2.3859608573988034,3.7308758033055502,defender,England,0.9543592694739097,0.0,0.0809098133326567,0.08097806546323212,0.12662366362733987,522,0.07230036484368846,783,0.09400560198355974,345,0.06421453680391576,1623,Cuco Martina,Everton,True,756.0,257.0
6370,1500,34,4,2.1672062024716894,2.9862753967132916,3.6132211300937502,midfielder,Spain,1.0535507990277213,0.0,0.08090903155894306,0.11148761481062955,0.13489358885683336,402,0.09574913765235933,871,0.07246921311040178,227,0.08701193560795686,712,Eraso,Leganés,True,757.0,312.0
9097,2515,38,1,3.6328018755283877,3.688825007991573,4.64907694684597,defender,England,1.0371769681402636,0.0,0.0808894254590814,0.08213685902486206,0.10351821432340927,740,0.01171998052202065,1379,0.09887369442099415,396,0.14751842130490783,1651,L. Dunk,Brighton & Hove Albion,True,758.0,258.0
18670,821,15,0,1.185484279825396,1.239638327820266,1.4674117726611677,defender,Germany,0.9723840375178563,0.0,0.08086129070672617,0.08455511127641278,0.10009142420100535,287,0.022497666099597614,445,0.10498203350052493,89,,2453,L. Kübler,Freiburg,True,759.0,259.0
25393,2317,29,2,3.341786182810246,4.159819075384918,6.399865880630573,defender,England,0.9503243484112306,0.0,0.08076824611021742,0.10053943384616115,0.15467953790043681,271,0.04868320552924123,1141,0.09485981215710197,905,0.07260975896982991,1612,D. Lovren,Liverpool,True,760.0,260.0
9279,2646,32,0,3.8160158094806795,4.072820039000855,4.948107918648862,defender,England,1.022329349331919,0.0,0.08076223935408847,0.0861972495026636,0.10472186071214525,969,0.05214774878962508,1337,0.11081093408629344,340,0.04415146435410891,1659,S. Francis,AFC Bournemouth,True,761.0,261.0
16443,882,14,0,1.2712521556098557,1.5658276716787087,1.7589103350038882,defender,Germany,0.8876380207844242,0.0,0.08071442257840353,0.09941762994785452,0.11167684666691353,424,0.04918519467815056,354,0.14380903894732422,104,,2460,L. Balogun,Mainz 05,True,762.0,262.0
22313,1567,22,0,2.2567156260558225,2.4281806389038696,3.8492751255995663,defender,Italy,0.950984588651064,0.008296107211231652,0.08064842058655142,0.08677607899082113,0.13756184239538974,359,0.07832818306235417,749,0.09684146127881217,459,0.05603922187780084,3176,V. Laurini,Fiorentina,True,763.0,263.0
20458,1509,25,0,2.1712088423323026,1.8437312337257652,2.885668984715893,defender,Italy,1.0665629675262174,0.0,0.08057501336687141,0.06842210012501182,0.1070891074513519,91,,832,0.07488724636828586,586,0.08566120884132387,3159,A. Barzagli,Juventus,True,764.0,264.0
8292,804,10,0,1.1564162515213197,1.2456165004861475,1.80505529474572,defender,England,0.9938025840044816,0.0,0.08054640557859938,0.08675935824281625,0.12572524441014965,222,0.10186877762479202,391,0.09201032638483769,191,,1624,D. Rose,Tottenham Hotspur,True,765.0,265.0
3327,1284,30,4,1.8466615263598098,1.0848391159170192,2.5536185206424418,forward,England,1.062363099621692,0.0,0.08053975504373002,0.04731385552286065,0.1113727703706984,310,0.1878803563695749,690,0.05431083972996754,284,0.02709737883064631,1613,Joselu,Newcastle United,True,766.0,189.0
247169,943,18,1,1.3524467244096945,0.9721893325090141,1.584652698278492,defender,Spain,0.9700313017099071,0.0,0.08031496984829574,0.057733406808594685,0.09410450806319783,433,0.13340420595161454,437,0.03583872515982593,73,,683,Diego González,Málaga,True,767.0,266.0
3671,2265,28,1,3.2464741095161465,3.6448642996138783,5.400453281158405,defender,Spain,0.9411435845993456,0.0,0.08026602654874358,0.0901158502332791,0.1335211407262122,782,0.05113313374521394,970,0.12523659844240084,513,0.03964315605266678,678,Íñigo Martínez,Athletic Club,True,768.0,267.0
344068,2283,33,1,3.2650602926574854,3.558952490326316,4.316958483409244,defender,Spain,1.0492419146529572,0.0,0.08008908295611879,0.08729800239083386,0.10589122867758109,621,0.036324755509708276,1227,0.11854313796974446,435,0.034099477996353746,678,Unai Núñez,Athletic Club,True,769.0,268.0
256706,906,22,0,1.2884845689270652,1.8095275679024039,1.8904994674714326,midfielder,France,1.0147258622988051,0.006622516556291391,0.07964143030895766,0.11184717858999406,0.11685206421456978,237,0.03162086440787315,490,0.12107624496783502,179,,3785,L. Phiri,Guingamp,True,770.0,313.0
14687,2546,30,2,3.6164873117513716,4.252878915215193,5.684998936381843,defender,Germany,0.9602230086648841,0.0,0.07954567535666804,0.09354329114377488,0.12504318163290778,558,0.039791883033002254,1120,0.14094559163335987,868,0.025875986286058177,2447,S. Papastathopoulos,Borussia Dortmund,True,771.0,269.0
8553,1016,17,0,1.4428717372744264,1.6530117061319143,2.273265169412898,defender,England,0.9223320931554798,0.0,0.07952836347181878,0.09111088144034173,0.12529808020386052,459,0.06008538410398193,475,0.06120895422090604,82,,1633,W. Reid,West Ham United,True,772.0,270.0
25411,2126,37,11,3.0185135395931715,4.002946847428591,5.867072528712774,forward,France,1.0340188809756863,0.00940733772342427,0.07950929361110894,0.1054398040714963,0.15454189163119256,500,0.0374846957446213,1174,0.10146094467628992,452,0.06898066658173137,3785,J. Briand,Guingamp,True,773.0,190.0
29640,1627,25,1,2.3000789721291257,2.373589378033462,2.960215464030056,midfielder,England,1.0115882215882002,0.0,0.07916682387168472,0.08169699149961517,0.10188817823336394,629,0.08596136154824183,692,0.07665684972318726,306,0.07087642489196513,1619,M. Lemina,Southampton,True,774.0,314.0
227894,1190,23,1,1.6811593535385019,2.079205083479285,2.0933034397846844,defender,Spain,1.0321582199564254,0.0,0.07911338134298831,0.09784494510490753,0.0985083971663381,140,,613,0.04497972467723966,437,0.03570653225240499,679,J. Giménez,Atlético Madrid,True,775.0,271.0
3496,1494,30,1,2.1086420319401373,2.00209051190224,2.9662365930730847,defender,Spain,1.0765394831728612,0.0,0.07903879102319122,0.07504489201239989,0.11118423642041014,470,0.13756828479837302,862,0.041530916488056346,162,,695,Sergio Postigo,Levante,True,776.0,272.0
3344,1165,17,2,1.6431809946330178,2.2788237032278236,3.42406746543222,midfielder,Italy,0.9271580817489068,0.005150214592274678,0.07898552420553563,0.10954002350279667,0.16459036743708524,232,0.10866924788108308,530,0.03835400264954467,403,0.11533312354039468,3161,Rafinha,Internazionale,True,777.0,315.0
56025,1023,24,1,1.4426490723830432,1.6622859025024468,2.6813365037394896,midfielder,Spain,0.9752727749102016,0.0,0.07897199223211185,0.0909951227176315,0.14677892884595445,377,0.04317373926165059,516,0.09290891883887974,130,,680,M. Krohn-Dehli,Sevilla,True,778.0,316.0
11156,1528,34,7,2.144938287218523,1.9186653171474566,4.818680764193637,forward,Italy,0.8810505291958352,0.006544502617801047,0.07861030372005058,0.07031757706823138,0.17660086570343173,529,0.03370186392387641,619,0.1143554965110047,380,0.0829005413899862,3197,M. Trotta,Crotone,True,779.0,191.0
258253,1238,23,0,1.7353972864187919,2.096174235832665,2.5331550864673877,defender,Germany,0.9472360052139158,0.0,0.07849939260052693,0.09481886688742265,0.11458536740078652,288,0.04085000979104238,583,0.0983767233277064,367,0.07646816217869022,2446,B. Henrichs,Bayer Leverkusen,True,780.0,273.0
16025,2025,29,6,2.8316095988107493,3.577286051929917,6.313849651380667,forward,Germany,1.0989092316830027,0.0,0.07830624075723552,0.09892741674472857,0.1746052249270703,486,0.10800450312239351,1116,0.05216330809533764,423,0.1131576765520612,2443,M. Kruse,Werder Bremen,True,781.0,192.0
252365,2191,34,0,3.0632407597004834,3.4784143405997554,3.832254106078364,defender,England,1.0784614208972516,0.0,0.0782936935386705,0.08890515886516946,0.0979489867368272,605,0.0824730382696382,1212,0.093170402661922,374,0.02332290471616712,1613,D. Yedlin,Newcastle United,True,782.0,274.0
136441,2370,28,2,3.2994577380906565,3.51233044005383,5.656409877792888,defender,England,0.9521642983123172,0.0,0.07796187060467374,0.08299177411097658,0.13365356673265896,390,-0.0006387133574642505,1056,0.09892826409976233,924,0.08717584919170869,1624,B. Davies,Tottenham Hotspur,True,783.0,275.0
5383,862,12,0,1.1977301129864983,1.3435508529779054,1.2394802959717575,defender,Spain,1.0414024886265196,0.0,0.07781077300144305,0.08728404613313538,0.0805230818728752,346,0.04944878976126514,462,0.1019316364091669,54,,695,Toño,Levante,True,784.0,276.0
70122,3590,36,1,4.985496911511047,6.2076757851331275,6.207043072833027,midfielder,England,0.9691208609199311,0.0,0.07776819694836172,0.09683282561767553,0.09682295601076588,672,0.07404898590849603,1671,0.109697141612954,1247,0.03698715708008268,1611,N. Matić,Manchester United,True,785.0,317.0
15188,1340,22,1,1.860754318608319,2.209008164136759,2.8006279666430145,midfielder,Germany,1.0312700613176942,0.0,0.07776286704631781,0.09231675909825263,0.11704116875523046,213,0.03614764645874559,733,0.07305229765837451,394,0.10902400751970696,2446,J. Baumgartlinger,Bayer Leverkusen,True,786.0,318.0
4501,2571,25,0,3.567760910761338,4.076860536573458,4.872047553302242,defender,Spain,1.0607246707263513,0.0,0.07771085608815051,0.08879976275694813,0.10612005561451791,144,,1355,0.11782235290679356,1072,0.03757837634966443,675,Daniel Carvajal,Real Madrid,True,787.0,277.0
261127,1377,28,3,1.9106337979907069,2.582914771870845,3.034285704180069,midfielder,Spain,0.9918680474419198,0.0,0.07770188285220013,0.10504228556627983,0.12339869239947994,306,0.039405074005016284,618,0.11227946177953357,453,0.0563991890997635,687,A. Januzaj,Real Sociedad,True,788.0,319.0
8221,1422,19,0,1.9711204370397395,2.1852430716391247,2.6001788589223143,defender,England,1.0288461718379798,0.0,0.07762499611408256,0.08605739241335512,0.10239804226416992,489,0.04417630197815808,812,0.09615556236439071,121,,1628,J. Ward,Crystal Palace,True,789.0,278.0
131184,1465,23,0,2.0269900324092966,2.2973366797635357,3.323291546588697,defender,Italy,0.9353438773344573,0.008191126279863481,0.07748221284294922,0.08781628263942526,0.12703367004025054,391,0.07411544170131364,682,0.10029105787902216,392,0.04115765978625986,3163,Ali Adnan,Udinese,True,790.0,279.0
20635,2567,38,0,3.5496146857204307,4.652874003017864,4.9331716880372625,defender,Italy,1.0294778121524926,0.009349435138293729,0.07743608196351544,0.1015040686283601,0.10761886035453319,850,0.017042297823447863,1464,0.11035912745055988,253,0.08982888009009389,3315,F. Acerbi,Sassuolo,True,791.0,280.0
14796,1263,23,0,1.744016580549811,1.8138714890447707,2.511773054947546,defender,England,0.9548318784170435,0.0,0.07732773437117134,0.08042502247546093,0.111369193251831,350,0.08350046165403432,642,0.0807482870026184,271,0.06125227555792027,1673,C. Löwe,Huddersfield Town,True,792.0,281.0
26633,2422,29,0,3.3431249128847917,4.195100983044046,4.999937532361917,defender,France,0.9981795016086081,0.002064409578860446,0.0772976858470472,0.09699655452124963,0.11560549207773219,677,0.05468743780032509,1114,0.12183963621594111,631,0.02291956416191732,3775,A. Souquet,Nice,True,793.0,282.0
69513,1160,21,6,1.6008421172494012,0.9836639100292072,1.4602050150265118,forward,Italy,0.9346276776200381,0.0017241379310344827,0.07728203324652282,0.04748722324278931,0.0704926558978316,465,0.0991013096184359,549,0.11777827781494905,146,,3197,A. Budimir,Crotone,True,794.0,193.0
8116,1551,31,1,2.1348890822982063,2.3920955458374458,2.1283379989039695,midfielder,England,1.0681548027464074,0.0,0.07708174636279791,0.08636837560728367,0.07684521466062043,479,0.051126377104805616,811,0.10410698835991111,261,0.04074132726287258,1619,N. Redmond,Southampton,True,795.0,320.0
3843,1041,17,3,1.43243031444262,1.702557281514182,2.6493747737928888,midfielder,Spain,1.0650806341767465,0.0,0.07705677003725911,0.09158809583553718,0.14252160166417077,341,0.1274330495356656,406,0.04851808384665551,294,0.05803770637885247,701,F. Orellana,Eibar,True,796.0,321.0
25537,1310,27,0,1.8025160005716443,2.0678089412957803,2.5238790375710183,midfielder,England,1.0582410565862135,0.0,0.07705411910840616,0.08839488604012496,0.10789101229311224,363,0.05561553954924365,728,0.09036351514817803,219,0.06834619245553894,1627,G. Krychowiak,West Bromwich Albion,True,797.0,322.0
21077,2549,33,6,3.5064044581901634,4.156753094098507,8.065755378961857,forward,Italy,1.0122768111370721,0.009807767752059632,0.07703360127840296,0.09132137044704448,0.1771998043239953,625,0.1285021276254833,1269,0.07900596482877152,655,0.024101145839711496,3172,A. Gómez,Atalanta,True,798.0,194.0
21100,1728,32,1,2.3733138763907076,3.0406275031003647,3.813030953447578,defender,England,0.9214383969288167,0.0,0.07691294969784701,0.09853885426714146,0.12357044756543077,668,0.04532315512026151,811,0.10012735734712214,249,0.08604989015674243,1633,A. Ogbonna,West Ham United,True,799.0,283.0
3534,2357,30,0,3.236006257359772,3.5870799519717327,4.5725041954082055,defender,Spain,0.9867229160210585,0.0,0.07688432346718169,0.08522548888859442,0.10863819895751357,557,0.09153010429747448,1088,0.10708098157828759,712,0.019283671855726204,682,Jaume Costa,Villarreal,True,800.0,284.0
21288,1588,22,1,2.179642048992537,2.3781704051229666,3.544579616441903,midfielder,Italy,1.1089491553433193,0.0,0.07686395134986276,0.08386495131416004,0.12499776984933662,463,0.07545860665313467,918,0.08431172383565376,207,0.04697805498575159,3193,Miguel Veloso,Genoa,True,801.0,323.0
18550,2310,26,3,3.170467922527107,2.8378812652254535,5.675743830227968,midfielder,England,0.8525227237800648,0.0,0.07685982842489957,0.06879712158122311,0.13759378982370832,419,0.023626066787358076,913,0.16836178397273316,978,0.014245984571073192,1612,E. Can,Liverpool,True,802.0,324.0
9419,1443,33,2,1.9804137805685447,2.6125164494821362,1.4103568220769522,midfielder,England,0.9256849820178206,0.0,0.07685597485227894,0.10138663975814251,0.05473318228434464,414,0.01790794705941907,728,0.1378324024994798,301,0.010456121626636922,1673,T. Ince,Huddersfield Town,True,803.0,325.0
99833,2264,31,0,3.1034660117398225,3.544482096427673,4.559760793743467,defender,Italy,1.010340183004868,0.0088339222614841,0.07676417696882953,0.0876727020317799,0.11278560267209989,518,0.056757137420917515,1240,0.09048751063987596,506,0.06361538790503678,3164,B. Bereszyński,Sampdoria,True,804.0,285.0
8245,1521,25,0,2.0844966389860766,2.0633643908730654,3.1007813276618608,defender,England,1.0423591852493697,0.0,0.07674675330915207,0.07596870867119768,0.11416420404277726,431,0.06433734068214456,886,0.09229200452009195,204,0.03544951933536532,1623,P. Jagielka,Everton,True,805.0,286.0
26265,2480,33,0,3.3955741787753104,3.511793744863136,4.914069257385333,defender,France,1.007371683420151,0.008467741935483872,0.07667425564976507,0.07929856843239338,0.11096285419902364,886,0.08766433618797337,1099,0.0738084740451299,495,0.0633657357035863,3799,V. Manceau,Angers,True,806.0,287.0
40657,2030,26,1,2.779179138392208,3.0859384920907407,3.564860839368826,defender,Germany,0.9723665279724701,0.0,0.0766670107142678,0.08512933771284802,0.09834098867224347,517,0.061477715024645115,987,0.1216576144180834,526,0.007174881466870375,2446,Wendell,Bayer Leverkusen,True,807.0,288.0
43515,1156,25,1,1.5819084364818765,1.9408192495480077,1.3166399611087285,midfielder,France,1.1556101159226677,0.004325259515570935,0.07663224259773796,0.0940189255836405,0.06378186662810449,227,0.026076092451729902,671,0.12271028048187192,258,0.0012751986554509083,3770,Andrei Girotto,Nantes,True,808.0,326.0
5472,2117,36,0,2.8948160303534727,3.177406850979145,3.5236609819921307,defender,Spain,0.9813443623634005,0.0,0.07657519966924634,0.08405044102731796,0.09320973783257408,958,0.0618655210066427,995,0.08328147987457556,164,,683,Luis Hernández,Málaga,True,809.0,289.0
222766,825,15,0,1.1263271023290475,1.0665824386006197,1.612880047621891,defender,Italy,0.8787491929239273,0.0,0.07645371846112323,0.07239832310501176,0.10948034262645563,317,0.0838269932741368,282,0.07802935402557798,226,0.06414550012085093,3176,Bruno Gaspar,Fiorentina,True,810.0,290.0
16303,2128,29,2,2.9021804469302435,3.2870484822590575,5.191266721305689,midfielder,Germany,0.9689345990194146,0.0,0.07637316965605903,0.08650127584892257,0.1366122821396234,772,0.051458391587199385,1102,0.08956169325102185,254,0.09487890063051031,2460,D. Latza,Mainz 05,True,811.0,327.0
20680,1634,28,2,2.2283351390753916,2.7232961542524543,3.900935988009918,defender,Germany,0.9764919859955206,0.0,0.07636889093526435,0.09333205914206696,0.13369180864660674,676,0.05131154585861784,719,0.10924494265451845,239,0.04833911723513607,2463,F. Sørensen,Köln,True,812.0,291.0
11078,1615,24,0,2.2010523892001816,2.767605183415401,3.484656400376618,defender,England,1.0046126119065992,0.0,0.07632132123542425,0.09596649552400152,0.12083019097281152,372,0.0394618081512325,964,0.10217962532236971,279,0.036121800545474175,1673,T. Smith,Huddersfield Town,True,813.0,292.0
51064,796,12,0,1.084830910744312,1.4691967359656954,1.5810747775443919,defender,Italy,0.9973676225687811,0.0,0.07631976256492647,0.1033605743895464,0.11123139138503259,281,0.03490865510393507,435,0.15418841843967368,80,,3166,E. Krafth,Bologna,True,814.0,293.0
25864,2050,28,0,2.791326581277582,3.27182794200675,4.083202008621688,defender,France,1.0121186761920704,0.005365853658536586,0.07625087246416809,0.08937676329384292,0.11154112804039733,527,0.04563999175013146,1020,0.07443304807459268,503,0.11200855638795382,3782,L. Perrin,Saint-Étienne,True,815.0,294.0
25638,1087,16,0,1.4794495484703505,1.6481174368110083,1.9281288824897007,defender,France,1.0127823928790005,0.010119595216191352,0.07621819200951208,0.08490761403994156,0.09933322669680152,413,0.08631825554171679,596,0.07660696864942154,78,,3779,D. Foulquier,Strasbourg,True,816.0,295.0
40550,1834,34,9,2.495685319370092,3.780820653436431,8.168910517147618,midfielder,Spain,0.9127314274131573,0.0,0.07620413188916311,0.11544490544844063,0.2494323822029807,124,,883,0.0691025167374506,827,0.09048412221393835,676,Paulinho,Barcelona,True,817.0,328.0
3338,2256,33,1,3.0689570650303737,3.5028697456075744,4.780004780130365,defender,Spain,0.9181634397468414,0.0,0.0761797853021724,0.08695066744415964,0.11865260092522183,736,0.04486699137175639,1071,0.11620274936986735,449,0.03204085838966653,692,Sergi Gómez,Celta de Vigo,True,818.0,296.0
4272,2107,31,0,2.8616720396796937,2.219512202586366,3.4419405715385025,defender,Spain,1.0673522475105275,0.0,0.07605772862936064,0.05899035754382368,0.09148014808075754,672,0.04823077490695639,1307,0.069898702423416,128,,714,Ximo Navarro,Las Palmas,True,819.0,297.0
12536,997,35,6,1.3537777062988847,0.6977798407291873,1.8719635220427333,forward,England,1.07716642619037,0.0,0.07603967056443084,0.03919325083333449,0.10514539341463698,235,0.02237559477892288,540,0.07353811303779303,222,0.13893110693370458,1613,D. Gayle,Newcastle United,True,820.0,195.0
208694,1658,31,1,2.2497304206854047,2.3652589533957515,3.7016646312199852,defender,Spain,0.919973092331303,0.0,0.07598606969745637,0.07988811905317375,0.12502606715821424,659,0.040815944614105974,677,0.10784711595571622,322,0.08097732470704017,696,Rodrigo Ely,Deportivo Alavés,True,821.0,298.0
8471,2331,36,2,3.1610230165075044,2.9812427724589985,4.23991351224162,midfielder,England,1.0611854380474932,0.0,0.07594049288906918,0.07162144798700297,0.10185978407787676,689,0.1311125218290201,1239,0.061091606432606096,403,0.027266156362844796,1628,A. Townsend,Crystal Palace,True,822.0,329.0
14929,1617,24,0,2.1925487241696726,2.7698748263045063,3.078116035992549,midfielder,Germany,1.0611568075512674,0.0,0.07593242334786746,0.09592640091097858,0.10660142115991511,369,0.08851273505942363,824,0.08746691079743549,424,0.04256791231011207,2462,M. Hasebe,Eintracht Frankfurt,True,823.0,330.0
32959,1128,17,0,1.5288575628083525,1.461350445763119,2.1961689625073535,defender,Germany,1.009225910155987,0.0,0.07590073006849976,0.07254931291022577,0.1090296648053296,343,0.031093563071642797,596,0.10872640594452168,189,,2457,P. Pekarík,Hertha BSC,True,824.0,299.0
8136,1487,22,2,2.014884597511615,1.6183241272736362,2.741278257951095,defender,England,1.0102781776552163,0.0,0.0758799848424011,0.06094562954090358,0.10323576492620129,529,0.0958230015793761,696,0.06728457867547454,262,0.058446957507748996,1619,J. Stephens,Southampton,True,825.0,300.0
20518,1605,22,0,2.171231451129115,2.303944809341527,2.5129988004416823,defender,Italy,1.0513865450379298,0.006853582554517134,0.07575636215777598,0.08038685939135547,0.08768095503098705,213,0.07141105790314534,867,0.08880790088439872,525,0.055965630215403434,3158,Juan Jesus,Roma,True,826.0,301.0
25706,2547,33,2,3.4416433736653578,3.8175791480622165,5.591320438639156,midfielder,England,0.9525167999320652,0.0,0.0756702115921712,0.08393578024793252,0.12293441090058606,778,0.09460479907273571,1243,0.0496300819821935,526,0.10920019646921125,1623,I. Gueye,Everton,True,827.0,331.0
20556,2341,36,0,3.161763921909151,3.3296601166750066,4.2956872757828295,midfielder,Italy,0.9406698895412768,0.0012815036309269544,0.07563382299312792,0.07965013521307149,0.10275885836985837,345,0.14645514597458076,1224,0.08002255060266392,772,0.03702610405184128,3161,A. Candreva,Internazionale,True,828.0,332.0
279734,1528,27,1,2.063251691817682,2.4875547476654885,3.022822376630301,midfielder,France,0.8656907489434009,0.0,0.07561655415038625,0.0911669279249132,0.11078406615922567,714,0.09734330977006658,532,0.06613669515356053,282,0.03849024732010089,3775,V. Koziello,Nice,True,829.0,333.0
3416,1575,22,1,2.1254101100290264,2.070350711043279,3.5395216738761395,midfielder,Germany,0.820706197886335,0.0,0.0755701372454765,0.07361246972598325,0.12584965951559607,228,0.016375007433922072,676,0.14816538981032035,671,0.02254792988809939,2444,Javi Martínez,Bayern München,True,830.0,334.0
393214,2560,36,0,3.454357684473633,3.306770550160101,4.235069810623433,defender,France,1.0171764450363938,0.005859375,0.07556407434786072,0.0723356057847522,0.09264215210738759,721,0.05793098107310435,1173,0.06960962602421998,666,0.10514069316877649,3804,V. Rosier,Dijon,True,831.0,302.0
20588,1712,19,0,2.309637980840136,2.430992102852974,3.1655065588063303,midfielder,Italy,1.1029683413223168,0.0005841121495327102,0.07554890591533156,0.07951843327089167,0.10354460706375845,153,,963,0.09262346146886671,596,0.042022923151413955,3159,K. Asamoah,Juventus,True,832.0,335.0
14836,1849,34,5,2.4938824888015514,2.6596372162919164,4.070581686743529,midfielder,Spain,0.9458332560495892,0.0,0.07553132470139906,0.08055147869786226,0.12328424794896573,560,-0.00194126036483462,803,0.16052628602629773,486,0.024366085386990147,701,T. Inui,Eibar,True,833.0,336.0
3353,2073,30,1,2.795487438845702,3.014937614748911,5.120191889619105,midfielder,Spain,0.9383393798217072,0.0,0.07551726800547966,0.08144549272838351,0.13831680936742394,303,0.08141454645998387,1060,0.09127674301632833,710,0.049472311831938245,676,Iniesta,Barcelona,True,834.0,337.0
134708,1210,32,6,1.630067885133189,1.5561374938504424,0.795732884496135,forward,England,1.0912810999475346,0.0,0.07544115832021371,0.07201958649225187,0.03682730705106079,238,0.25451982494768904,669,0.08294554957134195,303,-0.0817903941693702,2451,D. Origi,Wolfsburg,True,835.0,196.0
38532,2341,32,0,3.1523424873800163,3.614564569969216,3.7247281207445813,defender,Italy,1.1644902786753042,0.00598035027765912,0.07540844907871888,0.08646544891852888,0.08910071540439836,526,0.07623487489742693,1497,0.06666072203462814,318,0.1152218056962139,3193,E. Zukanović,Genoa,True,836.0,303.0
134512,960,33,1,1.2923928184010904,1.3249139351695465,2.053081584175874,forward,France,1.0348794938443902,0.007291666666666667,0.07538958107339694,0.07728664621822355,0.11976309241025931,308,0.18119559402495247,479,0.010086043667611705,173,,3780,C. Jean,Toulouse,True,837.0,197.0
263091,892,24,1,1.2001633167118815,1.2807022655040037,2.436452239865029,midfielder,Spain,0.9546873368402491,0.0,0.0753465759370688,0.08040283281191053,0.15296112716641436,377,0.09096695270411138,463,0.05079568017478681,52,,712,Gumbau,Leganés,True,838.0,338.0
146588,2007,28,2,2.7000379245464092,2.828717919217366,4.357987353038234,defender,Italy,1.024852033921082,0.004484304932735426,0.07533738105361182,0.0789278542482175,0.12159805270061838,293,0.052642620459439377,1065,0.11561837426665716,649,0.019482692428340997,3157,A. Romagnoli,Milan,True,839.0,304.0
25785,1546,17,2,2.0789383172429456,2.3666543236538415,4.810550000623436,defender,England,1.0023730869853513,0.0,0.07530436336714422,0.08572615920091535,0.17425019407174153,149,,796,0.11359664876634049,601,0.01806210804601208,1624,S. Aurier,Tottenham Hotspur,True,840.0,305.0
70139,1704,25,0,2.29070580731316,2.13648071612048,3.093821523623775,defender,Germany,1.0043532964914126,0.0,0.07528141150794422,0.07021298128095474,0.10167488575289403,398,0.05126467435699399,718,0.10754632656254322,588,0.05213932371351586,2445,E. Insúa,Stuttgart,True,841.0,306.0
27958,1277,18,0,1.7161092694906126,1.710904113854032,2.38704683098192,defender,France,0.9995204881379469,0.0007830853563038371,0.07525616217030094,0.07502790162554879,0.10467863941659164,401,0.040203721109298374,637,0.09590187012991477,239,0.07904157177359812,3772,T. Pellenard,Bordeaux,True,842.0,307.0
228963,2470,30,0,3.3161744158245043,3.5181961504911263,4.506454438398847,defender,France,1.1147113178480679,0.008906882591093117,0.07518452116849078,0.0797647710232806,0.10217062694345563,533,0.09745465831201636,1484,0.0750047875833085,453,0.04957026408882498,3774,H. Traoré,Rennes,True,843.0,308.0
86328,2780,34,1,3.7322074087577977,4.044251164604459,5.099762695688203,defender,Italy,0.9656075804230465,0.003956834532374101,0.07518115643540887,0.08146692993447831,0.10272903271889905,678,0.026778098175288742,1292,0.10641436954570827,810,0.06587740601794544,3176,G. Pezzella,Fiorentina,True,844.0,309.0
14808,1840,30,4,2.4605146602057832,3.009548190548256,5.481227267965644,midfielder,England,0.77503100163177,0.0,0.07488522878887167,0.09159494492972953,0.16681996032938917,77,,593,0.1324510222453611,1170,0.04557471227946453,1625,İ. Gündoğan,Manchester City,True,845.0,339.0
8285,1813,34,2,2.4242825447302256,3.826512171013649,3.3071123200687804,midfielder,England,1.0924697426591927,0.0,0.07488131412294133,0.11819342613169571,0.10215018749247197,540,0.07078165567943749,1030,0.09055480760333134,243,0.017556693854177328,1627,J. Livermore,West Bromwich Albion,True,846.0,340.0
300669,858,21,0,1.1471512993527,1.30143952333627,1.6647764976240051,midfielder,Italy,0.9186936251892669,0.01048951048951049,0.0748723458784979,0.08494243975155143,0.10865674110366466,328,0.07903581982222187,377,0.09581598410594734,153,,3163,A. Balić,Udinese,True,847.0,341.0
425926,946,17,0,1.2638983372776214,1.3759769859316198,1.4814333295302777,midfielder,Germany,1.0496947884926455,0.0,0.0748185062236224,0.0814531830995462,0.08769584191722574,157,,531,0.10013019729684436,258,0.03951622427183366,2457,A. Maier,Hertha BSC,True,848.0,342.0
333571,3186,36,4,4.250248829451235,4.636407896291516,7.737431808986703,midfielder,Italy,0.9334205006327507,0.003766478342749529,0.0747061941146482,0.0814936730044962,0.13600005690623207,775,0.019657080428070364,1567,0.12172765931542769,844,0.037953145699335826,3164,L. Torreira,Sampdoria,True,849.0,343.0
25392,1499,28,1,1.995928834042373,2.490638171654469,2.0313519292999342,defender,France,1.0003021005562853,0.01134089392928619,0.07456438606162301,0.09304585564553054,0.07588773051420702,514,0.007527740064060396,753,0.13649586070095332,232,0.022074884507017254,3779,B. Koné,Strasbourg,True,850.0,310.0
49856,1891,27,0,2.5177110752773864,2.3215865677632364,3.3006164575416306,defender,Germany,1.1060768275611628,0.0,0.07455939725834672,0.06875137376771086,0.09774432661149197,535,0.05358035394140088,1030,0.06198506007105188,326,0.14871692939785502,2462,D. Abraham,Eintracht Frankfurt,True,851.0,311.0
8290,708,14,1,0.9420060968210341,0.7167590978618756,1.361643533260878,midfielder,England,1.0947670367179279,0.0,0.07450895681070326,0.05669281000037434,0.10770061845001296,158,,418,0.08816618876783325,132,,1673,A. Pritchard,Huddersfield Town,True,852.0,344.0
26134,1775,32,0,2.360677380267806,1.9056400687983797,3.628473094823696,defender,France,0.980537251500967,0.005633802816901409,0.07447770889858994,0.060121602170540425,0.11447577087894477,502,0.05281284593568805,932,0.07902623258087184,341,0.09393969463316476,3789,P. Gouano,Amiens SC,True,853.0,312.0
1712,1565,22,1,2.081219027899302,2.00713123258291,4.148765825209597,defender,France,0.9722501977154273,0.011501597444089457,0.0744717351836172,0.07182067030328623,0.14845424039088653,264,0.10144479467401245,636,0.03760207575650291,665,0.09902544298839965,3766,K. Tete,Olympique Lyonnais,True,854.0,313.0
134383,2032,27,2,2.70093414201947,3.0714954551154228,5.267788152861761,defender,Germany,0.935079341770134,0.0,0.07443519289030036,0.08464751254255103,0.1451752640552454,311,0.0345558804330007,973,0.12249170950510252,748,0.028504010414388187,2444,N. Süle,Bayern München,True,855.0,314.0
4278,2260,37,2,3.0015905666816716,3.163081589874764,4.378807730223377,midfielder,Spain,1.0242657946468008,0.0,0.07437569545759895,0.07837724293494991,0.1085014304834111,564,0.04161561720854799,1113,0.11804202699764546,583,0.02270512449429362,756,Borja García,Girona,True,856.0,345.0
9080,1337,22,2,1.774799067658222,1.9367477986937252,2.5422819179837317,midfielder,Italy,1.1613216036733116,0.0029917726252804786,0.07433713372390459,0.0811203266468576,0.10648301227156991,379,0.06970098939271042,750,0.05302957221270598,208,0.1596148733148735,3193,A. Taarabt,Genoa,True,857.0,346.0
20943,976,18,1,1.2952304934612529,1.4764512613138565,2.8588525629111263,midfielder,Italy,0.9595256299937769,0.0020491803278688526,0.07431650372318664,0.08471441663276226,0.16403252410145808,250,0.02816866182612038,475,0.1291672653250357,251,0.01647924760122754,3157,R. Montolivo,Milan,True,858.0,347.0
279555,836,22,1,1.108743063513207,1.2129339991418917,1.8699879218512319,midfielder,Spain,1.101209490131509,0.0,0.07426987028318133,0.08124916740663389,0.12526234883213994,166,,453,0.0375730759244525,217,0.14824679088698298,701,Iván Alejo,Eibar,True,859.0,348.0
25791,1245,21,0,1.6488460004600618,1.6784468758409943,1.8101253709615577,defender,France,1.1199525818333866,0.011244979919678716,0.07416496066326383,0.07549640566031782,0.0814192937942548,415,0.09002956594008993,671,0.06357130931115473,159,,3780,S. Yago,Toulouse,True,860.0,315.0
112377,1155,20,0,1.5237628725613501,1.5312238050142517,1.7174071137254057,defender,France,1.0842224729890708,0.009523809523809525,0.07387941200297454,0.07424115418250918,0.08326822369577724,476,0.06498061246384801,624,0.08822907240175792,55,,3795,O. Vizcarrondo,Troyes,True,861.0,316.0
3282,2040,36,4,2.690640766680952,3.0344099389624333,8.244923239509227,midfielder,Spain,0.9680394990951288,0.0,0.07386072692849673,0.08329752773622366,0.22633122618260623,459,0.047215669455366954,873,0.06650623337727013,708,0.10020331767763144,687,Canales,Real Sociedad,True,862.0,349.0
286917,1769,27,0,2.332103158898055,2.3984389183902453,2.926446460780235,defender,France,1.0373506976931113,0.005652911249293386,0.07382576421610576,0.07592570911806316,0.09264047586415669,651,0.04389674714860458,931,0.08886649767091845,187,,3776,F. Touré,Lille,True,863.0,317.0
258252,1697,26,1,2.234887073904287,2.19968165840433,2.8124198428845557,defender,Germany,0.9718815213062615,0.0,0.07374995647533299,0.07258819850951237,0.09280819752594881,416,0.027337618016242383,741,0.12842480068914053,540,0.03447861061709278,2975,L. Klostermann,RB Leipzig,True,864.0,318.0
8314,1412,25,1,1.858165946917682,2.0698026747712217,3.0846357279056122,midfielder,England,0.9726737068673572,0.0,0.07369496673327917,0.08208849135070001,0.12233682773563334,492,0.06380657519930295,644,0.09020222568361727,276,0.05280516191696961,1627,G. Barry,West Bromwich Albion,True,865.0,350.0
21279,1464,22,0,1.9256413581363696,2.418111983489376,3.0596854461408434,defender,Italy,1.0436878422657545,0.00546448087431694,0.07365841260630922,0.09249608680014007,0.11703714821303772,364,0.038081721395638424,829,0.09829078959034687,271,0.046092637997146683,3185,E. Moretti,Torino,True,866.0,319.0
15014,1926,28,1,2.5330886990052806,2.90781070983813,3.484471823847037,defender,Germany,0.9645483804009135,0.0,0.07365159249444223,0.08454693652696535,0.10131382250022537,514,0.05268313673355197,847,0.1298384445294011,565,0.008496765215658932,2454,O. Wendt,Borussia M'gladbach,True,867.0,320.0
282799,734,9,0,0.9649432580690658,0.9417356081753927,1.418685299702496,defender,Germany,1.1055431567704055,0.0,0.07361964911698594,0.07184903822591553,0.10823757054950922,95,,406,0.08248285334517848,233,0.08137345032470925,2482,S. Posch,Hoffenheim,True,868.0,321.0
354123,1443,24,0,1.8952439848687657,2.5958867698779673,2.577133743273967,defender,Italy,1.0988002200430196,0.009702009702009701,0.07355070211548918,0.10074127450669866,0.10001350632248243,405,0.056917372990359934,905,0.09196456236230463,133,,3315,Pol Lirola,Sassuolo,True,869.0,322.0
9283,805,13,1,1.0549849058526077,1.172874662266299,2.138158483543108,midfielder,England,1.0144276741232117,0.0,0.0733902543201814,0.08159128085330776,0.14874145972473796,313,0.036329181686079154,435,0.09854409517837932,57,,1659,H. Arter,AFC Bournemouth,True,870.0,351.0
4086,922,14,0,1.2079454657835287,1.5309025829818628,1.5150278100801635,defender,Spain,1.0342741611316855,0.0,0.07336762048142909,0.0929832371442346,0.09201904269467372,322,0.06736517755211652,503,0.07318234101669414,97,,677,Bóveda,Deportivo La Coruña,True,871.0,323.0
14869,2048,27,2,2.683106796402054,2.6943203688928237,4.447808592098342,defender,England,0.8388404235373061,0.0,0.07336620146411867,0.07367282258691314,0.12161976619018905,581,0.12391254608810329,734,0.05913325462090346,733,0.04755386416041457,1609,S. Kolašinac,Arsenal,True,872.0,324.0
7988,2101,31,0,2.752013240635443,2.6080306190643983,4.238084656270467,midfielder,England,0.9870091862300336,0.0,0.07335209018352443,0.06951438108881786,0.11296179950078351,707,0.1160841499325305,1067,0.06435871039615777,327,0.010307350093533297,1628,Y. Cabaye,Crystal Palace,True,873.0,352.0
337682,1343,19,1,1.7560241122468196,2.3178225297817927,2.650083241173501,defender,Germany,1.0352922411184233,0.0,0.07322215211155764,0.09664784934309784,0.11050235406233512,414,0.17969759174332156,762,0.025514608122194703,167,,2451,F. Uduokhai,Wolfsburg,True,874.0,325.0
26285,1455,29,0,1.8949102445322032,2.5276597766818787,3.5277929588259123,midfielder,France,0.9755597663077223,0.006185567010309278,0.07293125339780301,0.09728449999600357,0.13577759841529283,506,0.0886862436595004,681,0.07830570306457961,268,0.029528173937005454,3779,A. Gonçalves,Strasbourg,True,875.0,353.0
394006,1059,25,3,1.3789692318031705,2.0924614370917025,2.0805303885097626,forward,France,1.0301551573269327,0.004721435316336166,0.07291999714917616,0.11064951886415046,0.11001860411383069,294,0.3377354541038967,541,-0.05148923669392485,224,0.025820225561809185,3779,M. Terrier,Strasbourg,True,876.0,198.0
3269,3052,33,2,3.973738218124991,5.028194430306993,7.472149558939013,defender,Spain,0.9472616628377643,0.0,0.07291262785550441,0.09226044826251362,0.13710366163190849,355,0.20557748469749088,1424,0.06542511159512651,1273,0.04429220285619017,676,Jordi Alba,Barcelona,True,877.0,326.0
20808,868,19,0,1.129897569828955,1.3464180504558354,1.255904060244577,defender,Spain,1.026478202475399,0.0,0.07289661740831968,0.08686568067457003,0.08102606840287593,276,0.022231506364685585,499,0.0917282354000553,93,,712,E. Muñoz,Leganés,True,878.0,327.0
70156,1371,28,1,1.781715512620272,1.810263144741015,2.4055165882370124,midfielder,England,0.9533817589833578,0.0,0.07277612597136049,0.07394218534317785,0.0982559656756183,564,0.019486275989514253,582,0.14446964137245663,225,0.02090879008835304,1644,A. Carrillo,Watford,True,879.0,354.0
144867,1919,23,0,2.492475049934632,2.482837498028022,3.22867573805278,defender,France,0.8834650304065113,0.004168837936425221,0.0727350718063259,0.07245383006230809,0.09421878130847092,683,0.0705730423922498,898,0.10091445143614755,338,0.002236797197551149,3776,K. Malcuit,Lille,True,880.0,328.0
3806,940,14,0,1.2203331952235748,1.179113565680544,1.4652074190487694,defender,Spain,1.074078287900779,0.0,0.07270070099204276,0.07024506348735157,0.087288952624182,159,,470,0.06987067610661864,311,0.06688368242894727,691,Javi López,Espanyol,True,881.0,329.0
49857,773,20,0,1.0034029902860364,1.3207961604356464,1.7816535062674776,defender,Italy,0.8902535682241468,0.01164294954721863,0.07269154910222256,0.09568510347269883,0.1290719228343839,269,0.005564421709982602,390,0.15986526853041108,114,,3197,A. Ajeti,Crotone,True,882.0,330.0
8192,2328,36,0,3.0157457574878297,3.1199483116880784,4.446770126528351,defender,England,1.02899964727195,0.0,0.07254371237943233,0.07505030303029743,0.10696697898865451,811,0.05493631395890846,1318,0.0825124975342367,199,,10531,M. Olsson,Swansea City,True,883.0,331.0
3335,2596,28,3,3.36052478230221,3.1392418162927553,6.495771175093204,defender,Germany,1.0134715126462608,0.0,0.07249206001884582,0.06771862161494387,0.14012449376164077,535,0.035786205688837246,1376,0.06192798343056728,685,0.12238082126267921,684,Bartra,Real Betis,True,884.0,332.0
393247,957,16,0,1.238669942133246,1.5826914820680826,2.725718412999559,defender,Germany,0.9460826248818902,0.0,0.0724822536671492,0.092613085680055,0.15949867411491672,278,0.0855374765636723,413,0.10905310819536229,266,0.0020570097371287697,2975,I. Konaté,RB Leipzig,True,885.0,333.0
4424,3205,36,2,4.14237270721238,3.980007202167521,6.298757597782564,defender,Spain,0.9378606044787724,0.0,0.0723784310776578,0.06954146749497073,0.11005629500025697,1098,0.11544181171359909,1369,0.06498456865194067,738,0.02202423828977606,692,Jonny,Celta de Vigo,True,886.0,334.0
99453,841,18,3,1.0866086808535296,0.9749658716898447,1.4153827186363757,forward,France,1.0270919695911658,0.0,0.07235444248251802,0.06492043854296231,0.09424664951680979,192,,339,0.23463586666154645,310,-0.08825374184280019,3770,P. Nakoulma,Nantes,True,887.0,199.0
15806,2648,32,3,3.417918582987065,3.84160864941754,5.8603955867893305,defender,Germany,0.9905890842512501,0.0,0.07228226610546663,0.08124247899070326,0.12393585833089218,847,0.09116820105043658,1229,0.037088156929705136,572,0.11993466694221724,2454,J. Vestergaard,Borussia M'gladbach,True,888.0,335.0
20529,2019,32,2,2.6035402325499493,2.5547465661066537,3.8020981219351517,midfielder,Italy,1.0120028831599461,0.0024764735017335313,0.07221310204199959,0.07085973635560802,0.10545690679958816,588,0.022842026732833358,1069,0.1223470666293373,362,0.004359467063893809,3166,A. Poli,Bologna,True,889.0,355.0
25534,1270,19,0,1.636061493011417,1.8812809371285049,2.2660645675674043,defender,France,1.0038623950098304,0.010236220472440945,0.07214129418003098,0.08295412006235926,0.09992095731005876,418,0.05283942018258808,631,0.09231672044864052,221,0.0510439609467211,3789,I. Cissokho,Amiens SC,True,890.0,336.0
352986,2031,36,1,2.614006460901994,3.798680154790695,3.7643489050718646,defender,France,1.0443148730202172,0.007877892663712457,0.07207501812432875,0.10473958083125501,0.10379297818021882,704,0.12057157846296244,1000,0.07942930234769675,327,-0.05482364457220378,3780,K. Amian,Toulouse,True,891.0,337.0
403449,738,13,0,0.9497222130739525,0.967602398897469,1.333588023094432,defender,Italy,1.0112699793460806,0.008130081300813009,0.07206564218447337,0.07342240425238247,0.10119367112911679,210,0.0447664446965313,378,0.0812249637249879,150,,3315,Rogério,Sassuolo,True,892.0,338.0
8319,2137,32,0,2.7473056434547556,3.190385134536594,5.455035672760909,midfielder,England,0.8956703537751417,0.0,0.07199303511158929,0.08360391555173105,0.14294899282854978,455,0.042734221184606555,883,0.10700126968231721,799,0.049966112972445846,1612,J. Milner,Liverpool,True,893.0,356.0
366563,745,13,0,0.9545587134963103,1.390723450252541,1.3836403619581363,defender,France,0.9116438748785042,0.0026845637583892616,0.07175206437019245,0.1045376016297212,0.10400518157000757,347,0.04198691508136079,303,0.09289495114611106,95,,3777,V. Selimovic,Metz,True,894.0,339.0
3573,1493,21,0,1.908318760837536,2.5746239102135116,2.599383713068527,midfielder,France,1.0186827677589267,0.0020093770931011385,0.07157793074809245,0.09656995242595891,0.09749865233210818,416,0.0445514021673947,749,0.09483278491421335,328,0.05275216891621961,3772,J. Toulalan,Bordeaux,True,895.0,357.0
70959,2888,35,1,3.68906260874444,4.192584279151448,3.54587483688869,defender,France,0.9456304179733148,0.003808864265927978,0.07153306997565397,0.08129664807218874,0.06875657578454523,1153,0.019178703268430845,1339,0.12332672182056188,396,0.04883833510973615,3776,Edgar Ié,Lille,True,896.0,340.0
51013,837,24,4,1.0682971852167027,0.9537205597495484,2.44831633085044,midfielder,Germany,0.951912950579806,0.0,0.07147508049239588,0.06380926086735329,0.1638061105467439,359,0.11560318939839756,400,-0.003976989274129893,78,,2460,R. Quaison,Mainz 05,True,897.0,358.0
15877,1016,23,3,1.2925761117900951,1.2159227898570453,1.7483290099173463,forward,Germany,0.9573396871637251,0.0,0.0712443526183517,0.06701936637007337,0.09636459109780648,415,0.05712675229831257,479,0.09038851121656145,122,,2450,A. Hahn,Hamburger SV,True,898.0,200.0
213308,2615,34,2,3.3268091441392675,3.190221251916088,4.545768867214377,defender,France,0.9800797580168273,0.0034416826003824093,0.07124333157621375,0.06831831361655867,0.09734724916405547,1007,0.036629813182580045,1285,0.09301661799291275,323,0.09253478661315172,3776,J. Alonso,Lille,True,899.0,341.0
32968,1513,33,2,1.9248222984179324,2.7377474605777614,1.636666305014411,forward,England,1.001687382097598,0.0,0.07124259663675096,0.10133103621437847,0.06057720626623067,539,0.022083528444997447,771,0.10437949863994464,203,0.07591346516331655,712,N. Amrabat,Leganés,True,900.0,201.0
14917,1900,24,1,2.4158561363928737,3.0244152223939618,4.15879290069724,defender,Germany,1.0412969884019092,0.0,0.07120418086210574,0.08914065918634835,0.1225749486521292,531,0.04560182813902722,983,0.07328793000317911,386,0.101117455189255,2451,R. Knoche,Wolfsburg,True,901.0,342.0
235597,2268,29,0,2.880589916381148,3.2890447593780414,4.224910170883009,defender,Germany,0.9839881852441804,0.0,0.07112567694768267,0.08121098171303806,0.10431876965143232,598,0.050657840574870557,1058,0.08991843516047522,612,0.05863716054540671,2445,T. Baumgartl,Stuttgart,True,902.0,343.0
99902,1840,36,4,2.334222129425855,2.8793877411151465,5.112396433666599,midfielder,Italy,1.0411705772207043,0.004891304347826087,0.07104154306948254,0.08763353994698272,0.1555946740681139,256,0.25851416966955737,874,0.026407377078300594,710,0.05838980879719224,3187,P. Zieliński,Napoli,True,903.0,359.0
26021,2004,28,1,2.5409351055870437,2.8056387076206586,4.673146780869439,defender,France,1.0069955668760133,0.0,0.07100417460722279,0.07840108165007828,0.1305869359923596,590,0.04878108601978589,842,0.0625066761095073,572,0.10643514663810423,2462,S. Falette,Eintracht Frankfurt,True,904.0,344.0
215281,1500,19,0,1.9000483782759083,1.9776266354281844,3.155587096604829,defender,France,0.986252509786025,0.0033333333333333335,0.07093513945563391,0.07383139438931889,0.11780858493991361,472,0.047650005635189986,763,0.0749628148784509,265,0.10081237272220062,3783,A. Mbengue,Caen,True,905.0,345.0
55990,2333,32,3,2.9534965329081446,2.972435325792672,3.5711585391695224,midfielder,Germany,1.0991547488807945,0.0,0.07089404451043982,0.07134864048195011,0.08572005066159162,592,0.2402044547795733,1309,0.02016883619583482,432,-0.007421847145831167,2443,T. Delaney,Werder Bremen,True,906.0,360.0
112366,996,16,2,1.2608245259293045,1.5926800457727497,3.241593050840648,defender,Spain,0.8721667870248659,0.0,0.07088973238156732,0.08954827566593775,0.18225824382236575,296,0.049614362827447446,395,0.06981724065278024,305,0.09292626884350301,680,M. Layún,Sevilla,True,907.0,346.0
134392,1481,22,0,1.8701101628449142,2.1770307812687064,2.5054434417765554,defender,Germany,0.9480114835824909,0.0,0.07071314592796434,0.08231851704999835,0.09473655147838426,304,0.023497208028666415,675,0.13163826129767275,502,0.01738484363081972,2482,K. Akpoguma,Hoffenheim,True,908.0,347.0
245364,2025,32,10,2.5537563337423204,2.1302951931157725,6.578127879997142,midfielder,England,0.9336567290203193,0.0,0.0706223973775654,0.05891186706888062,0.181913659891279,104,,917,0.1113228135111355,1004,-0.0039695642659700655,1625,L. Sané,Manchester City,True,909.0,361.0
20550,2395,31,0,3.0193353654687916,3.306724852109238,4.393840703038453,defender,Italy,0.9595967788206284,0.004592901878914405,0.07059823819050201,0.07731799236664606,0.10273698512323731,357,0.04735908306035446,1236,0.10097548595093336,802,0.03412704136951637,3162,Ş. Radu,Lazio,True,910.0,348.0
190167,1502,18,0,1.8931709607288811,2.0448138293449944,2.9096294967694933,midfielder,Italy,1.0434149562979687,0.002663115845539281,0.0705842701736467,0.07623806554149114,0.1084815258449345,386,0.04754265849953246,750,0.08129922526953098,366,0.07292811111434312,3172,L. Spinazzola,Atalanta,True,911.0,362.0
14862,1796,30,4,2.2539484633031064,2.3297723392831022,6.730010232183829,midfielder,France,0.7441629235331585,0.0,0.07027901667314808,0.07264323552330385,0.20984441703913942,104,,637,0.04649146886827832,1055,0.04853952138686557,3767,J. Draxler,PSG,True,912.0,363.0
159,1879,27,0,2.3525053453578253,2.57230912743991,3.9097684048568535,defender,Germany,1.006186266568624,0.0,0.07011192088346897,0.07666275206845927,0.11652316693559542,537,0.053358194601453066,927,0.07762570701575042,415,0.07500703237459584,2481,J. Gouweleeuw,Augsburg,True,913.0,349.0
3531,975,12,0,1.2180998484484016,1.2202229422429374,2.009774181869853,defender,Italy,1.0960530771771935,0.012307692307692308,0.0699626579621646,0.07008459975959434,0.11543318377919157,197,,549,0.08605581205601183,229,0.06105900329283394,3157,C. Zapata,Milan,True,914.0,350.0
11294,770,18,2,0.9602732377235615,1.075966013415094,1.1536460880764776,midfielder,England,1.1435454034181645,0.0,0.06983805365262266,0.07825207370291591,0.08390153367828927,194,,456,0.17092719813278276,120,,1646,S. Arfield,Burnley,True,915.0,364.0
38095,992,29,3,1.2369136585864282,0.9244440412401367,2.513775332782724,forward,France,1.0630832430130095,0.010080645161290322,0.06982577104923386,0.05218635716678191,0.14190667201192794,178,,583,0.07580902725565795,231,0.09877043625761442,3789,S. Gakpé,Amiens SC,True,916.0,202.0
415809,820,19,0,1.0218035028474226,1.3396867063141993,1.3596835735183321,midfielder,Italy,1.1710617249580522,0.012195121951219513,0.06978170263348252,0.09149079945560386,0.0928564391671056,171,,550,0.07301728066898086,99,,3165,F. Depaoli,Chievo,True,917.0,365.0
8925,837,18,0,1.0410468200698584,1.1029614340635772,1.547303828430218,midfielder,England,1.1043162937642146,0.0,0.06965187804529518,0.0737943133901557,0.10352331468589272,156,,479,0.06655463533319367,202,0.043976622077917395,1646,A. Westwood,Burnley,True,918.0,366.0
7853,1992,33,0,2.4763433186815274,2.562819750428266,3.446354226586496,defender,England,1.0802754103960053,0.0,0.0696160772320108,0.07204714157830466,0.09688546018516254,533,0.04958262606402053,1104,0.0809256004574251,355,0.0645234457719585,1627,K. Gibbs,West Bromwich Albion,True,919.0,351.0
391530,1835,32,4,2.2805846418003446,2.8303884554967227,2.2895581671242646,midfielder,Germany,0.9505242040583785,0.0,0.06959822340099144,0.08637697738845583,0.06987207485501842,526,0.0025435535048111027,760,0.18077492424838323,549,-0.020062134119276168,2447,C. Pulisic,Borussia Dortmund,True,920.0,367.0
48,3392,36,0,4.2146856525350955,4.6206605239810665,7.396703017467302,defender,England,0.9678229368952,0.0,0.06958207445223034,0.07628448978270629,0.12211538000535639,595,0.0721964619787667,1633,0.08930796688816847,1164,0.0405718142063746,1624,J. Vertonghen,Tottenham Hotspur,True,921.0,352.0
282804,1236,22,0,1.5353820604494475,1.6896663266272485,2.4858262189089038,midfielder,Germany,1.0454111118651999,0.0,0.06956423574851867,0.0765544614005873,0.11262643063017687,175,,624,0.06985881516620407,437,0.06028626817080555,2975,K. Laimer,RB Leipzig,True,922.0,368.0
397168,1169,21,0,1.4514893976664196,1.331090041454361,1.6042993462917283,defender,England,0.990998082281331,0.0,0.06953242623551711,0.06376479240499933,0.07685266329541213,573,0.06541021391180386,517,0.04182357346408823,79,,1628,T. Fosu-Mensah,Crystal Palace,True,923.0,353.0
20636,1284,23,0,1.5931676046099439,1.654391373919732,2.8625716830760704,defender,Italy,0.9573600087797981,0.001557632398753894,0.06948394537239631,0.07215414091861759,0.12484736312481304,518,0.030741559814585984,609,0.072590762054952,157,,3173,M. Andreolli,Cagliari,True,924.0,354.0
286825,1327,19,0,1.6462847460598442,1.741846029318279,2.7035130302656865,defender,England,0.9159348440277001,0.0,0.06947396064758951,0.07350669000891004,0.1140894722644148,434,0.06464192301858798,628,0.07690104198431272,265,0.05978678046466304,1623,J. Kenny,Everton,True,925.0,355.0
424624,1044,14,0,1.2949020325072091,1.326563354524931,1.4498848623435472,forward,Spain,1.197298220600066,0.0,0.06945834657126791,0.07115665503198863,0.07777160181153127,272,0.04594089262984263,729,0.08081592857890615,43,,714,O. Etebo,Las Palmas,True,926.0,203.0
14800,1797,18,0,2.2265290431186635,2.566507873982964,2.887643258093966,defender,Germany,0.9777160308292048,0.0,0.06938543484398729,0.07998021198833945,0.08998776986825938,776,0.07874960209608078,774,0.06453146525877866,247,0.05517644161049303,2447,M. Schmelzer,Borussia Dortmund,True,927.0,356.0
4786,1709,25,0,2.1146760141315286,2.148602487112905,3.535822592544807,defender,France,0.9598734714931714,0.008191925102399064,0.06929307009442107,0.07040476259702907,0.11586077541399016,737,0.055689581607415044,753,0.07990652370430307,219,0.07858001277333555,3777,Iván Balliu,Metz,True,928.0,357.0
214628,2053,27,0,2.5400866035847254,2.9692695610226614,4.777342953207987,defender,France,0.9627460818844484,0.0034096444227959084,0.06928633697065008,0.08099322718814858,0.1303123260495116,476,0.06728231697951081,827,0.10234683760913073,750,0.03410350962099514,3771,J. Amavi,Olympique Marseille,True,929.0,358.0
3277,1963,27,2,2.428224495127291,2.5884514966699923,3.916188905519453,defender,Spain,0.9871907046615417,0.0,0.06927181443052892,0.07384273245721831,0.11172011141573579,272,0.0028298367063174564,946,0.15286163354226356,745,-0.012612415017411272,682,Víctor Ruíz,Villarreal,True,930.0,359.0
9285,2743,35,1,3.391919158234271,4.0040534688470135,5.10727721578583,defender,England,1.0531953327681036,0.0,0.06924807614331724,0.08174516742815631,0.10426814585636401,933,0.04290971870797827,1442,0.10098830192957797,368,0.011651016098163108,1659,C. Daniels,AFC Bournemouth,True,931.0,360.0
26196,2326,27,2,2.8702151152205717,2.962616004821843,5.5729244606582355,defender,France,0.9894955327208262,0.0017196904557179708,0.06910234155303183,0.07132695454429201,0.13417187007603662,321,0.04264395636400808,1031,0.11571390186686069,974,0.02848285794124441,19830,D. Sidibé,Monaco,True,932.0,361.0
20561,2441,35,3,3.0120717014424216,2.872252712744117,6.402692385165894,midfielder,Italy,0.9391425817808434,0.0016386726751331422,0.06910119429773683,0.06589354851031158,0.14688683882396153,370,0.034499696453707034,1211,0.07625985409997893,860,0.07390749334631341,3162,S. Lulić,Lazio,True,933.0,369.0
23427,1026,17,0,1.2651762823822872,1.3493335938703805,1.6458576214903866,midfielder,Italy,0.9437646448852741,0.003898635477582846,0.06905445595848742,0.073647837482204,0.08983238479869557,433,0.05564294684999885,480,0.07656838228821464,113,,3194,M. Fossati,Hellas Verona,True,934.0,370.0
240445,852,23,1,1.0487122226474672,1.1144337397807997,2.0790131031084216,midfielder,Spain,1.079614047221842,0.0,0.06892944186415279,0.07324916599498214,0.13664874856111692,163,,509,0.06076642961034245,180,,674,Andreas Pereira,Valencia,True,935.0,371.0
14857,1970,29,1,2.4167472097467346,2.462855888418522,2.9033980734484928,defender,Germany,0.9984704517603893,0.0,0.06869941306894271,0.07001011662509504,0.08253314320462721,741,0.046383404864240474,1001,0.0894171362179002,228,0.05026836573375806,2450,K. Papadopoulos,Hamburger SV,True,936.0,362.0
49876,4060,38,1,4.965211029160965,5.379881854000084,6.6670168401520105,midfielder,England,0.9072327004222762,0.0,0.06848566936773745,0.0742052669517253,0.09195885296761394,1076,0.08387136387665559,1647,0.09115729063092778,1337,0.028175147668357936,1609,G. Xhaka,Arsenal,True,937.0,372.0
134369,1460,24,0,1.785109331935718,1.9016911660214386,2.8546169493153344,midfielder,Germany,0.9833552984457649,0.0,0.0684699469783563,0.07294157897068532,0.10949215696004022,338,0.07837329851250949,620,0.09205149518255007,502,0.03267733202787045,2449,M. Meyer,Schalke 04,True,938.0,373.0
14775,2106,29,0,2.57357697490276,3.6604734705092388,4.413847853990548,defender,Germany,0.97591182352448,0.0,0.06843319591384357,0.09733452723101489,0.11736727437011904,425,0.056428559645455116,843,0.12488303166818512,838,0.01773481748085451,2449,B. Oczipka,Schalke 04,True,939.0,363.0
20866,2153,25,1,2.6282047849436325,2.7809526891971705,4.415486602529422,defender,Italy,0.9588871529701715,0.006038086391082211,0.0683601801936105,0.07233318652811963,0.1148477704327207,595,0.026588574875254078,1040,0.09304117079646292,518,0.06678851018869847,3176,D. Astori,Fiorentina,True,940.0,364.0
94695,2193,32,0,2.6765737721000034,3.0146285885786894,4.253871853109487,defender,France,0.9468788712851627,0.0031919744642042863,0.06834844105681723,0.0769809397904271,0.1086260026329828,426,0.004515497988568069,1050,0.10239120704647506,717,0.0564208670790396,3771,H. Sakai,Olympique Marseille,True,941.0,365.0
15178,1578,25,1,1.925288524482779,1.9353903490110864,2.5447974514754397,defender,Germany,1.0525884588849963,0.0,0.0683245610716322,0.06868305421078634,0.0903096687469104,433,0.03243321473874666,852,0.09572830157978379,293,0.041679394004035954,2460,S. Bell,Mainz 05,True,942.0,366.0
4013,2191,31,0,2.6714037481914965,3.2355994516477993,3.912575318601255,midfielder,Spain,1.0590681241966864,0.0,0.0682786900496229,0.08269902751815461,0.10000192507607042,545,0.05759632366677491,1326,0.08660028939101755,320,0.010551968024506897,712,Rubén Pérez,Leganés,True,943.0,374.0
134502,2359,28,0,2.8751372344461528,3.288202101667414,5.098578107301135,defender,England,0.9741254906657321,0.0,0.06825251595124399,0.0780582101286033,0.12103449512881032,300,0.051008019869532475,1139,0.09397964160003425,920,0.04202442107139761,678,A. Laporte,Athletic Club,True,944.0,367.0
265673,1504,35,6,1.8315166454071308,2.032081293976099,4.816119043899354,midfielder,England,0.8537441416217626,0.0,0.06819476871196764,0.07566260137145049,0.17932358142178445,40,,590,0.1916963660219193,874,-0.012462586549314598,1625,Bernardo Silva,Manchester City,True,945.0,375.0
3339,1930,25,0,2.3501528533032627,2.5081411803694276,3.5568003190525093,defender,Spain,1.0617367582667316,0.0,0.06819096361916202,0.07277508088118546,0.10320249630411425,291,0.06053331080360214,1022,0.09316252397427105,617,0.030439654520955376,674,Montoya,Valencia,True,946.0,368.0
25995,2057,28,0,2.504490340273282,3.4145580488587743,4.211813465116701,midfielder,Germany,0.9973845997957744,0.0,0.06818252749407087,0.09295831343514409,0.1146628848062884,459,0.07799192331752869,952,0.08124995996092292,646,0.041955424720989974,2449,B. Stambouli,Schalke 04,True,947.0,376.0
25829,2697,37,1,3.2822291846854803,3.1610514222753476,3.471595171269685,midfielder,France,1.1501090005356696,0.013348164627363738,0.06815158855854167,0.06563547632459009,0.07208354823548475,607,0.12556780271659784,1591,0.06239750112066688,499,0.016654817255372736,3787,P. Lasne,Montpellier,True,948.0,377.0
3476,3195,35,1,3.885568925111292,4.305236296955998,6.840609892898483,midfielder,Spain,0.9166943893821298,0.0,0.06810386848395379,0.07545954072911923,0.11989801377224257,334,0.023339450440200832,1410,0.12076908681973401,1451,0.027230924151192517,676,I. Rakitić,Barcelona,True,949.0,378.0
3347,2461,30,1,2.991311703214661,3.5236281257587523,5.513211548307119,defender,Spain,0.9893411374642443,0.0,0.06806723095490493,0.08018007925334829,0.12545300556895517,169,,1234,0.10502020386555837,1058,0.01947419870860055,676,Sergi Roberto,Barcelona,True,950.0,369.0
3529,2802,32,2,3.400565290221958,4.677759519264777,4.18943266895872,defender,Spain,0.9680492656658566,0.0,0.06796276097517118,0.09348841294747592,0.08372884705984593,676,0.02888508732185919,1256,0.11193927632869514,870,0.0348386277632319,682,Mario,Villarreal,True,951.0,370.0
44510,982,19,1,1.1916001657799384,1.244245108298737,1.4819190856825268,defender,Italy,1.0011724085780833,0.010183299389002037,0.06795275894468081,0.07095491452620088,0.08450862403077546,189,,434,0.13601291739041915,359,0.013748343193950309,3176,Vitor Hugo,Fiorentina,True,952.0,371.0
383,2279,36,6,2.760885192223429,2.8679634252308484,4.907786351809498,midfielder,England,1.0263823199459612,0.0,0.06784097005902238,0.07047211575819548,0.12059501347140494,651,0.06297827430374738,1102,0.10478917204728662,526,-0.003549341070983547,1619,D. Tadić,Southampton,True,953.0,379.0
334720,2157,29,0,2.6118453498782728,2.365577475227775,3.394451284880778,defender,France,1.1141188533198674,0.005563282336578581,0.06780868780397926,0.06141508512413325,0.08812669075258396,424,0.002669908732359749,1235,0.09646903837185715,498,0.052192843175540474,3774,R. Bensebaini,Rennes,True,954.0,372.0
119951,2114,38,2,2.5585883817382267,2.1411428266673056,3.9409133719926825,defender,England,1.0644546732447144,0.0,0.06777717567518482,0.05671901527595512,0.10439505621172669,630,0.01943685319387425,1158,0.07534813111173871,326,0.13430244183376222,1627,Ahmed Hegazy,West Bromwich Albion,True,955.0,373.0
8200,2310,27,1,2.783266763465086,2.8028979108238685,3.443916774114354,midfielder,Spain,0.9497405950577643,0.0,0.06747313365975967,0.06794904026239681,0.08348889149368131,601,0.12243514906251685,1164,0.0562356597874851,545,0.03086441499970559,680,S. N'Zonzi,Sevilla,True,956.0,380.0
43051,2209,29,5,2.6607536447028193,2.986490546515484,3.87732152729753,midfielder,Spain,1.0474731835469722,0.0,0.06745233322922493,0.07571003648930154,0.09829334790795007,630,0.014913551609487864,1268,0.11211614835814972,311,-0.008220609417213308,712,Gabriel,Leganés,True,957.0,381.0
3523,1702,24,0,2.0497377638380128,2.6044417894587797,3.444273981339022,defender,England,0.9960852872585579,0.0,0.06744143053756094,0.08569256181533001,0.11332511336955653,650,0.031012686669839543,789,0.09965365360917387,263,0.06083777848629205,1613,F. Lejeune,Newcastle United,True,958.0,374.0
8416,1628,35,12,1.9576098019457544,0.7362076369676493,5.595134338454484,forward,England,1.044042825607782,0.0,0.06733792930525936,0.025324095620508823,0.19246162343578077,388,0.10507016510220696,814,0.0867263894748065,426,-0.004075953481658573,1651,G. Murray,Brighton & Hove Albion,True,959.0,204.0
21655,1755,32,2,2.103954222554016,2.5031891643945072,4.465136876959375,forward,Italy,0.8480958326934569,0.0017094017094017094,0.06713472163135321,0.07987384228267375,0.14247730205682335,749,0.033775700518833544,612,0.04849420725198472,394,0.15950503029493376,3197,A. Stoian,Crotone,True,960.0,205.0
68085,1579,28,2,1.892348527643658,1.546472322294334,2.984564733440108,defender,England,0.93601018497175,0.0,0.06711305734518357,0.05484639015103401,0.10584903424486766,583,0.018371913461026877,632,0.12017929536835871,364,0.05304224540511948,1644,C. Kabasele,Watford,True,961.0,375.0
58978,1006,20,0,1.2044008958123051,1.389892668060109,1.8375335453657107,defender,England,0.9330885115784795,0.0,0.06704418505515813,0.07736977078664622,0.10228814964262406,385,0.06411886757883124,435,0.08424450038049831,186,,1639,G. Cameron,Stoke City,True,962.0,376.0
258263,1054,16,0,1.2587533066664074,1.1166983573549578,1.8990292971168337,defender,France,0.9874621738112767,0.0028462998102466793,0.06687873356102354,0.059331222022654305,0.10089719225668187,307,0.055221807657694265,523,0.07359627237309928,224,0.06717071326462386,3772,V. Jovanović,Bordeaux,True,963.0,377.0
3750,1226,18,0,1.4598693619778842,1.4577834961288336,2.196983751281498,defender,Spain,1.0264356325026398,0.0,0.06668245046554773,0.06658717437456337,0.10035162322329844,304,0.04396462691644013,591,0.08893523619044048,331,0.047814843201248944,678,Balenziaga,Athletic Club,True,964.0,378.0
25503,737,14,0,0.8770090866282073,1.101450012348951,1.4210940097224167,midfielder,France,0.8699862638809863,0.0,0.06663841092425998,0.08369226688133143,0.10798000616615377,334,0.03690972512318095,261,0.09941772892489271,142,,3777,G. Mandjeck,Metz,True,965.0,382.0
286448,1252,27,1,1.4896536523434043,1.1005362843389899,1.5929171251218686,midfielder,Spain,1.0619456302347092,0.0,0.06662987582366664,0.04922526511420402,0.0712486893025756,306,0.015511006506216321,752,0.08690697538200964,194,,698,M. Arambarri,Getafe,True,966.0,383.0
189821,880,12,0,1.0468529107860676,0.9115344052180151,1.5852017405124517,defender,England,0.9435918755958483,0.0,0.06661791250456794,0.05800673487751005,0.10087647439624693,259,0.0061134238255756874,345,0.1187296535956824,276,0.058255999067700216,1644,M. Zeegelaar,Watford,True,967.0,379.0
213124,1077,25,1,1.2799927993713007,1.2880894618870053,1.4563759856760679,defender,Spain,1.00172275169843,0.0,0.06655487164790422,0.06697586802755089,0.07572614224499517,399,0.0064751486362839075,577,0.09349639384716293,101,,695,Chema,Levante,True,968.0,380.0
372915,1620,31,3,1.9244929567369726,2.448864196795064,3.260674308059433,midfielder,Germany,1.0334781336563672,0.0,0.06652568245510522,0.08465209569168124,0.11271466743909152,368,0.062047559777617785,747,0.07230174533674286,505,0.061244950123881606,2449,A. Harit,Schalke 04,True,969.0,384.0
3466,1174,28,1,1.3932583790229383,1.3737361950815936,1.4127449788480089,defender,Spain,0.8901534629489384,0.0,0.06645866203175856,0.06552745053200106,0.06738817616310774,369,0.13012576961498676,491,0.08857290574546024,314,-0.04294024357855588,696,Alexis,Deportivo Alavés,True,970.0,381.0
302600,1230,25,2,1.4507041042233813,1.8611364703683395,2.2579462652782665,midfielder,Germany,0.9675967564086636,0.0,0.0660483169402515,0.08473466856961545,0.10280080557364464,444,0.02693313229726621,558,0.09023804421192472,228,0.08301881765907523,2460,S. Serdar,Mainz 05,True,971.0,385.0
134427,1905,22,2,2.246461761093646,2.185506663889752,3.1198042276384204,defender,Italy,1.0189286978360002,0.0,0.06603772106102057,0.06424586518521055,0.09171078044501393,155,,970,0.05074032567605901,780,0.03951811314275065,3159,D. Rugani,Juventus,True,972.0,382.0
4363,1278,25,0,1.5068084028912532,1.6682325678760965,1.6283246595775385,midfielder,Spain,0.9912098135269274,0.0,0.0660260333035291,0.07309939264558796,0.07135068930856193,527,0.09712387824594854,618,0.0667499656468151,133,,714,Vicente Gómez,Las Palmas,True,973.0,386.0
167145,3036,35,2,3.577652909818173,4.047368040524992,3.893271583441978,defender,England,0.9256456181183286,0.0,0.06599096276344456,0.07465500997015795,0.07181265107798115,742,0.06871831105407467,1308,0.10073224546761773,986,0.017851723200862365,1609,Bellerín,Arsenal,True,974.0,383.0
22162,2387,32,0,2.8051477977695622,3.0210393608495822,4.164271667070298,midfielder,Italy,1.0544513073867898,0.006702974444909929,0.06580991900925659,0.07087482371494622,0.09769552298112136,718,0.0514270173467833,1350,0.07692647098016196,319,0.051137750460459055,3315,F. Magnanelli,Sassuolo,True,975.0,387.0
404219,1171,24,0,1.3759366665164305,1.8631960972276111,1.8940271057068894,midfielder,Germany,1.0044162294940593,0.0,0.06580055792051248,0.08910246067015049,0.09057687268965482,346,0.10682658661876814,497,0.06881134539596691,328,0.017961023454362134,2454,M. Cuisance,Borussia M'gladbach,True,976.0,388.0
25523,1645,29,0,1.9292317660004152,1.6646436607288597,3.0357298278830727,defender,France,1.1271951702395342,0.004863221884498481,0.0656759750127801,0.056668720365237776,0.10334399414070033,301,0.07370902059023904,1022,0.05956629019487602,322,0.07755843204719881,3770,K. Djidji,Nantes,True,977.0,384.0
257899,2123,23,0,2.489343440035163,3.1101258827392924,3.768414259062302,defender,England,0.9763561885674354,0.0,0.06566332201694258,0.08203817684097992,0.09940235445477574,224,0.08134868478116004,1011,0.10326839079782821,888,0.01889277494863169,1612,J. Gomez,Liverpool,True,978.0,385.0
26069,718,19,0,0.84052499339965,0.8798319123434439,1.0742660484278854,forward,France,0.9975132963114397,0.0,0.06555626689468022,0.06862198759224633,0.08378676700830304,276,0.05567872569143356,352,0.10543425143742424,90,,3783,H. Bazile,Caen,True,979.0,206.0
7964,2546,27,1,2.9712353774957423,3.972590289647415,6.146128323009217,midfielder,England,0.9113777699804811,0.0,0.06535317405332348,0.08737826245885909,0.13518585470876518,261,0.08887025559670073,1181,0.08195128791857614,1104,0.042037657062666905,1612,J. Henderson,Liverpool,True,980.0,389.0
288663,1621,24,3,1.8897864972505374,1.645905717702992,3.308678371387085,defender,Italy,1.0494170052573546,0.011104256631708822,0.06528565320544731,0.05686040727413175,0.11430350943718492,283,0.051362105063761716,885,0.059306604214531856,453,0.0856649522806288,3172,M. Caldara,Atalanta,True,981.0,386.0
3543,2681,36,2,3.1187062369458283,3.1546588661729213,5.307444417408137,midfielder,Italy,1.0211015819083307,0.005594927265945543,0.06514268902236717,0.06589365777906885,0.11086045780486971,315,0.010611117416926217,1486,0.09626508791785966,880,0.03210809845078997,3161,Borja Valero,Internazionale,True,982.0,390.0
7885,2729,35,0,3.161250891819189,3.1241060775075598,3.7410908938081886,defender,England,1.0299188326793007,0.0,0.06486993402047438,0.06410770990854649,0.07676844633684814,890,0.06156981834542635,1281,0.07990343399630427,558,0.03562116965085904,1619,R. Bertrand,Southampton,True,983.0,387.0
40538,808,14,0,0.9349076200538802,0.8823779014564754,0.623497548445733,defender,Italy,1.0324558372703776,0.006188118811881188,0.06479557762749664,0.06115490406133988,0.04321270137742704,246,0.03237391614379877,485,0.08247657076188912,77,,3173,Leandro Castán,Cagliari,True,984.0,388.0
25524,2301,30,0,2.6502876940206224,2.884275263042878,3.5446604775475703,defender,France,1.0560103931281974,0.005215123859191656,0.06450070007177525,0.07019531279026561,0.08626726933622944,604,0.04646573250411404,1164,0.08267260371445088,533,0.04525309138658375,3804,P. Djilobodji,Dijon,True,985.0,389.0
272338,945,19,1,1.085117997991983,0.8328312630147537,0.7834262796750702,defender,Germany,0.9240576554132346,0.0,0.06430328876989529,0.04935296373420763,0.04642526101778194,439,0.04810134624441681,418,0.09590430129011962,88,,2463,L. Klünter,Köln,True,986.0,390.0
14998,1011,18,0,1.15779175006005,1.3358576990170443,1.916728519377017,midfielder,Germany,0.9643918470318753,0.0,0.06413089812399883,0.07399409608798663,0.10616893875876651,319,0.04735565859135542,557,0.08203807291170215,135,,2453,J. Schuster,Freiburg,True,987.0,391.0
3436,1252,21,0,1.4290199407840454,1.4644687047938547,1.5801456006443413,defender,England,1.0746992169270586,0.0,0.0639178248274014,0.06550339254668998,0.07067743900645616,422,0.04683075494741908,686,0.07583628323971278,144,,1613,Javi Manquillo,Newcastle United,True,988.0,391.0
344178,1754,24,1,2.0019964220310777,1.4218844633019492,3.1154232849247467,defender,Germany,0.9773219022000681,0.0,0.063917787704527,0.045396539307245805,0.09946619381743776,450,0.050956625109424204,941,0.045724903889564836,363,0.1271465117752588,2446,P. Retsos,Bayer Leverkusen,True,989.0,392.0
14749,2096,28,0,2.391285848696082,2.535526980816875,3.293692766750881,defender,Germany,0.987218986427293,0.0,0.06388931656821593,0.06774308727373331,0.08799942506586324,758,0.05688771171799463,1096,0.06976250268079444,242,0.05922074010987591,2450,G. Sakai,Hamburger SV,True,990.0,393.0
25492,2379,34,1,2.7140443354334054,2.931433384058432,3.5986480258060913,midfielder,France,1.0468789238287521,0.010508617065994116,0.06388670987148831,0.06900389638809255,0.08470966349102191,604,0.045666526536914664,1317,0.09273100295686665,458,0.004971986597774859,3789,T. Monconduit,Amiens SC,True,991.0,392.0
244357,1644,26,1,1.873636022818838,2.113348884516117,2.707693222675796,midfielder,France,1.1141798170546444,0.006690997566909975,0.06382215162886552,0.071987553243858,0.09223285916657212,307,0.023874027895129168,1013,0.055790120849968754,324,0.12678672312664174,3789,B. Zungu,Amiens SC,True,992.0,393.0
25798,1315,23,1,1.494518686245801,1.882888621367975,3.11962871668602,midfielder,England,0.984443778478092,0.0,0.06364490222795807,0.08018385003544228,0.13285110884746548,451,0.03975560968844797,629,0.058661524167706834,235,0.12283050110122226,1644,E. Capoue,Watford,True,993.0,394.0
361807,726,20,0,0.8240969296769893,1.0557594505756294,1.6260227593122891,midfielder,Italy,1.0191386926717674,0.0027548209366391185,0.06356670531943719,0.08143599067800998,0.12542324314254572,53,,276,0.10709286255355294,397,0.025828890743642183,3159,R. Bentancur,Juventus,True,994.0,395.0
15823,771,19,0,0.8750940983767981,1.0494773193953226,1.4953437839427333,midfielder,England,0.9389580592842344,0.0,0.06356066084189455,0.07622662760848,0.1086112216612102,250,0.030457617544113837,394,0.0939097253121817,127,,1673,D. Williams,Huddersfield Town,True,995.0,396.0
21315,3830,33,2,4.3467059467790365,4.279994363555527,7.83323366651718,midfielder,Italy,1.0000048358569449,0.0028720626631853785,0.06355496945682143,0.06257955205198683,0.11453292045038174,457,0.06931868346625515,1875,0.09363300195713405,1498,0.02414887583839859,3187,Jorginho,Napoli,True,996.0,397.0
3409,1643,26,1,1.8636292837291493,2.197467248365044,2.608491688778579,midfielder,Spain,0.9534151492304238,0.0,0.06351992689521141,0.07489845764360467,0.08890781166865516,488,-0.01376955195804526,768,0.13153336260160603,387,0.026008162186886327,678,San José,Athletic Club,True,997.0,398.0
14789,966,18,1,1.095584263716557,1.738821869554322,0.8915163277295777,forward,Germany,1.1062486759119463,0.0,0.06351213122994533,0.10080126780025056,0.051682105955337836,313,-0.025559888425326346,456,0.15408071139778118,197,,2447,A. Schürrle,Borussia Dortmund,True,998.0,207.0
86183,1470,21,0,1.665888868031231,1.8385116401041177,2.2742581569001157,defender,Spain,0.9579521165065183,0.0,0.06346243306785641,0.07003853867063306,0.08663840597714727,525,0.04222449581992689,727,0.09048875236121069,218,0.024479785952693324,692,F. Roncaglia,Celta de Vigo,True,999.0,394.0
26138,1553,26,0,1.7593522217136617,1.8172125424226822,2.5317000995923937,defender,France,0.9406292201944554,0.0038634900193174502,0.06344090432451066,0.06552730352586619,0.09129118195568195,561,0.049363628180069626,775,0.06682210791253172,217,0.08775850403103182,3777,J. Rivierez,Metz,True,1000.0,395.0
20465,1678,27,0,1.9003415437924855,2.1600947781248423,3.0615526240373083,defender,Italy,1.0050092243548736,0.0,0.0634202183864,0.0720889794845001,0.1021733891216265,85,,804,0.09230850374218828,789,0.030156152882210387,3159,S. Lichtsteiner,Juventus,True,1001.0,396.0
3827,3104,34,0,3.511921224861031,3.515503200290883,5.693262061469308,defender,Spain,0.9724019151766807,0.0,0.06335940354130727,0.06342402680937159,0.10271349079970402,832,0.06527856510634523,1487,0.07337009178137473,785,0.04236241521634944,692,Hugo Mallo,Celta de Vigo,True,1002.0,397.0
20459,2718,35,2,3.071426825675907,3.405422052100507,4.076638440996394,defender,Italy,0.9980446445781334,0.005518763796909493,0.06328178890281486,0.0701632210881635,0.08399255066070568,477,0.0988119326788707,1356,0.08278047269704189,885,0.01425569420659962,3157,L. Bonucci,Milan,True,1003.0,398.0
29748,1389,23,0,1.5632237435260585,1.4106152585926386,2.4956549517950015,defender,France,0.9420577009670548,0.0007199424046076314,0.06302413940781805,0.056871457509854395,0.10061675831570921,424,0.045508710791436494,701,0.07900876480093522,264,0.04871095506225239,3804,F. Chafik,Dijon,True,1004.0,399.0
26945,1513,19,0,1.7024798204560079,1.8228545027195755,2.523112132492903,defender,France,1.027041836928698,0.005287508261731659,0.06301313281264802,0.06746850770145157,0.09338683372082125,195,,790,0.08403520394481594,528,0.03555389714986184,3772,M. Poundjé,Bordeaux,True,1005.0,400.0
21234,1722,32,10,1.9369008608762164,1.9616283324122958,4.114774967909055,forward,Italy,1.0527910523176027,0.009291521486643438,0.06298864588215337,0.06379279129796084,0.1338138200946034,325,0.21638126456814905,959,0.047538665177925696,438,-0.01700238055071017,3185,A. Belotti,Torino,True,1006.0,208.0
278867,1293,21,0,1.4484121784263029,1.8667914642703558,1.8271402063176596,defender,France,0.9923855287459081,0.017014694508894045,0.06273092188079889,0.08085098375803551,0.07913368256286847,529,0.0421301703073554,559,0.07891255645976139,205,0.07176635530866021,3782,S. Janko,Saint-Étienne,True,1007.0,401.0
3797,2232,30,0,2.4999755187699195,2.707049755123628,3.716087914809147,midfielder,Spain,1.0580494804170386,0.0,0.06272340011250695,0.06791881106044946,0.093235180658294,525,0.06423106136774515,1169,0.07746426810817242,538,0.029222290733449344,691,Víctor Sánchez,Espanyol,True,1008.0,399.0
263433,1727,25,1,1.92940065119291,2.30466965320229,3.7348213800998957,defender,Italy,0.8759419749930227,0.0011580775911986102,0.06256307844053442,0.07473161585369326,0.12110596252784839,841,0.05475452852278903,627,0.05759776834951144,259,0.09993852210036183,3194,A. Ferrari,Hellas Verona,True,1009.0,402.0
54380,1807,26,0,2.0178937051605614,2.315133836578788,3.2864975870218354,midfielder,France,0.9918040891465122,0.004980630879911455,0.06253572080187683,0.07174736848279586,0.10185050629398051,369,0.05327839907948711,826,0.08263178298812239,612,0.04099422464129346,3782,O. Selnæs,Saint-Étienne,True,1010.0,400.0
69400,2546,27,2,2.8379620009117352,2.823212961659258,4.053757689686711,midfielder,Italy,0.9718202133545146,0.003927729772191673,0.06242178792264618,0.06209737857538038,0.08916356269538721,612,0.08941104997569736,1307,0.07355030608810069,627,0.012880477525969339,3176,M. Badelj,Fiorentina,True,1011.0,401.0
149101,1046,19,1,1.165391936432395,1.5668510063874692,3.2919997392213607,defender,France,0.9853236260261877,0.004780114722753346,0.06239192011492747,0.08388494871672875,0.17624472791242465,202,0.04468019206070988,593,0.07775276417477606,251,0.040355221068958246,19830,A. Touré,Monaco,True,1012.0,403.0
228980,2158,30,1,2.398643140693648,3.00220088905914,4.187681135587618,midfielder,Germany,0.9933100888218105,0.0,0.062244678349788835,0.07790697395148834,0.10867013141469259,682,0.05082030755605142,1071,0.08677363608595264,405,0.01661728858657269,2460,J. Gbamin,Mainz 05,True,1013.0,402.0
28866,1691,30,1,1.8757006649623011,1.710873335698028,2.8234135617461664,midfielder,France,1.0416013643879396,0.002365464222353637,0.062116639407385495,0.05665813530401511,0.09350157271306052,545,0.048859203493896726,896,0.0855653522407499,250,0.00697766290401298,3795,K. Azamoum,Troyes,True,1014.0,403.0
3337,911,12,0,1.0094956028109228,1.0294532451908762,1.628535645306413,defender,Spain,1.0028858314028446,0.0,0.06205461444282292,0.06328142890306156,0.10010756985418126,156,,478,0.07169708789756454,277,0.05237492937181582,692,Fontàs,Celta de Vigo,True,1015.0,404.0
15012,797,15,0,0.8830073407780255,1.4561885226098488,1.5670100412742167,midfielder,Germany,0.9742869092375259,0.0,0.06204317576357519,0.10231688490106841,0.11010359135678312,125,,366,0.11992044293063271,306,-0.0007208992104016003,2482,H. Nordtveit,Hoffenheim,True,1016.0,404.0
14778,2360,26,0,2.6143019528747518,2.6681967598439886,3.9630558075575277,defender,Germany,0.9996334045172408,0.0,0.062034283627536484,0.06331314345392516,0.094038612382721,390,-0.010251765403840995,1247,0.09226960674518561,723,0.048878144200881934,2447,Ö. Toprak,Borussia Dortmund,True,1017.0,405.0
28335,2382,31,0,2.6379245340949433,3.0906881037948657,3.5072303845205415,defender,France,1.1872339029764265,0.010075566750629723,0.0620166976949273,0.07266101335537888,0.08245377898117143,393,0.0654961289388532,1536,0.07732702727856393,453,0.007084947762634302,3787,R. Aguilar,Montpellier,True,1018.0,406.0
5542,2283,32,0,2.527911813609755,2.706742360829085,3.578100920539255,midfielder,Spain,1.0015190108970722,0.0,0.06200747330799224,0.06639403075183038,0.08776769669303472,734,0.03214226607843487,991,0.08893106830616475,558,0.05347661213112155,701,Dani García,Eibar,True,1019.0,405.0
173,1703,33,3,1.8827902285336018,1.8593988046566912,3.272584165664693,midfielder,England,0.95705744757111,0.0,0.06191206858360641,0.06114288494467099,0.1076128674557973,421,0.007775163868072982,968,0.11718450023255834,314,-0.03589709368055257,1673,R. van La Parra,Huddersfield Town,True,1020.0,406.0
27646,1513,28,2,1.6675160059338776,1.9867483190956026,3.1175498143426172,midfielder,France,1.10137935005392,0.003304692663582287,0.061719032605616085,0.0735346370583964,0.11538849279787612,368,0.051420748918916036,770,0.07507278454445526,375,0.04440537768241465,3799,P. Capelle,Angers,True,1021.0,407.0
328488,883,13,0,0.9731663275422683,1.11738013236213,1.4616573054279296,defender,France,1.1370426575220496,0.007927519818799546,0.061718362788637626,0.07086442515546917,0.09269853805658444,128,,529,0.08688233857936695,226,0.0273324263915486,3775,P. Burner,Nice,True,1022.0,407.0
4805,2246,29,2,2.4751931866245216,3.159953507738433,4.879308548508005,defender,Spain,0.9646677285450386,0.0,0.06171452290782422,0.07878779894628328,0.12165684715781312,782,0.05150982866389557,1001,0.09936507550965429,463,-0.002449909609842508,701,Arbilla,Eibar,True,1023.0,408.0
30320,1868,26,1,2.051216810181432,1.7305045391777483,2.0821823772897923,defender,France,1.0454879479655408,0.004817987152034261,0.06149258103327633,0.051878080403615585,0.062420884972285,378,0.006519814078473771,1083,0.07941681368455804,407,0.06485317549906819,3789,O. El Hajjam,Amiens SC,True,1024.0,409.0
28528,1938,28,0,2.1273615770890077,2.4743771628444704,3.3588444158623676,defender,France,1.0078074401829087,0.007739938080495356,0.061471748357577106,0.07149903050530979,0.09705639178962465,542,0.05284665449467587,1087,0.07155125291286232,309,0.04114287917342643,3785,J. Ikoko,Guingamp,True,1025.0,410.0
8501,1393,24,0,1.5252734349723722,1.5611351053409874,1.9402187732987957,defender,England,1.0471273654891915,0.0,0.06131752502401496,0.06275920021471307,0.07799874465522796,557,0.058527366776048716,689,0.069487753729773,147,,1628,J. Schlupp,Crystal Palace,True,1026.0,411.0
255387,1396,20,0,1.528057337032597,2.1163618897759187,2.986740333208219,defender,Germany,1.0586305194189325,0.0,0.06129742899271163,0.08489703855834631,0.11981193313729246,359,0.05077979220861065,631,0.0945314471162219,406,0.018945621528566964,2462,C. Salcedo,Eintracht Frankfurt,True,1027.0,412.0
31528,3103,34,1,3.3957867218766538,3.7531435604732377,6.076613596829169,midfielder,England,0.9610326708325209,0.0,0.06128393697231473,0.06773317414969426,0.10966495695212165,546,0.045545162257886934,1454,0.07021836267427035,1103,0.057297278788664766,1610,N. Kanté,Chelsea,True,1028.0,408.0
20583,2033,32,1,2.2203121336077345,2.5460975817723033,2.971020569317098,defender,Italy,1.0214035206936583,0.002951303492375799,0.06115960623808811,0.0701335290601323,0.08183824490002828,589,0.02867241253568193,988,0.0831529940240324,456,0.05546989123415019,3163,Danilo,Udinese,True,1029.0,413.0
232822,2628,34,0,2.866001804181561,3.003871630720311,3.56247316455397,defender,Italy,1.0364882761112597,0.00684931506849315,0.06107157573598456,0.0640094411416809,0.07591267017314395,774,0.059184332247582606,1419,0.06746050113301388,435,0.0435884523374524,3166,A. Masina,Bologna,True,1030.0,414.0
15771,1120,20,0,1.2213744512648712,1.5061214737619628,1.7077857619909083,defender,Germany,0.9547371321917719,0.0,0.061068722563243555,0.07530607368809814,0.08538928809954541,391,0.014434046925718853,523,0.09512681941227985,206,0.06311616684589494,2457,S. Langkamp,Hertha BSC,True,1031.0,415.0
286390,895,17,3,0.9759569008566877,1.1363872617573765,2.606877172449912,forward,Spain,0.8282513437867224,0.0,0.061065459718407274,0.07110356051219338,0.1631118677734023,55,,355,0.1931582232680656,485,-0.029341891173112308,676,O. Dembélé,Barcelona,True,1032.0,209.0
20876,975,19,0,1.0627649873740554,0.9374193345293067,1.4473232497002169,midfielder,Germany,0.9412234851749173,0.0,0.06104086081327908,0.053841520752452486,0.08312830972637143,343,0.019664951529234753,385,0.062434772826585244,247,0.11632539830034118,2450,A. Ekdal,Hamburger SV,True,1033.0,409.0
15051,2642,31,6,2.876658501845372,2.6346040742250114,4.205239996580941,forward,Germany,0.9762400123273003,0.0,0.06097383652662408,0.05584323548697981,0.08913453437113274,816,0.1089349990466911,1086,0.08106797664585014,740,-0.021402575346151836,2454,L. Stindl,Borussia M'gladbach,True,1034.0,210.0
8464,2250,22,1,2.4472830714744216,2.578075197831471,5.574015011424197,midfielder,England,0.9138527862355686,0.0,0.060910156445585596,0.06416542714602771,0.13873104028433558,66,,1045,0.08987866160711376,1139,0.03177456182046951,1625,F. Delph,Manchester City,True,1035.0,410.0
293687,1455,32,4,1.5821756399088234,1.3302613520846331,1.5199782965596156,forward,England,1.0113168124992575,0.0,0.06089473253257327,0.05119906234827454,0.058500882891641556,396,0.20874726712777336,716,-0.0088718077716388,343,0.035831289844866616,1623,D. Calvert-Lewin,Everton,True,1036.0,211.0
5195,998,23,0,1.0844075444363899,1.2303129273207438,1.4257665306341343,midfielder,Spain,0.9926294277462004,0.0,0.06084851952749282,0.06903559512020205,0.08000293157866885,285,0.07376938712693686,569,0.0655147456634658,144,,712,Omar Ramos,Leganés,True,1037.0,411.0
262,1106,20,1,1.2011876921418756,1.0112541076320642,1.1955597244829375,midfielder,England,1.027769988624048,0.0,0.06081962998186712,0.05120273962693996,0.06053466959407278,401,0.001960693642745883,559,0.1161739950905506,146,,10531,L. Fer,Swansea City,True,1038.0,412.0
253333,1338,26,1,1.449968493386351,1.3538606994113287,1.6906048483610854,midfielder,France,1.0932612682183573,0.008968609865470852,0.06068627476056477,0.05666382598433065,0.07075775150091239,447,0.14085367888429765,704,0.008355153102954562,187,,3780,A. Blin,Toulouse,True,1039.0,413.0
282550,1304,23,0,1.411793030330232,1.7774958613438407,2.1862013078199087,defender,England,0.9163860490891793,0.0,0.0606291485417891,0.07633417809452077,0.09388594573459731,483,0.03971005805306055,613,0.09298861014387268,208,0.013838623272455728,1673,F. Hadergjonaj,Huddersfield Town,True,1040.0,416.0
131959,3377,31,2,3.646794813054996,4.130300684752929,6.9339438003329255,midfielder,France,1.058165248650621,0.0011844832691738228,0.06047394419042931,0.06849180880845841,0.11498396589240267,554,0.07561383494391483,1831,0.05847759067261978,992,0.05570360529292759,3775,J. Seri,Nice,True,1041.0,414.0
3278,1616,25,0,1.7438559353493435,1.9512828132990627,2.569373815577354,defender,England,1.0508742753010076,0.0,0.060430651224977254,0.06761871135194772,0.08903770648040335,468,0.0677299019810743,952,0.07006014264133832,196,,1651,Bruno Saltor,Brighton & Hove Albion,True,1042.0,417.0
135901,1498,21,0,1.6162428661885053,1.5248916908765902,2.8452431598794137,defender,France,1.0197526437339286,0.0053404539385847796,0.060420294063121695,0.05700529685519963,0.10636423027586593,347,0.021667975868411554,863,0.07113532470933089,288,0.0750035682502255,3785,Pedro Rebocho,Guingamp,True,1043.0,418.0
273819,1194,18,2,1.2873751882835964,1.2448635227169675,2.2296139385037734,midfielder,France,1.02290416940651,0.002512562814070352,0.06037940581564607,0.05838555885439714,0.10457150800352706,379,0.00585488747966725,535,0.08569214924707529,280,0.08581681550679368,3804,Xeka,Dijon,True,1044.0,415.0
14903,2489,36,1,2.68336599253669,3.2265647306291014,3.653262743224516,midfielder,Italy,1.0401359284434795,0.006830052229811169,0.06037303960709307,0.07259446561479699,0.08219474231441257,539,0.02968577162224851,1396,0.06925798134104888,554,0.06784065473927517,3185,T. Rincón,Torino,True,1045.0,416.0
7887,1810,27,0,1.9498227575868627,1.5502880029550115,2.718842882358374,defender,England,0.9681686100113337,0.0,0.0603260079695383,0.04796471169363572,0.08411889580777289,344,0.015216628686290905,884,0.0797489576790033,582,0.05748707142361053,1610,G. Cahill,Chelsea,True,1046.0,419.0
25649,1579,17,0,1.698863381642861,2.099010076078485,2.6046846251098645,midfielder,France,1.035420619210089,0.0031665611146295125,0.06025101290183675,0.07444240928460745,0.09237640215715795,418,0.04127036858444507,759,0.07393606735397598,402,0.05414890592545873,3782,Y. M'Vila,Saint-Étienne,True,1047.0,417.0
25470,1252,19,1,1.346932848750243,1.7948948355185435,2.6690591220322553,midfielder,France,1.0864832269484608,0.003993610223642172,0.060246197707678605,0.08028283609348118,0.11938283612923825,151,,678,0.07442667030602948,423,0.03554344616590576,3774,S. Prcić,Rennes,True,1048.0,418.0
263803,1439,20,0,1.5476228106293541,1.6497037963893475,2.109916363124524,defender,Italy,1.0948302746803094,0.006949270326615705,0.06022715593832094,0.06419973078374111,0.08210932337385221,249,0.02955421291633605,886,0.07365185053959239,304,0.04622479868749113,3172,T. Castagne,Atalanta,True,1049.0,420.0
83575,756,7,0,0.8126767651777489,0.8658068436467736,1.0373928829889767,defender,Italy,1.145596636220017,0.005291005291005291,0.06019827890205548,0.06413384027013137,0.07684391725844272,57,,341,0.08388855056364308,358,0.04926470929612485,3187,V. Chiricheș,Napoli,True,1050.0,421.0
25764,982,20,0,1.0552025724397092,1.1807515072642143,1.230395618664841,midfielder,France,1.0419251938644438,0.002036659877800407,0.060174484782712534,0.06733409817392669,0.07016512692997057,251,0.005947914266722259,524,0.06735929159687591,207,0.10773984917349487,3780,Y. Cahuzac,Toulouse,True,1051.0,419.0
8277,3386,32,0,3.631555625182522,4.373547053802708,6.733279801279353,defender,England,0.935094390781264,0.0,0.0600611680479094,0.07233273331746948,0.11135961868625037,103,,1501,0.09357008470029547,1782,0.03492251308351742,1625,K. Walker,Manchester City,True,1052.0,422.0
41034,2423,31,1,2.595056868918143,2.387754563368335,4.142593466524867,defender,Italy,1.011016286581411,0.004539826661163846,0.05997655165473215,0.05518541293793922,0.09574297735261765,426,0.1541883411484429,1325,0.046681597475763406,672,0.026467015885108337,3172,Rafael Tolói,Atalanta,True,1053.0,423.0
4511,1205,23,0,1.2904166540157014,1.7638421955893109,2.1869023860724206,midfielder,Spain,0.9080712822208106,0.0,0.059969570643053347,0.08197108958755304,0.10163197810792993,530,0.0881068615354944,473,0.04561720369584785,202,0.01975128050956048,677,Pedro Mosquera,Deportivo La Coruña,True,1054.0,420.0
26508,3246,38,1,3.4737678275298984,3.4916842829719124,5.073305570850734,midfielder,France,0.9181693561427856,0.004004929143561306,0.05992945112189597,0.06023854585533798,0.0875246802118426,1335,0.06770929314351616,1449,0.07021293457897601,462,0.005195995216761903,3777,R. Cohade,Metz,True,1055.0,421.0
7855,2355,25,2,2.5167532149680403,3.0543018988782324,5.560016550589498,defender,England,0.8635328137540903,0.0,0.05984636095040775,0.07262883496270955,0.13221270778471841,647,0.04338088105842992,951,0.0773110425648152,757,0.05197879592373426,1609,L. Koscielny,Arsenal,True,1056.0,424.0
21578,897,13,0,0.9567853967390502,1.1084820899376553,1.4055948388486792,defender,Italy,0.8373336390725212,0.0033444816053511705,0.059732421647031,0.06920289524694392,0.08775174021797776,525,0.058829528908069514,348,0.07690340710039736,24,,3219,G. Di Chiara,Benevento,True,1057.0,425.0
14724,1719,23,2,1.8312116932327074,2.1461844282788736,4.929881357273946,defender,Germany,0.8920703979341452,0.0,0.05965552927343317,0.06991642116557122,0.16060113787512564,103,,688,0.10523871825730627,928,0.023909898704316427,2444,D. Alaba,Bayern München,True,1058.0,426.0
21296,1623,28,4,1.72740416174545,1.7060442623127985,1.9023936353376802,forward,Italy,1.0874781189689673,0.018484288354898338,0.05960236171148811,0.058865359636177894,0.06564019937086266,346,0.18779809036822373,877,0.0818543914398283,400,-0.10007451875597406,3166,R. Palacio,Bologna,True,1059.0,212.0
25743,2046,29,0,2.1760228703200344,2.2333094302737946,4.091309578043514,midfielder,France,1.033440734671033,0.00635386119257087,0.059558788239453535,0.061126748824698186,0.11198110282035034,279,0.05360594519111434,917,0.07566996991370435,850,0.044131599551451905,3771,B. Sarr,Olympique Marseille,True,1060.0,422.0
3465,792,16,0,0.8419862141527156,0.9793223190376946,0.9939307617295603,defender,Spain,0.9323226124052038,0.0,0.05953437877847484,0.06924501245721074,0.07027793264754467,321,0.04943632897000302,300,0.061198371550118,171,,677,Fernando Navarro,Deportivo La Coruña,True,1061.0,427.0
3503,1988,34,10,2.1117614876468913,2.0367175025449655,5.925283455731635,midfielder,Spain,1.0015595293650268,0.0,0.059486239088644824,0.057372324015351146,0.16690939311920097,458,0.12454488567194479,959,0.0895268834411569,571,-0.04315095542836122,678,Raúl García,Athletic Club,True,1062.0,423.0
372753,973,14,1,1.0319006931510963,1.1044051293279742,2.6569648515792443,forward,Spain,1.0655999504337874,0.0,0.059389967951142236,0.06356288514117837,0.15291884037866155,122,,575,0.08675530618219578,276,0.031170074065990844,684,Francis Guerrero,Real Betis,True,1063.0,213.0
3346,2866,31,1,3.0390878174609743,3.4281598513736458,4.745440576856346,midfielder,Spain,1.0188674635446415,0.0,0.05938203690782085,0.06698428181330222,0.09272319340682324,259,0.006554204647276356,1458,0.09518765516884818,1149,0.025855332931235275,676,Sergio Busquets,Barcelona,True,1064.0,424.0
208652,1271,26,1,1.3476341037025439,1.0309671436716838,1.8777990199452386,midfielder,Germany,1.005642049996871,0.0,0.05937648293260618,0.04542420145209622,0.08273544068995545,346,0.02265446611426168,607,0.09520788216072759,318,0.030936729749202075,2457,V. Lazaro,Hertha BSC,True,1065.0,425.0
4365,1020,18,0,1.0810038818638674,1.395033233829674,1.3480162383588297,midfielder,England,1.1002427276301063,0.0,0.05934923272978096,0.07659005989653113,0.07400873465499458,316,0.03814596848190841,562,0.07924278662286169,142,,10531,Roque Mesa,Swansea City,True,1066.0,426.0
37732,2256,28,1,2.3884305848261618,2.5153365285183877,4.4458733821781795,midfielder,Italy,1.0788946426942172,0.0013297872340425532,0.059287284020507564,0.06243743155896707,0.11035855913208248,393,0.03644210130827532,1135,0.06835983881144493,728,0.05747520588615776,3157,L. Biglia,Milan,True,1067.0,427.0
343685,1737,22,0,1.8329432288884107,2.4196601059707836,1.6828586194072992,defender,Germany,1.0541386218826359,0.0,0.05909316109254519,0.07800861596681859,0.05425450931883061,470,0.06265797343747044,1006,0.06769293765581523,261,0.01952673571030564,2451,William,Wolfsburg,True,1068.0,428.0
14988,1227,22,0,1.292944889554714,1.3097776832304735,2.0638181125603556,defender,Germany,0.9815973782874939,0.0,0.05900970971072859,0.05977795457286594,0.09419218769631615,416,0.06433758115067587,601,0.0671667218923859,210,0.02511085809075667,2455,O. Sorg,Hannover 96,True,1069.0,429.0
25883,1676,29,0,1.7652736779755989,1.663226129319444,2.298271743530935,defender,France,0.9680344706535335,0.0065632458233890216,0.058982891388206164,0.05557318809181913,0.07679189596523411,469,0.025818711509149286,832,0.060317118405425384,375,0.09750002068140957,3785,J. Sorbon,Guingamp,True,1070.0,430.0
15054,1517,35,6,1.596568675688167,1.799817428270599,2.9912035166475133,forward,England,1.0420003788065202,0.0,0.05893727477820524,0.0664401951108461,0.11042016936866232,458,0.042118963355717916,825,0.059629717752342826,234,0.08941386100827224,1639,M. Diouf,Stoke City,True,1071.0,214.0
3885,727,13,0,0.7643377348820013,0.8124674669043458,1.3715265028696986,defender,Italy,0.991813524448181,0.009628610729023384,0.05887608411745814,0.06258346375054108,0.1056471584053688,195,,335,0.06516121499185357,197,,698,L. Cabrera,Getafe,True,1072.0,431.0
25557,2503,33,0,2.6305749584278195,2.594365616048082,4.602356125431192,defender,France,0.9648150629645781,0.008389932081502197,0.05885425396402633,0.05804413683527471,0.10296921415267549,395,0.03258321583301945,1057,0.0657782294838775,1051,0.06176426151613388,3766,J. Morel,Olympique Lyonnais,True,1073.0,432.0
327009,1078,18,1,1.131659335219511,1.0925616693067344,1.7510887723298403,midfielder,Germany,1.0355277129733622,0.0,0.05878749793348109,0.05675645035359659,0.09096565051064105,367,0.11601308729482512,625,0.03400835067536828,86,,2450,Walace,Hamburger SV,True,1074.0,428.0
26311,2240,33,0,2.350575042815224,2.7695581117801162,3.2699572253226172,midfielder,France,1.0415971915256879,0.0017857142857142857,0.058764376070380604,0.0692389527945029,0.08174893063306543,669,0.07627735360972993,1150,0.07777913439060465,421,-0.02100558602482689,3804,R. Amalfitano,Dijon,True,1075.0,429.0
7965,2960,36,2,3.105660213811172,2.696589357859332,6.665789786751774,midfielder,Italy,0.9875717951862327,0.0033783783783783786,0.05875573377480596,0.05101655541896034,0.12610953650611464,410,0.1342351414711775,1506,0.049172141623266316,1044,0.04293804471801131,3162,Lucas Leiva,Lazio,True,1076.0,430.0
15487,2107,33,3,2.2103004513608857,2.2437209274253473,2.098501515625612,midfielder,Germany,1.0612445642967623,0.0,0.05874552694646872,0.05963377880200259,0.05577412666114584,569,0.18643869324968415,1201,0.014459290995337092,337,0.0009721078093159335,2453,J. Haberer,Freiburg,True,1077.0,431.0
275384,1405,22,1,1.472622204130545,1.726049167630801,2.2694867860845163,defender,Germany,0.8689019477581851,0.0,0.058695262228690766,0.06879626575610309,0.09045641282614442,717,0.10441737925560714,468,0.011162953334656956,220,0.010796910656457987,2463,Jorge Meré,Köln,True,1078.0,433.0
14870,2172,24,1,2.2737212507230855,2.218566985215648,4.7066096625151435,defender,England,0.9068028762109229,0.0,0.05862264734829318,0.057200622086591296,0.12134905207221365,396,0.042957832224720174,934,0.04611909049031872,842,0.07985968879043456,1612,J. Matip,Liverpool,True,1079.0,434.0
9433,1876,31,0,1.9629484789309881,2.19459260278989,2.3010294909854476,defender,England,1.1146305494586057,0.0,0.05859547698301457,0.06551022694895195,0.06868744749210291,381,-0.008697445701963437,1128,0.09636373252779303,367,0.012372074499272108,1646,J. Tarkowski,Burnley,True,1080.0,435.0
3325,2770,35,0,2.8919062239363553,3.171541988259352,3.7396155592406792,defender,Spain,0.9835864731014002,0.0,0.058464530159002125,0.06411781636914213,0.07560233621569604,1153,0.04610399642065365,1225,0.10083462339386128,392,-0.0375856453828006,677,Juanfran,Deportivo La Coruña,True,1081.0,436.0
20776,1524,23,0,1.5872037393015863,1.9867619422837492,2.3734559649472997,defender,Italy,1.07670750193013,0.0032808398950131233,0.05832244711344412,0.0730043758319488,0.08721360501118686,495,0.05053917976236295,843,0.05256279036723644,186,,3193,L. Rossettini,Genoa,True,1082.0,437.0
7899,2853,34,1,2.9683381071814203,3.1711565781175493,4.175291735059092,midfielder,England,1.0853954986848688,0.0,0.0582639095696318,0.06224492407100692,0.0819545521077144,821,0.119690509725894,1456,0.024013352655690764,576,0.05728747230992156,1619,Oriol Romeu,Southampton,True,1083.0,432.0
7920,1871,24,1,1.94532078789965,2.0471560784946305,4.254069414913564,defender,France,0.9729509680436295,0.00427578834847675,0.058224459712656544,0.06127244275558488,0.12732650306529106,226,0.11791195823009083,821,0.04908905879658651,824,0.05095600035240575,3766,Rafael,Olympique Lyonnais,True,1084.0,438.0
105339,3868,34,5,4.020162454763426,3.4412348525631486,9.917778051036217,midfielder,England,0.9133176930416825,0.0,0.0582029724577952,0.049821393935764305,0.14358727271407137,144,,1599,0.07565495957535937,2125,0.04905760659968334,1625,Fernandinho,Manchester City,True,1085.0,433.0
69404,1135,21,0,1.1763811623196332,1.5100133024538347,2.0946593900741255,midfielder,Spain,0.9608732364324105,0.0,0.05804171373559424,0.07450285897569581,0.10334883334286434,94,,576,0.08288431137535157,465,0.032819260858399646,675,M. Kovačić,Real Madrid,True,1086.0,434.0
4908,1278,16,0,1.3237403337649682,1.5620247498165565,1.9971504470572312,defender,England,0.949880293298869,0.0,0.05800427127608625,0.06844552894344848,0.08751206966760951,193,,617,0.08853775022784582,468,0.0205969406847026,1612,Alberto Moreno,Liverpool,True,1087.0,439.0
26086,1659,32,3,1.7160968142416384,1.9500302955993702,3.8448080364575965,defender,France,1.0322408936957157,0.004219409282700422,0.05792731862419033,0.06582380744639224,0.12978254975384293,592,0.15503810684414762,804,-0.003982107646119602,263,0.02859496917595637,3799,I. Traoré,Angers,True,1088.0,440.0
15777,2404,29,0,2.4857250744208983,2.8287340890979156,3.584641293966202,midfielder,Germany,0.9228192973421476,0.0,0.057903745493997634,0.06589397212540903,0.08350245942683333,1020,0.05376763679221286,938,0.08234871214295304,446,0.01595184450543328,2481,D. Baier,Augsburg,True,1089.0,435.0
14812,2757,37,11,2.847430798571432,3.1949454331331846,9.152111506626486,midfielder,Italy,0.9902223703212892,0.007616974972796518,0.05783682434530295,0.06489551840966933,0.18589707811791195,349,-0.07467465952948205,1390,0.08382712472924121,1018,0.06777787575849133,3161,I. Perišić,Internazionale,True,1090.0,436.0
3828,1622,20,0,1.6747545806465909,1.6773344974453048,2.707034495943373,defender,Spain,0.947174707079463,0.0,0.05782136653280462,0.05791043887604012,0.09346111699927799,357,0.05858502709710197,810,0.06158859866677609,455,0.05051568554385727,687,Raúl Navas,Real Sociedad,True,1091.0,441.0
146569,731,11,0,0.7544783493672522,0.7180499693796593,0.9639535870528475,defender,Germany,0.9402942818728129,0.0,0.057798614999406465,0.055007931990781016,0.07384596562921951,224,0.04968944186779628,382,0.06127106594501264,125,,2453,M. Kempf,Freiburg,True,1092.0,442.0
3650,1678,30,1,1.7304420363472754,2.1283122391821885,3.015707823125123,midfielder,Spain,0.9764098838766322,0.0,0.057750151391804186,0.07102829880464992,0.10064340768474785,488,0.02944343107661632,791,0.09455641259734311,399,0.019404103522707404,696,Tomás Pina,Deportivo Alavés,True,1093.0,437.0
25745,1705,32,5,1.756494808539095,1.7297687598554075,3.1311601334087693,forward,France,1.1034036210138551,0.008211143695014663,0.05769132508984711,0.056813519385280245,0.10284162315008274,483,0.08258280140413314,923,0.07943065894912897,299,-0.04962636123763559,3780,A. Delort,Toulouse,True,1094.0,215.0
279717,939,14,0,0.9649764055106171,0.9550239327018096,1.3653371840634165,midfielder,England,1.0638357108655558,0.0,0.057549178603402085,0.056955633899149455,0.08142585975245083,176,,472,0.07321374975600484,291,0.03145875330454755,1609,A. Maitland-Niles,Arsenal,True,1095.0,438.0
25397,2132,25,1,2.1902596552789544,2.921301674763639,4.1186858113073574,defender,Spain,0.9621386370928092,0.0,0.05753027237130462,0.07673212654163404,0.10818311699493997,217,0.09123518833981284,971,0.07460761794491853,944,0.032216639620091275,676,S. Umtiti,Barcelona,True,1096.0,443.0
26499,1693,27,0,1.736441664226799,2.0163543624602904,2.3056372234052964,defender,England,1.0024076850396189,0.0,0.05743693632409967,0.0666957142928389,0.07626443267022835,420,0.02020404652940094,865,0.08078165218277969,408,0.046271824794725296,1633,A. Masuaku,West Ham United,True,1097.0,444.0
22889,1105,24,1,1.1321129819921185,1.214060931545657,2.241522524573779,defender,England,1.0602158463027465,0.0,0.05737405157607116,0.06152706983398805,0.11359752160735893,164,,629,0.057389156761050046,312,-0.008483708304219777,1610,D. Zappacosta,Chelsea,True,1098.0,445.0
360992,1770,30,2,1.8103324178989622,1.985338106963732,2.5209095664570325,midfielder,Germany,0.9275285636889058,0.0,0.05727605389962818,0.06281295705647966,0.07975759080316035,576,0.0895697664092976,723,0.09469096695550447,471,-0.03964997698140824,2454,D. Zakaria,Borussia M'gladbach,True,1099.0,439.0
20749,2542,33,1,2.595917995801937,2.772598882266072,3.4123870409423707,midfielder,Italy,1.1168139301875577,0.006294256490952006,0.057187807932694124,0.06108006979028325,0.0751745374873221,604,0.03549678748844788,1505,0.0817416233452432,433,0.0021020900399420996,3193,A. Bertolacci,Genoa,True,1100.0,440.0
22107,2786,25,2,2.844258551158417,3.2448205196122966,4.44229860591948,defender,Italy,0.9983685942774495,0.003230437903804738,0.05717102615393803,0.06522252300728235,0.0892924342898388,462,0.03585940517714336,1436,0.08982795662723633,888,0.01544874769855826,3187,Mário Rui,Napoli,True,1101.0,446.0
3308,2162,34,1,2.2062648961920277,2.0463738719665003,1.9972291958076203,defender,France,1.1682015160664025,0.016651248843663275,0.057146546802383694,0.05300505866333211,0.051732116080123375,518,0.0398924086765773,1405,0.07232796156553421,239,0.005296152689167183,3787,Pedro Mendes,Montpellier,True,1102.0,447.0
3566,815,11,0,0.8305422583620308,0.9602381465650425,1.1177172999035105,midfielder,Germany,1.1095749139973308,0.0,0.05706793431690027,0.06597955362900905,0.07680020710993446,171,,447,0.0725276531526744,197,,2451,Camacho,Wolfsburg,True,1103.0,441.0
263105,2134,33,0,2.167883033889658,2.3673968841170128,3.399633378971013,defender,Spain,1.0161173189063566,0.0,0.056889151779672374,0.062124754222377086,0.08921249729258515,491,0.04902138157250865,1008,0.10864148891586861,635,-0.019179006742482622,756,Pablo Maffeo,Girona,True,1104.0,448.0
3345,1719,19,2,1.74602757231839,2.341856167948745,3.69656594281444,midfielder,Germany,0.7675377904354529,0.0,0.0568804793774461,0.07629083502334481,0.12042332332612486,319,0.028955631889020048,613,0.08148838367045819,787,0.04903217063181903,2444,Thiago Alcântara,Bayern München,True,1105.0,442.0
26543,701,24,3,0.7115132336346898,0.5936510415787228,1.6780793899453212,forward,France,0.9472373450217898,0.018544935805991442,0.05683985889235753,0.04742433427733021,0.1340548442752325,307,-0.13059463132663549,239,0.3236497251277707,155,,3779,J. Blayac,Strasbourg,True,1106.0,216.0
89559,2521,27,1,2.55739274866472,2.791121342364454,3.62957190070054,midfielder,Germany,0.9526990776057307,0.0,0.056808406951695485,0.06200031541944047,0.08062515923809212,623,0.04709924523028828,1255,0.06392543603085105,643,0.052324637524162755,2446,C. Aránguiz,Bayer Leverkusen,True,1107.0,443.0
132,942,16,0,0.955551820306009,0.8163928892720421,1.8685835086785898,defender,England,1.0301916946477634,0.0,0.05680562838337209,0.04853291061489847,0.11108352068577604,224,0.0030130379729276027,471,0.05933950928227293,247,0.10075737878238937,1673,T. Kongolo,Huddersfield Town,True,1108.0,449.0
26368,1228,18,0,1.244096540928753,1.5227568851538889,1.607664778238031,defender,France,0.9231552849664135,0.004071661237785016,0.05673404421173466,0.069441682059135,0.07331370324212519,554,0.04221726979018533,505,0.07209984635839362,169,,3799,A. Bamba,Angers,True,1109.0,450.0
235555,1552,24,2,1.572209389359211,1.4453658571669659,2.8417979987268587,midfielder,England,1.1134071380016726,0.0,0.05672920477069319,0.0521523762895297,0.10253910304684542,337,0.21996020836743443,929,0.010601890287048383,286,0.014223704572106578,1628,R. Loftus-Cheek,Crystal Palace,True,1110.0,444.0
21314,720,19,0,0.7285039363158642,0.8262480259097829,1.3093565486150616,midfielder,Italy,1.0230703405020374,0.004166666666666667,0.056661417269011666,0.06426373534853867,0.10183884267006034,234,0.03846782185083522,261,0.08875210826834694,225,0.03835755494468623,3163,E. Hallfreðsson,Udinese,True,1111.0,445.0
86366,1768,26,1,1.7873665173635516,1.9446215937649771,1.3155170249752395,defender,Italy,1.0463746307173327,0.007352941176470588,0.056613419102012945,0.06159434912377756,0.04166796006708903,420,0.13966667359342044,956,0.019090348290450195,392,0.05913813545268346,3172,J. Palomino,Atalanta,True,1112.0,451.0
20609,1065,16,0,1.074453149229368,1.5101405686267608,1.5349508275675767,defender,Italy,0.9421414433104266,0.0018779342723004694,0.05649706700173203,0.07940645243483437,0.08071102943078337,490,0.04189663495282474,548,0.06603930404858463,27,,3219,A. Costa,Benevento,True,1113.0,452.0
377071,2321,38,5,2.335831977537319,3.7274799741058406,0.5947641413622113,forward,England,0.9839732779607331,0.0,0.056357859001331265,0.08993488950880098,0.014350190399088253,811,0.028786813810426318,1025,0.095742850065473,485,0.019224873040668618,1644,Richarlison,Watford,True,1114.0,217.0
8897,2113,30,0,2.1264991575737855,2.5034930068720502,3.3907232757362005,midfielder,England,0.9952569755283446,0.0,0.05635776281312446,0.06634908110971832,0.08986299263664327,536,0.05867587220990648,1148,0.05614352857453307,429,0.05403476577169735,1673,J. Hogg,Huddersfield Town,True,1115.0,446.0
56026,1976,30,1,1.9878898991463267,2.340045009098233,3.463858266084202,defender,Italy,0.9841506673915865,0.00708502024291498,0.05633696070455177,0.0663170650351726,0.09816602373517981,597,0.021672045623029917,867,0.09863552086623864,512,0.025130129930110438,3163,J. Stryger Larsen,Udinese,True,1116.0,453.0
26495,1666,25,0,1.670215522198261,2.208557608302635,2.3787276987336545,defender,England,1.0630603320408833,0.0,0.05614169822515164,0.074237230531181,0.07995723357087914,472,0.017560545894752862,876,0.08086832081012649,318,0.04529195770788825,1651,G. Bong,Brighton & Hove Albion,True,1117.0,454.0
114,2130,32,1,2.1349146282354785,2.23243386882291,3.2262149562733407,midfielder,Italy,1.0031172794820513,0.006572769953051643,0.056129210883186294,0.05869309702069623,0.08482067490671694,378,0.032422024561770624,1012,0.04934442700402284,740,0.07751774833617081,3158,K. Strootman,Roma,True,1118.0,447.0
15937,2835,30,0,2.812371818615842,3.282115782554518,4.703922027522237,midfielder,Germany,0.9681557493730446,0.0,0.05555302357759688,0.06483191669243492,0.09291697832142691,795,0.04629345703262057,1284,0.07334674294342118,756,0.03506918725158863,2975,D. Demme,RB Leipzig,True,1119.0,448.0
21001,3494,35,0,3.46521693005126,3.6991332162739563,5.602938869938168,defender,Italy,1.0305382187810685,0.007155123068116772,0.05553868004661436,0.05928776763346925,0.08980096643289565,453,0.05828218183629899,1773,0.07311641466608243,1268,0.029980218066295704,3187,E. Hysaj,Napoli,True,1120.0,455.0
274435,1191,30,6,1.180218698247709,2.197101164220237,1.5432704870022051,forward,Spain,0.954818445833278,0.0,0.05549307061450185,0.10330618404394061,0.0725635157616486,351,0.07571002181044909,486,0.09419481528893077,354,-0.0176854541921364,682,E. Ünal,Villarreal,True,1121.0,218.0
229427,2061,28,0,2.0412452429105654,2.181325003042738,2.5037908515855,defender,France,1.0727777242608256,0.004366812227074236,0.05546323804123807,0.059269383876949695,0.06803119247393886,559,0.030626390388177605,1279,0.06768474267599552,223,0.047626885620637285,3783,A. Djiku,Caen,True,1122.0,456.0
70086,3938,34,4,3.8990584166000564,4.073202634758891,7.205051168844607,defender,England,0.9409119760944027,0.0,0.05544623446663361,0.057922637772091896,0.10245882820093906,178,,1778,0.061813308218005486,1982,0.029370159479189768,1625,N. Otamendi,Manchester City,True,1123.0,457.0
8240,816,12,0,0.8078875800915983,0.9272599663895166,1.1267886337064055,defender,England,1.085368876223951,0.0,0.055443265300403805,0.06363548788947664,0.07732863172494939,127,,518,0.07037752242315294,171,,1623,S. Coleman,Everton,True,1124.0,458.0
20401,1319,21,0,1.3029493855093086,1.4954417484548888,1.9189141498371964,midfielder,Spain,0.9377314322581439,0.0,0.0553185485887197,0.06349108257276252,0.08147019893167778,464,0.018172706913948296,775,0.07358372857094095,80,,714,A. Aquilani,Las Palmas,True,1125.0,449.0
116349,2293,29,3,2.2617689210429406,3.021429097698943,4.50065392732597,midfielder,Italy,1.101818648018445,0.006977758395115569,0.055237269768166015,0.07378980788100341,0.10991566503718024,246,0.22169185399040853,1348,0.02458716838827929,699,0.05576446424801672,3161,M. Vecino,Internazionale,True,1126.0,450.0
49997,1281,20,1,1.262349951878595,1.427594961566333,2.509826508132513,midfielder,Germany,0.9932591255103376,0.0,0.05518469734988394,0.06240852291000363,0.10971919161235029,268,0.06245390544689262,637,0.06161804420704809,376,0.039104405546660795,2482,S. Zuber,Hoffenheim,True,1127.0,451.0
14688,963,21,0,0.948846431655741,1.2488281689254987,1.250123917509002,defender,England,1.0065120688385014,0.0,0.05517694721985617,0.07262136807874135,0.07269671794444871,287,0.025387672740397323,530,0.06083443364311154,146,,1644,S. Prödl,Watford,True,1128.0,459.0
8677,1150,21,3,1.132945601711912,1.1471898099566102,3.154643056047111,forward,England,0.9556835473175551,0.0,0.05516952495292789,0.05586315596310449,0.1536174009901202,351,-0.018553738226394067,557,0.14100139422995137,242,-0.03545644947417984,1633,M. Antonio,West Ham United,True,1129.0,219.0
14943,1640,32,5,1.6133929036316212,1.9947710590776948,1.5465366745538718,forward,Italy,0.9987541322988025,0.003658536585365854,0.05509146500205536,0.0681141337246042,0.05280856937501025,59,,790,0.09936933355781405,791,0.025501514772470587,3159,M. Mandžukić,Juventus,True,1130.0,220.0
292991,1534,24,1,1.503842108158312,2.1112823983250153,1.7647882333654197,defender,Italy,0.8815867287752512,0.001303780964797914,0.05489906001099444,0.07707419446297319,0.06442512455571285,663,0.005342953167443881,658,0.1056194893923609,213,0.05246552153369347,714,M. Lemos,Las Palmas,True,1131.0,460.0
211853,1274,19,0,1.2486764280449802,1.0794619390495266,1.6526829337997069,defender,Spain,1.1795871456775548,0.0,0.05488687595802111,0.04744887644173743,0.0726454036835036,199,,862,0.06962143171766927,213,0.07322851767008999,674,Rúben Vezo,Valencia,True,1132.0,461.0
372752,1753,33,1,1.7165442020938295,1.7832879604305019,2.8713621232059183,midfielder,Spain,1.0547504132253336,0.0,0.05483541090545035,0.05696755606623394,0.0917263427835319,239,0.1867533569829443,914,0.045415911045417534,600,0.01663713383803189,674,Carlos Soler,Valencia,True,1133.0,452.0
3866,1091,20,0,1.0670119787381318,1.3270590695671598,1.695817045903504,midfielder,Spain,0.9817759148073537,0.0,0.05476871751543115,0.06811668918034917,0.08704468796571607,476,0.04131430350450306,482,0.07209480203344726,133,,683,M. Iturra,Málaga,True,1134.0,453.0
30427,1449,27,1,1.4156456648509628,1.4151406866537735,1.9751300000479537,midfielder,France,0.9999101483529554,0.0027605244996549345,0.05471094356911933,0.05469142750352748,0.07633352657190158,519,0.11069164587464125,661,0.033880661430448974,269,-0.0021112423152850205,3804,J. Marié,Dijon,True,1135.0,454.0
8336,3098,34,0,3.0139580855990835,3.1729083123285142,4.290808547499293,defender,England,0.9985337022326181,0.0,0.05448084338074522,0.05735405600077366,0.07756141983859277,1090,0.055958307162174065,1662,0.0586016508111168,346,0.030032237973129608,10531,K. Naughton,Swansea City,True,1136.0,462.0
356903,1565,23,0,1.520689903027783,1.9229392074989093,1.7599007980774957,midfielder,Germany,1.0718965988774454,0.0,0.05441446298374175,0.06880804831944978,0.06297408606539281,529,0.05464012599927797,798,0.06499330416094326,238,0.018442652081954076,2463,S. Özcan,Köln,True,1137.0,455.0
22163,2131,35,1,2.0705322795706738,2.2308920235866623,2.6604702479118183,midfielder,Italy,1.0841535664803066,0.00328484279680901,0.054410984352866135,0.05862503675309859,0.06991381223982254,600,0.0811145262093052,1170,0.05094965519155971,361,0.02124652453254778,3315,S. Missiroli,Sassuolo,True,1138.0,456.0
280115,1848,24,0,1.7916955240730312,2.3850244884642597,3.5491849877938484,midfielder,France,0.9529793737704884,0.004329004329004329,0.054293803759788824,0.07227346934740181,0.10755106023617723,327,0.10065580835456689,758,0.05610974921820463,763,0.03262032779652329,3771,M. Lopez,Olympique Marseille,True,1139.0,457.0
41127,894,15,0,0.8656235329225744,0.7495268015972655,0.656632245453601,defender,France,0.9280118028855402,0.003355704697986577,0.0542225031808324,0.04695022470855354,0.04113132633713832,140,,373,0.09385683231140711,381,0.03138396835958874,3772,Pablo,Bordeaux,True,1140.0,463.0
14852,2417,27,0,2.3394213250026397,2.8343831646682487,3.933544272926507,defender,Spain,0.9682599768109452,0.0,0.05420256276381788,0.06567044154796108,0.09113714492506594,670,0.0714170360215086,1185,0.06274422895184623,562,0.01566951736263217,680,Sergio Escudero,Sevilla,True,1141.0,464.0
293862,721,20,0,0.697299813746463,0.9765946892247342,0.7792821809214805,forward,Spain,1.1139453405367958,0.0,0.05415920883467674,0.07585201469706673,0.06052677133370722,241,0.03125723137878871,414,0.07850272563177321,66,,714,Nacho Gil,Las Palmas,True,1142.0,221.0
55979,2512,38,0,2.423605562913392,2.617132992571531,4.164700826504944,defender,England,0.9452184440618369,0.0,0.05402942337705015,0.05834372913376024,0.09284364899851787,815,0.030829962182831665,1287,0.06636725057378855,410,0.061416685013844605,1673,M. Jørgensen,Huddersfield Town,True,1143.0,465.0
328333,1663,28,3,1.6014552405971338,1.7121057153473358,4.773135246630254,midfielder,Italy,1.007113161947936,0.0024052916416115455,0.0539275366647261,0.057653589933524235,0.16073095238201696,163,,850,0.07471525963829843,650,0.023208060037289292,3158,L. Pellegrini,Roma,True,1144.0,458.0
167641,2895,38,0,2.787732139291659,3.4949828605676525,4.130363133764445,midfielder,Spain,0.9200756885895334,0.0,0.053925043108923286,0.06760588607661089,0.0798964889432846,957,0.055021163870154294,1297,0.06365805630829545,641,0.03259476902454922,692,S. Lobotka,Celta de Vigo,True,1145.0,459.0
20723,1383,22,0,1.331523249884994,1.3614938599689517,1.9829906336098089,defender,Italy,1.0157854904920787,0.010845986984815618,0.05391561966273295,0.05512918015781727,0.08029463158506818,556,0.024829827626488235,695,0.07698147341477798,132,,3204,B. Salamon,SPAL,True,1146.0,466.0
8460,1823,27,1,1.7535422636444324,2.1275372704106705,3.1214569750909273,defender,England,1.0535616348630754,0.0,0.05386635587717401,0.06535495729182532,0.09588677487937022,507,0.05464172572050176,1069,0.06531348509291855,247,0.0027323735200966907,1659,A. Smith,AFC Bournemouth,True,1147.0,467.0
3704,882,20,0,0.8474477234396499,0.8384061575570609,0.8845403916894237,midfielder,Spain,1.0520461742713008,0.0,0.053806204662834915,0.0532321369877499,0.0561612947104396,294,0.059860600486438584,413,0.04387768689477002,175,,701,P. Diop,Eibar,True,1148.0,460.0
8307,1747,17,1,1.6784696634877605,1.7813252849242296,2.53581944259519,defender,England,0.8808612660408345,0.0,0.05380326339743251,0.05710029533815504,0.08128556885250751,85,,737,0.08517380232829164,925,0.025566757002459917,1625,V. Kompany,Manchester City,True,1149.0,468.0
8086,2542,36,0,2.4415780973213534,3.034477737856228,3.943451143423788,midfielder,England,1.0275410351927468,0.0,0.05378771575530912,0.06684923419352823,0.08687382534686551,791,0.048530837089004096,1342,0.07773201700463499,409,-0.014610967011312008,1651,D. Stephens,Brighton & Hove Albion,True,1150.0,461.0
134540,1590,20,2,1.5261881667236752,1.5257358924347681,3.4548704185737873,defender,France,0.9666695077511713,0.0025157232704402514,0.05375253920536215,0.05373661004801699,0.12168097071706421,181,,714,0.019165383455443837,695,0.03855795510749565,3767,L. Kurzawa,PSG,True,1151.0,469.0
15215,2317,37,0,2.217037188717868,2.766899975224604,3.897254947284326,defender,England,0.97376114461873,0.0,0.05358398039197264,0.06687371541328349,0.09419347304614685,668,0.004531860998462395,1276,0.0870440999145406,373,0.02696656281574775,1673,C. Schindler,Huddersfield Town,True,1152.0,470.0
149053,1083,20,1,1.0315521492905226,1.1852514756042878,2.15475677761945,midfielder,France,1.030979755015516,0.0046168051708217915,0.05333972332434835,0.061287241582493185,0.11141863300709991,298,0.03294778153916762,621,0.03876347177732101,164,,3795,R. Walter,Troyes,True,1153.0,462.0
3803,2349,38,1,2.236158707950839,2.485353068095716,3.353726735581137,midfielder,France,1.0411437273225417,0.0,0.053309871283630045,0.05925064785583657,0.0799526169402059,597,0.03205447036697983,1257,0.09171390146689475,495,-0.018577788500457965,691,Sergi Darder,Espanyol,True,1154.0,463.0
4371,1712,24,0,1.6260328472385137,1.4698197752856563,2.371340890709187,defender,Spain,0.945731728671815,0.0,0.053187990330231756,0.04807821694859623,0.07756722539702947,746,0.04582763864966578,774,0.06559092416434496,192,,714,Dani Castellano,Las Palmas,True,1155.0,471.0
20928,1948,30,1,1.8447961988472028,1.641511010794557,2.7656483525644338,defender,Italy,1.0409581523499136,0.0077002053388090345,0.05303315561367729,0.047189228236393835,0.07950529144949091,689,0.07973261803776487,1028,0.03645622105271865,231,0.047168043572418134,3204,Felipe,SPAL,True,1156.0,472.0
260002,2117,32,1,2.0008444387838145,1.9619572235554972,2.491493527920983,midfielder,France,1.0837133332023479,0.0051960321209258385,0.052927391862018704,0.051898726744973,0.06590630021897735,577,0.10076526982731139,1154,0.03638376485061673,386,0.03087788405161459,3770,V. Rongier,Nantes,True,1157.0,464.0
25427,1121,15,0,1.0581361153059419,1.2007730215596104,1.7827353451774832,defender,France,0.8574800188421232,0.0,0.05285960968522101,0.059985092959266885,0.08905725185543181,483,0.03726943276894204,412,0.08503232296968172,226,0.027527298080641045,3775,C. Jallet,Nice,True,1158.0,473.0
165425,1483,28,1,1.3986881537390243,1.3513305643513642,1.829447593608109,midfielder,Germany,0.9195242543403277,0.0,0.052816275528917975,0.05102799164104949,0.06908230967097377,374,0.01248771827201159,708,0.07596854668678245,401,0.049552117011000124,2446,D. Kohr,Bayer Leverkusen,True,1159.0,465.0
36,1245,14,0,1.17193979942338,1.3253865054857048,1.4561781844093573,defender,England,1.0195832267655476,0.0,0.05271375804635283,0.059615778559999576,0.06549877777262973,134,,738,0.06951150089314949,373,0.0036346851357263632,1624,T. Alderweireld,Tottenham Hotspur,True,1160.0,474.0
286226,762,21,0,0.7169300218303077,0.8563411008103704,1.7520633686580467,midfielder,Italy,0.6692431754181513,0.010498687664041995,0.05268777063319847,0.06293320425902985,0.12876056252605067,180,,171,,411,0.03805803482569348,3157,M. Locatelli,Milan,True,1161.0,466.0
86828,1842,24,1,1.7311830462487994,1.8460254547418513,2.2924214777342393,midfielder,Spain,1.0353941743082629,0.0,0.05263097209008293,0.05612238081734184,0.06969359541428741,428,0.11486092136024509,975,0.04457994912450612,439,0.009841288955249177,680,G. Pizarro,Sevilla,True,1162.0,467.0
15781,1488,28,2,1.3963678057284103,1.4993040496201782,1.8414634418999116,midfielder,Germany,1.019579162731005,0.0,0.05255147655967136,0.056425421222264766,0.06930238759838377,525,-0.0042641811648364315,673,0.10495339502629103,290,0.03379881855046984,2481,Ja-Cheol Koo,Augsburg,True,1163.0,468.0
25405,1117,16,0,1.0478637946973903,1.1499029152806424,1.8311401671367173,midfielder,Italy,0.9784437110189322,0.0008952551477170994,0.0525339055533159,0.05764956423967411,0.09180290900595897,178,,451,0.05335550328523747,488,0.04169021761386428,3158,M. Gonalons,Roma,True,1164.0,469.0
26332,1320,23,1,1.2381183939237008,1.0592590839926832,2.835176557019197,defender,France,1.0399651073561245,0.005303030303030303,0.05252623489373276,0.04493826416938656,0.1202802175705114,425,0.09106443632517883,776,0.02658735766505984,119,,683,P. Baysse,Málaga,True,1165.0,475.0
339791,987,22,1,0.9249736553143708,0.8976823382418228,0.8202441736211132,forward,Italy,1.0054778720797322,0.0070921985815602835,0.05248077476960969,0.050932331247762995,0.04653867651750997,204,0.042862019468770184,537,0.07372110861015664,246,0.014091208952526562,3185,Álex Berenguer,Torino,True,1166.0,222.0
15214,904,17,0,0.8464793623600552,0.34647274961243946,1.3051027186710455,defender,Spain,1.0011083150567592,0.0,0.05243677465947244,0.021462913692805983,0.08084707106811787,198,,371,0.022569648625699344,335,0.06241949561760351,682,A. Rukavina,Villarreal,True,1167.0,476.0
285109,2955,37,5,2.7555002550389336,2.861376514013653,3.825222598803152,midfielder,Italy,1.0134607729160445,0.009137055837563452,0.052219294173326665,0.05422574781210307,0.07249152809914604,516,0.07836411130569504,1465,0.07977264404150433,974,-0.003074733749858517,3157,F. Kessié,Milan,True,1168.0,470.0
3407,1390,26,0,1.2900407369117501,1.5458040983777146,1.900320183499972,defender,Spain,0.9595287108867596,0.0,0.05197286422090504,0.06227699964687195,0.07655966206906362,388,0.03062469755358774,620,0.08899314858515171,382,0.013571064119036387,756,Ramalho,Girona,True,1169.0,477.0
8311,1493,27,0,1.3803497336451425,1.9958776813075119,1.3440401803601418,defender,Spain,1.1437230415771655,0.0,0.05177467185808974,0.07486212334442108,0.05041275961163291,95,,1030,0.06428764532638541,368,0.028058534157053134,679,S. Savić,Atlético Madrid,True,1170.0,478.0
379209,907,26,0,0.8383135990192793,1.0083995023649879,1.3355167568080568,defender,England,0.9277214393351529,0.0,0.051759163776273036,0.06226060874579859,0.08245748443357352,288,0.0030168120443119263,457,0.08715468666927392,162,,1633,D. Rice,West Ham United,True,1171.0,479.0
25947,1043,26,0,0.9618226092104424,0.906853981413198,1.5633230137704144,defender,France,1.0087718604563711,0.00862895493767977,0.05164148237371503,0.04869014665305761,0.08393680610847862,355,0.036515537722663124,559,0.050798995065738095,129,,3783,B. Sankoh,Caen,True,1172.0,480.0
86486,1332,25,0,1.2281205505174504,1.4794550043046457,2.0214800438140896,midfielder,France,0.9130074255345638,0.0037537537537537537,0.051632695817550464,0.06219930949028541,0.08498714898918094,505,0.026426925763592558,597,0.0782126220613724,230,0.037983556294450646,3777,G. Poblete,Metz,True,1173.0,471.0
208716,782,15,0,0.7210108335396099,0.7381082524666791,0.9084738566606217,midfielder,Germany,1.0063342132225461,0.0,0.05163248935833523,0.05285685695413559,0.06505695137211615,162,,368,0.07521363210159024,252,0.058635680461127264,2449,A. Schöpf,Schalke 04,True,1174.0,472.0
149091,1100,16,0,1.014067993282858,1.1765024508605197,1.4860017523401128,defender,Germany,1.0482266548427959,0.0,0.05162527965803641,0.05989467022562646,0.0756509983009512,308,0.059502218458967644,568,0.05597897637446829,224,0.02975475784723228,2451,M. Tisserand,Wolfsburg,True,1175.0,481.0
7936,2669,27,6,2.4518003737782603,2.799512729063113,6.932949816602254,midfielder,England,1.015249414290952,0.0,0.051442795403365514,0.058738371235494316,0.14546466456715107,435,0.19158951921471368,1410,0.01943485877172135,824,0.03222843350128038,1611,P. Pogba,Manchester United,True,1176.0,473.0
14997,1005,25,0,0.9220247274426906,1.0307743269056318,1.3600966197851352,midfielder,Germany,0.9590062273871027,0.0,0.05137650222566236,0.0574361813997168,0.07578647831638564,397,0.02162740939186126,422,0.0637498066327041,186,,2481,J. Schmid,Augsburg,True,1177.0,474.0
14770,1162,19,0,1.061896272812838,1.225684584468462,1.2367018271548837,midfielder,Germany,0.9153646954933745,0.0,0.051175723990980145,0.059069136600889735,0.05960008805565705,218,0.0322753617951162,449,0.1001201568816568,495,0.01510345851781758,2447,G. Castro,Borussia Dortmund,True,1178.0,475.0
209400,1826,31,4,1.667331425033149,1.6622100745920134,2.746207937844887,forward,Italy,1.0984660949319573,0.012048192771084338,0.051133931983491976,0.05097686975747686,0.08422105395362195,428,0.10465949539956433,1116,0.0414835839118082,282,0.008087291224343466,3315,D. Berardi,Sassuolo,True,1179.0,223.0
301013,1727,27,0,1.5761556771249319,1.9309892764115777,2.014921694229293,defender,France,1.106573072675185,0.005790387955993051,0.051108695957727955,0.06261459147599788,0.0653361985389927,349,0.0441504478325574,1005,0.05534072884154533,373,0.046216566058124936,3774,J. Gelin,Rennes,True,1180.0,482.0
3413,1517,26,0,1.3802852508859453,1.1641859269759587,2.2283832525080913,midfielder,England,1.014064894355854,0.0,0.050953179993152894,0.04297588128586268,0.08226068697459005,218,0.0032727071043850676,855,0.0620089284492938,444,0.053074076749348637,1611,Ander Herrera,Manchester United,True,1181.0,476.0
290119,2233,35,0,2.030776088457372,2.2616874750991953,3.5058296177488484,defender,France,0.9152353274873966,0.005821764442454098,0.050928553942504624,0.05671943511220552,0.08792049198116235,961,0.050016015382526764,971,0.04385621173382742,301,0.07665677268258536,3777,M. Niakhaté,Metz,True,1182.0,483.0
4361,1425,23,0,1.2939589381610588,1.825143741112852,1.5110305074411747,midfielder,Spain,0.9545727313159048,0.0,0.05085031616632933,0.07172494701917173,0.05938084801172336,607,0.02388333038492014,709,0.07143347136266201,109,,714,Javi Castellano,Las Palmas,True,1183.0,477.0
71703,1100,16,0,0.9968939755628032,1.248794220434295,2.206961710472272,defender,England,0.9888210761754751,0.0,0.050750966028651805,0.06357497849483684,0.11235441435131567,231,0.09144892406398358,559,0.0549930657343657,310,0.012774959442665624,1611,V. Lindelöf,Manchester United,True,1184.0,484.0
40614,2212,31,0,2.0029340542500464,2.3332074946667825,2.751329655202815,midfielder,Spain,1.0128192979000437,0.0,0.05070719124683662,0.0590685441687793,0.06965391532159024,888,0.018064633320323736,1061,0.07898107384250586,263,0.04685929012416883,677,Guilherme,Deportivo La Coruña,True,1185.0,478.0
212644,1158,27,1,1.047989705094273,1.1025455993409856,1.3465651511244014,midfielder,Spain,1.001745885482811,0.0,0.05067998573858315,0.053318267325643515,0.06511886741188815,369,0.00033653969797949946,527,0.09484161122188789,262,0.032754622987747825,701,G. Escalante,Eibar,True,1186.0,479.0
8242,2256,37,0,2.0411690105360796,2.4041661189668573,2.740635958539238,defender,England,1.0286728087411707,0.0,0.05066731586437077,0.05967788238570214,0.06802997060203783,680,-0.007760460665870197,1247,0.0784598891545457,329,0.06608843789390177,1651,S. Duffy,Brighton & Hove Albion,True,1187.0,485.0
5677,735,19,0,0.6644369192521543,0.832870086952954,1.075239757788451,defender,Spain,1.1194864464044034,0.0,0.050623765276354614,0.06345676852974887,0.08192302916483436,158,,411,0.13254081572179033,166,,698,Bruno,Getafe,True,1188.0,486.0
20393,836,15,0,0.7526498966819077,0.767262160012256,0.7584545776247653,defender,Spain,0.9745501117188636,0.0,0.05041673949065411,0.051395551388380784,0.05080556979304648,247,0.07975077910208202,370,0.045098699897560615,219,0.026317044812215324,682,D. Bonera,Villarreal,True,1189.0,487.0
14745,1471,20,0,1.3237783514626518,1.864957552100302,2.20283606162581,defender,Italy,0.973813801109309,0.006118286879673691,0.050395368920400065,0.070997704226796,0.08386051628215184,327,0.06041453266953542,730,0.09257822018090017,414,-0.031898708292479996,3185,C. Molinaro,Torino,True,1190.0,488.0
21280,1659,31,0,1.4920471728006688,1.5396702374481739,2.5539090674769613,defender,Italy,0.856628611764275,0.004219409282700422,0.0503644615291365,0.051971991137491104,0.08620790101188056,770,0.04320400395035096,612,0.08465995836754289,277,-0.005503017638516398,3197,M. Sampirisi,Crotone,True,1191.0,489.0
28291,1848,29,2,1.659301533556523,1.4590576859085023,1.8373942117244406,midfielder,England,1.001603000199752,0.0,0.050281864653227974,0.04421386926995461,0.055678612476498204,146,,959,0.10530644386838034,743,-0.01604395723860217,1610,T. Bakayoko,Chelsea,True,1192.0,480.0
339964,770,14,0,0.6886148533626602,0.5542069042030942,0.9170855278266206,defender,France,0.984551957719551,0.0025974025974025974,0.050081080244557104,0.04030595666931593,0.0666971292964815,256,0.03624457873166061,352,0.03508812862325651,162,,3779,Y. Salmier,Strasbourg,True,1193.0,490.0
8291,1030,14,1,0.919797611815742,0.40138055477343976,1.41805860074384,midfielder,Italy,1.0636786126061402,0.0048543689320388345,0.050008413846292774,0.021822632104187015,0.07709833169092722,312,0.1530883925244131,597,0.018614587485772653,121,,3219,Sandro,Benevento,True,1194.0,481.0
8889,1623,28,0,1.448180207398254,1.6411229585188114,2.435955544945984,defender,England,0.9571625328235928,0.0,0.0499680170143575,0.05662531465006373,0.08405022212999083,542,0.049119531542474525,756,0.05057046133748602,325,0.04998165152966646,1644,A. Mariappa,Watford,True,1195.0,491.0
15276,1995,24,1,1.7751340759836,2.266324181367263,3.17938446648191,midfielder,Germany,1.0539492582104169,0.0,0.049828324939890534,0.06361611737171265,0.08924587976089572,530,0.0539823311896627,1101,0.04952326396353673,364,0.04470263489205064,2457,M. Weiser,Hertha BSC,True,1196.0,482.0
276979,2262,27,0,2.0089229294281776,2.38391234220912,3.4645956746253295,defender,France,1.0393629697314313,0.00618921308576481,0.04973460833243941,0.05901816585486769,0.085772483545101,374,0.0790140750977242,1145,0.07503600958547242,743,-0.003994362064517957,3766,F. Mendy,Olympique Lyonnais,True,1197.0,492.0
344140,1738,37,3,1.5395264002951345,1.6531006466037814,2.2755756487840557,forward,Spain,1.0871434300272633,0.0,0.049604993335171196,0.05326446272141067,0.0733211946673804,294,-0.034208904720939445,1061,0.08509119436143926,383,0.015637439130539655,698,A. Ndiaye,Getafe,True,1198.0,224.0
86220,1652,26,0,1.4617865548766968,1.5085339495878693,2.133785523490598,defender,Spain,1.0079230884853738,0.0,0.04955208660598972,0.05113674405382608,0.07233171266069824,339,0.030801556956424902,996,0.05485682969375259,317,0.0529366463403451,680,G. Mercado,Sevilla,True,1199.0,493.0
134102,2535,38,2,2.242905706876691,2.2168974474770207,3.4934777249169633,defender,England,0.9908673978253268,0.0,0.049547423899445636,0.04897288246892038,0.07717347242420115,994,0.006318438754694177,1249,0.07517858917123939,292,0.08706895064400916,1659,N. Aké,AFC Bournemouth,True,1200.0,494.0
20748,1796,29,0,1.5884967743761405,1.352214960727728,1.9970588838919356,defender,Italy,1.0103965074037535,0.0066815144766146995,0.0495299662388997,0.0421626045661207,0.06226909660242116,571,0.03010133844322543,971,0.06093101817363004,254,0.049621797115698335,3165,N. Tomović,Chievo,True,1201.0,495.0
344132,972,13,0,0.8579520555690258,0.9540739714269522,1.6394581284732712,defender,Spain,0.8965575404769865,0.0,0.04942933653484099,0.054967224691264735,0.09445437777212262,93,,355,0.09080902649695761,524,0.027908130473813835,675,T. Hernández,Real Madrid,True,1202.0,496.0
13484,2500,36,9,2.205504864444184,2.0479384724497853,4.064762386335457,midfielder,England,0.9660060005739015,0.0,0.049403308963549726,0.04587382178287519,0.09105067745391424,441,0.06792182589226495,1079,0.05792697184744356,980,0.031685249558157005,1624,D. Alli,Tottenham Hotspur,True,1203.0,483.0
246175,1196,29,4,1.054620182655708,1.502107881448613,-0.5399594027384376,forward,Italy,1.0402613461544246,0.0016722408026755853,0.0493802092213375,0.07033281050261064,-0.025282380061331523,171,,640,0.10204206481248168,385,-0.06676908741468264,3172,A. Petagna,Atalanta,True,1204.0,225.0
134503,2528,35,3,2.2212974749007923,2.1326789135393027,3.7105655883162987,defender,Spain,0.9771088941914787,0.0,0.049205956722485907,0.047242887325237716,0.08219607315890534,667,0.008695344914710988,1333,0.06026133263066851,528,0.07247065746146024,680,C. Lenglet,Sevilla,True,1205.0,497.0
20579,1808,20,2,1.585586966364909,1.5622987675081152,2.110262686639682,defender,Italy,1.06254465204958,0.0022123893805309734,0.04911110072811665,0.04838978483432215,0.06536211861273351,5,,1020,0.05500641254586132,783,0.03802483137725612,3159,M. Benatia,Juventus,True,1206.0,498.0
140125,886,26,0,0.7753417660492314,1.0423660602529046,1.2374932434272272,midfielder,Spain,0.9243693904029006,0.0,0.04900580011146384,0.06588318213788111,0.07821627723693535,330,0.01877436002270449,339,0.07932189207709087,217,0.04761971740613214,692,N. Radoja,Celta de Vigo,True,1207.0,484.0
247220,1182,27,1,1.034194185534398,0.9001174899098057,1.6217717578736406,midfielder,Spain,1.0745475929042392,0.0,0.04899735565983611,0.042645160266454415,0.07683521018690684,398,0.05859991174302612,723,0.020624570634778978,61,,695,Jason,Levante,True,1208.0,485.0
21072,1107,21,0,0.9668152189805326,0.8517493020118424,1.2800463583900779,defender,Italy,1.1687041207872695,0.00993676603432701,0.04890844829531149,0.04308758890032807,0.0647539259890193,231,-0.014642248329081052,707,0.0287856840908377,169,,3193,N. Spolli,Genoa,True,1209.0,499.0
20434,1423,24,0,1.2416951289687719,1.5368998175907365,1.33408779610559,defender,Italy,1.1554007561361557,0.005621925509486999,0.04886502264388702,0.060482354030274944,0.052500995489749146,325,0.022160276498089184,881,0.0694042151356383,217,0.005473381686059454,3193,A. Rosi,Genoa,True,1210.0,500.0
25957,1982,34,0,1.727585296158817,2.322391416639021,2.7867575035827956,defender,France,1.0184761017136457,0.004036326942482341,0.048811693534255164,0.0656175173217887,0.07873785075713248,606,0.046097450948752686,1054,0.05560609336569703,322,0.03167981025622659,3789,K. Adénon,Amiens SC,True,1211.0,501.0
247222,865,18,2,0.7537328500264759,1.2478540752540974,2.6558607878621827,midfielder,Spain,0.7765029498881512,0.0,0.04879657757396838,0.08078592857136355,0.17194012037026848,444,0.05019317281132393,255,0.009301217500587282,166,,696,Medrán,Deportivo Alavés,True,1212.0,486.0
410055,1122,25,0,0.9768197104185888,1.0822823341972727,1.7138666720064217,defender,Spain,1.0747409624939515,0.0,0.048753924940678234,0.05401765660877653,0.08554058256003531,280,0.0240212759685836,714,0.06356471070286551,128,,695,Rober,Levante,True,1213.0,502.0
37739,2364,32,1,2.0561951768092843,2.1273710953266893,3.1501274318832277,midfielder,Italy,0.9318163474801009,0.005076142131979695,0.04870851518668355,0.05039457755427014,0.07462230803107477,617,0.02185511705307802,1203,0.07631519470053337,544,0.018116072527259455,3164,D. Praet,Sampdoria,True,1214.0,487.0
136011,1253,29,1,1.088873898076651,0.9642169671794725,1.158493940648811,midfielder,Germany,1.0904128257200507,0.0,0.04866475522130284,0.043093495739864686,0.05177626550385748,280,0.06248475520269867,564,0.08251685344253869,409,-0.007477502459792177,2462,M. Gaćinović,Eintracht Frankfurt,True,1215.0,488.0
247219,1033,24,1,0.8974537377702336,1.2721637009501978,1.3872824856869113,midfielder,Spain,0.9962923068926295,0.0,0.04865189672326532,0.068965311958578,0.07520602052126527,363,0.060835457391074876,461,0.01269487521829542,209,0.10680287467243406,684,Víctor Camarasa,Real Betis,True,1216.0,489.0
272363,1098,23,0,0.9533163908682961,1.2008090385812982,1.4826672817039466,midfielder,Germany,0.8843923468011482,0.0,0.04862087239401146,0.06124344823365455,0.07561873203590255,183,,426,0.0840136622196747,489,0.008698319259254138,2447,M. Dahoud,Borussia Dortmund,True,1217.0,490.0
20823,1699,30,4,1.4728384963609498,1.7576532563976686,2.2370868403661253,midfielder,Spain,0.9477744778060714,0.0,0.04854558905015491,0.05793324447220096,0.07373564629811831,470,0.06898405919503425,832,0.05537716633194553,397,0.010031852862388922,680,F. Vázquez,Sevilla,True,1218.0,491.0
289359,1791,27,0,1.5520030907474078,1.7843144361522132,1.8251881655059596,midfielder,France,1.0689390105754453,0.00893355667225014,0.048527176483447704,0.05579095947767947,0.05706897669923715,496,0.035029985957584504,1096,0.061638231916645476,199,,3783,Y. Aït Bennasser,Caen,True,1219.0,492.0
22093,1639,33,2,1.4160535050484198,1.131589018279912,1.6759228270814155,defender,Italy,0.8630615505568606,0.0018303843807199512,0.0483825480675482,0.038663200136470455,0.05726154869832781,813,-0.025998698144573812,612,0.20510299735854198,214,-0.1172294229400826,3194,A. Caracciolo,Hellas Verona,True,1220.0,503.0
149062,847,14,0,0.7309621104506079,0.6831026518966734,1.0877922978182895,midfielder,France,0.9961035733277535,0.0,0.04832807341822201,0.04516381169564783,0.07192015192187037,264,0.043296472002690746,440,0.05210092535731442,143,,3795,T. Dingomé,Troyes,True,1221.0,493.0
14842,2834,31,0,2.44150599467206,3.4340094327949795,3.4904655781226857,defender,Germany,0.9978841898502893,0.0,0.048244296295566466,0.06785622026694384,0.0689717968859811,603,0.02864080140612965,1445,0.07648569002912285,786,0.01136400809371077,2482,K. Vogt,Hoffenheim,True,1222.0,504.0
20816,1670,28,1,1.4302409422833477,1.3052742231681016,1.9307861913305984,midfielder,Italy,0.9556740985619182,0.0023952095808383233,0.047960175310100286,0.04376967454934951,0.0647449261763554,424,0.020285145502338158,849,0.07199899474698565,397,0.0261094320772929,3164,É. Barreto,Sampdoria,True,1223.0,494.0
29616,1538,24,0,1.3122345461921485,1.2873544918947892,2.4738462560829935,defender,France,0.9870787272867058,0.004551365409622887,0.04777967138280905,0.04687376563466073,0.09007502622928976,649,0.05158231237368143,750,0.024516064833656658,139,,3779,P. Martinez,Strasbourg,True,1224.0,505.0
210044,2947,34,0,2.5122851974250606,2.33472043360997,4.410893040553522,midfielder,England,0.9560452936887615,0.0,0.04773938617434794,0.04436523389282603,0.08381744495113581,575,0.038767902305485435,1299,0.04872469984863041,1073,0.05135418651144302,1624,E. Dier,Tottenham Hotspur,True,1225.0,495.0
25919,890,15,0,0.7558241734617881,0.9326427684480745,1.533381146424854,defender,France,0.875870075980197,0.0,0.047557476082988916,0.05868314048662042,0.09648240921324923,359,0.026464998549894786,329,0.10561172022026587,202,-0.009510082762473117,3777,J. Palmieri,Metz,True,1226.0,506.0
274344,1924,31,0,1.6295218037125545,1.7108677624001483,2.1821572249581007,midfielder,France,0.9798752546736649,0.005717255717255718,0.04742890904776666,0.0497965668889856,0.06351393170356219,717,0.049714684361936955,857,0.0438115639347363,350,0.051603662938072156,3799,B. Santamaria,Angers,True,1227.0,496.0
77546,1284,24,1,1.0847927743621062,0.29796393522587117,2.1924046329609164,defender,England,0.8820576024911091,0.0,0.047311834395855096,0.012995311816704661,0.09561889364938576,523,0.003603220125505062,540,0.08459024105560466,221,0.05966145279915064,1623,A. Williams,Everton,True,1228.0,507.0
32577,1239,21,1,1.0466497025820378,1.3586459554099644,2.3778495185274755,defender,Spain,0.9789392103179754,0.0,0.04730620124664578,0.06140772679819048,0.10747342456621357,506,0.03277071645766879,572,-0.0014468340603643994,161,,677,Sidnei,Deportivo La Coruña,True,1229.0,508.0
3315,716,10,0,0.6042472276219704,0.5929421365327028,1.0698743647786921,midfielder,France,0.9471759205580121,0.0,0.047259559702277014,0.04637536263384268,0.08367732461956251,57,,400,0.06459687915287347,259,0.02980586230708545,3767,L. Diarra,PSG,True,1230.0,497.0
138174,1821,29,3,1.5273065007506286,1.6858557592189944,3.8786467042668407,midfielder,Italy,0.8951008190405644,0.007688083470620538,0.04696823945196881,0.051843999185207955,0.11927743846180289,391,0.04076137348492569,786,0.05483072200013633,644,0.04114055825671133,3164,K. Linetty,Sampdoria,True,1231.0,498.0
25439,1639,19,1,1.3712631522523635,1.3654191696642874,2.4832963350020996,midfielder,France,1.0679013432036975,0.0024405125076266015,0.04685218824047123,0.046652515864063514,0.08484722072002293,99,,1018,0.02942621868526886,522,0.08043219280500515,3767,T. Motta,PSG,True,1232.0,499.0
70389,2488,32,0,2.0681807561217838,2.4148078529020998,3.40082962681306,defender,England,1.0200382379873243,0.0,0.04655069225997584,0.054352588328986165,0.07654600446203029,811,0.06327208926530889,1221,0.061631737829126274,456,-0.023569942852431577,1619,Cédric Soares,Southampton,True,1233.0,509.0
134420,1205,23,0,1.0011690114305105,0.9202078240790967,1.561919039722858,defender,Italy,1.0231066817837466,0.0033195020746887966,0.04652735654780796,0.042764844936455944,0.07258710889998345,485,0.055345949549527394,563,0.04617693232376054,157,,3204,F. Costa,SPAL,True,1234.0,510.0
345707,824,17,1,0.6846111839713626,0.6694994286759159,1.4017652318954914,midfielder,Germany,1.014303357216905,0.0,0.046526973667956675,0.045499961172149626,0.0952655982841596,215,0.06380059587226714,390,0.03676369282877515,219,0.046955515920714876,2445,B. Özcan,Stuttgart,True,1235.0,500.0
241564,836,8,0,0.6935060930367746,0.7227810015409845,1.6471988240895612,midfielder,England,0.8994037002077786,0.0,0.04645495360054949,0.04841595225633388,0.11033867721174095,0,,332,0.07373526651963251,504,0.028484588741153536,1625,O. Zinchenko,Manchester City,True,1236.0,501.0
413737,1829,29,0,1.5118498874937643,1.9754391477683302,2.439168176220441,midfielder,Germany,1.0242350923852048,0.0,0.04628955369035036,0.060483648045394474,0.07468202179789211,469,0.06884489381081212,904,0.04509973687926126,456,0.025449948165631,2445,S. Ascacíbar,Stuttgart,True,1237.0,502.0
8313,2511,37,0,2.0733276261798066,1.3170983683855824,3.3002846004668767,defender,England,0.9720153612226031,0.0,0.04623908684431269,0.02937375891262151,0.0736025239450996,812,0.06885593905452551,1277,0.03780360833971089,422,0.02824672204735461,1633,P. Zabaleta,West Ham United,True,1238.0,511.0
263766,2065,33,2,1.7015851163484754,1.9814050472298097,2.9040767198484327,defender,France,0.9456236663750653,0.002421307506053269,0.04614468112131459,0.05373301822996094,0.07875462291114393,357,0.1227893679241033,927,0.03422089570998385,781,0.025262729633104632,19830,Jemerson,Monaco,True,1239.0,512.0
94831,1260,25,4,1.038101865858682,0.3819501496431848,1.8608887912669678,forward,Germany,0.9246427745493178,0.0,0.046137860704830315,0.01697556220636377,0.08270616850075413,578,0.06903559513505811,479,0.06635434533103068,203,-0.06676158085488215,2463,Y. Ōsako,Köln,True,1240.0,226.0
70120,2220,32,1,1.8148401632334792,2.268373632228268,3.215103596147942,midfielder,Spain,1.0364590216317477,0.0,0.04577975186534903,0.05722023576792027,0.0811017123352634,496,0.02205533398557867,1229,0.05213441936234695,495,0.05377454967253214,684,Javi García,Real Betis,True,1241.0,503.0
20438,1677,22,1,1.3670878985829937,1.8322003562857254,3.3711351155997455,midfielder,Italy,0.9947578685354582,0.005366726296958855,0.045651116470272896,0.06118259985211725,0.11257219229194142,245,0.06119951426504207,794,0.06697760034049256,638,0.013139226732541138,3158,D. De Rossi,Roma,True,1242.0,504.0
26307,2849,34,1,2.3212511481045635,1.3140381626307573,2.625564447725202,defender,Spain,1.0361538077300518,0.0,0.04562655819370149,0.02582875995343012,0.05160814639263296,659,0.09415151104438518,1589,0.025077486422459414,601,0.046748906140295685,684,A. Mandi,Real Betis,True,1243.0,513.0
14866,1017,29,0,0.8277176099040047,1.0655936455629187,0.7197030723447398,midfielder,Spain,1.089195502738778,0.0,0.04557737085017135,0.058675756294516664,0.039629667700398656,225,0.03018119974207921,567,0.0622879874714744,225,0.018862788072579812,691,Jurado,Espanyol,True,1244.0,505.0
3538,890,21,0,0.7243114863126399,0.42614546944879567,1.5107053965328252,midfielder,Spain,0.9113310006101156,0.0,0.045574655318548124,0.026813647515879276,0.09505562045599798,370,0.09009637909840737,337,0.013521170222205088,183,,696,M. Wakaso,Deportivo Alavés,True,1245.0,506.0
14990,1491,29,1,1.20946205974971,1.1831615671643254,2.085020956300611,defender,France,0.9273785617049402,0.0,0.04542580506102198,0.0444379931329324,0.07831064624603233,657,0.017052017553343478,631,0.07671535880444282,203,0.039996593142037844,3777,F. Diagne,Metz,True,1246.0,514.0
8488,1595,32,0,1.2911662226358482,1.1926237751103104,1.914367373896693,defender,England,0.9912358793226664,0.0,0.04533248179787304,0.041872684267195856,0.06721289839386509,510,0.007372184042167871,751,0.06036535074860875,334,0.06949435986196621,1631,W. Morgan,Leicester City,True,1247.0,515.0
20932,1638,24,0,1.317971078691283,1.5372953650025425,2.306962892862026,defender,Germany,0.9533269400088944,0.0,0.045058840297137887,0.05255710649581342,0.0788705262516932,410,0.007313968162186171,732,0.08712346910467193,496,0.01417998805563643,2449,M. Nastasić,Schalke 04,True,1248.0,516.0
7860,807,14,0,0.6487868701361539,0.749261765420144,1.7365505457551202,defender,Spain,0.9077092102505693,0.0,0.04502114588305405,0.05199338149136067,0.12050412709081379,68,,415,0.07774050484771237,324,-0.003582466732026868,676,T. Vermaelen,Barcelona,True,1249.0,517.0
77548,2458,36,2,1.9677679929630556,2.2470734470846665,2.4775618139876245,midfielder,England,1.0953952063393395,0.0,0.044831166641957326,0.05119451303366205,0.05644567192160577,751,0.036540725489195465,1363,0.06294694435186562,344,-0.008848146476882352,1639,J. Allen,Stoke City,True,1250.0,507.0
70981,1388,18,0,1.108211514641502,1.373660271030571,2.095116300316636,defender,France,0.8871843051959306,0.011527377521613832,0.04471170376075224,0.05542145185714119,0.08452918790902854,195,,393,0.0861194017371676,800,0.026152269823353915,3766,Marçal,Olympique Lyonnais,True,1251.0,518.0
3572,1718,33,2,1.3689900995143554,1.370131484475483,3.010417226369738,midfielder,Spain,1.055212215856026,0.0,0.04462365865704534,0.04466086328907279,0.09812768607491579,424,0.08080679680697861,904,0.009596369529983556,390,0.08647755300394828,698,Portillo,Getafe,True,1252.0,508.0
370,2388,26,0,1.899398489904669,2.6791238770433763,3.0833522009974152,defender,England,0.9509670005223099,0.0,0.044542008138467946,0.06282702559230698,0.07230641677380874,588,0.01882183403582668,1043,0.07328345532098712,757,0.024919990913878216,1612,V. van Dijk,Liverpool,True,1253.0,519.0
282772,705,21,3,0.5588277942353127,0.8141391694554575,1.984513021067776,forward,Germany,0.995417282007447,0.0,0.04438915812365605,0.06466921062341223,0.1576350768507737,177,,244,0.16580186453751505,284,-0.030490720536888345,2449,B. Embolo,Schalke 04,True,1254.0,227.0
25943,2481,37,1,1.9664442936583,2.37859829286057,3.4430670650067614,defender,France,1.0216788203173577,0.012091898428053204,0.044385683371569847,0.053688635389033415,0.0777153388312691,716,0.02849416828663521,1348,0.06233736173831218,417,0.013640988797096326,3785,C. Kerbrat,Guingamp,True,1255.0,520.0
38377,1245,32,6,0.9860540758184749,1.0698456387534803,2.000969161058346,forward,England,0.9458573206806089,0.0,0.044352633129184416,0.04812157089975493,0.09000343214398987,431,0.022275438090577856,661,0.044494337044140304,153,,1673,L. Depoitre,Huddersfield Town,True,1256.0,228.0
25403,763,24,0,0.6040258685516826,0.5346872087143714,2.1103230799311303,midfielder,France,0.8274725823581173,0.001310615989515072,0.044332173838655606,0.03924309788729331,0.15488609760962424,9,,229,0.06976086429509115,525,0.03199678728140863,3766,J. Ferri,Olympique Lyonnais,True,1257.0,509.0
21370,1594,25,0,1.2587140714556162,1.3120196708613996,1.207893773001336,defender,Italy,0.905775081383389,0.0075282308657465494,0.044220820578114495,0.04609353925234528,0.042435414860774665,639,0.0016373211563197718,574,0.09037617030028186,381,0.04610450926578577,3197,M. Capuano,Crotone,True,1258.0,521.0
20677,1073,20,1,0.8441828393474146,1.0269581004469788,2.1183306016607366,defender,France,0.9634924024405933,0.0009319664492078285,0.04405800466305239,0.05359706768409209,0.11055593074837022,145,,473,0.06514149241641569,455,0.019453643311073233,19830,A. Raggi,Monaco,True,1259.0,522.0
69409,1371,21,0,1.078576942963572,1.8832614096086289,1.8078550150237218,defender,Spain,1.0607950164305098,0.0,0.04405565923118894,0.07692387960472882,0.0738438226413774,110,,734,0.10022556224296734,527,-0.030266131309442636,679,Š. Vrsaljko,Atlético Madrid,True,1260.0,523.0
209117,2981,33,1,2.336831138487479,2.7137598475172506,4.264223140754792,midfielder,France,0.9711325004584341,0.0016772895001677288,0.04389887412120054,0.050979722060035565,0.080106171044035,301,0.051609086392866724,1485,0.06835014970474061,1195,0.011571745974482102,3767,A. Rabiot,PSG,True,1261.0,510.0
14863,1728,23,0,1.3534084995881992,1.9711485936278494,2.430829263975505,midfielder,Germany,0.8792628515013015,0.0,0.043860460634802756,0.06387981553423587,0.0787768742955025,884,0.03357422263806319,569,0.07262790212767864,275,0.01740358856088053,2463,M. Höger,Köln,True,1262.0,511.0
22933,1852,33,11,1.436188956343502,1.549786723839866,2.283413927129609,forward,Italy,1.0491912208643355,0.003779697624190065,0.043426879889436346,0.046861801584790766,0.06904491356331431,450,0.127706980031626,955,0.04070310162861194,447,-0.03559960070317669,3173,L. Pavoletti,Cagliari,True,1263.0,229.0
257750,2494,34,0,1.9256015454455362,2.3158102432461316,2.9540811557074296,midfielder,France,0.922787983011905,0.0032076984763432237,0.043237244003588624,0.05199894692132452,0.06633061135509867,1059,0.030783695697190052,1062,0.06743574198857606,373,0.009697037023479876,3776,Thiago Maia,Lille,True,1264.0,512.0
292310,831,20,0,0.6406071607074161,0.2807861060059686,0.8783706825847751,midfielder,Italy,0.9122215229188837,0.018050541516245487,0.0431696762931592,0.018921807384277064,0.059192248164557655,356,0.01292742108934453,371,0.015120432408276449,104,,3315,L. Mazzitelli,Sassuolo,True,1265.0,513.0
396475,763,9,2,0.5875448834871179,0.6312317781356409,3.046745420325954,defender,Spain,0.8514295405241538,0.0,0.043122560255935256,0.04632893784481768,0.2236143427762168,14,,293,0.059832649266291074,456,0.03537443881311132,675,A. Hakimi,Real Madrid,True,1266.0,524.0
21097,2493,36,3,1.91114155696707,2.038069406691902,3.414195776461603,defender,France,0.9680773074857345,0.003208985158443642,0.042929774243945416,0.04578094134566647,0.07669272502280375,385,-0.011201964218298173,1205,0.08824603857018798,903,0.005537327726604876,19830,K. Glik,Monaco,True,1267.0,525.0
466,2216,35,0,1.685840261850022,2.0056846177111307,2.222478839009412,midfielder,England,1.0290229462953848,0.0,0.04260246149079478,0.050685170844685615,0.05616372517352305,615,0.04379197826022304,1144,0.055114244391980365,457,0.009681165096583202,1651,D. Pröpper,Brighton & Hove Albion,True,1268.0,514.0
222220,2154,22,1,1.637124214018872,1.6422981312242655,3.6852186333921293,defender,England,0.9164102164697394,0.0,0.04256218940810438,0.04269670164742752,0.09580884097955397,320,0.025072475007264877,934,0.06223399732967139,900,0.028365789418687774,1612,A. Robertson,Liverpool,True,1269.0,526.0
105338,1734,26,3,1.3168333705475226,1.4474731453851861,3.4109485893379783,midfielder,England,0.9084764373671685,0.0,0.04252749062898574,0.04674653756722631,0.11015750922890818,436,0.1140098915235881,694,0.02375323084566386,604,0.012499360661400874,1611,H. Mkhitaryan,Manchester United,True,1270.0,515.0
127928,808,23,2,0.6133312013806713,0.8253009066872778,2.455387088442522,midfielder,Spain,0.9391697224062922,0.0,0.042508103065987124,0.05719907274070243,0.17017534276334315,327,0.05630934333841818,414,0.03407439965768536,67,,712,D. Brašanac,Leganés,True,1271.0,516.0
15018,761,23,0,0.5773257666706616,0.9571054946172073,0.6183366682698344,midfielder,Germany,1.0724770382307827,0.0,0.04248389347379376,0.07043089053687727,0.04550177847977756,223,0.04134527421277063,386,0.05535322659758087,152,,2454,P. Herrmann,Borussia M'gladbach,True,1272.0,517.0
364644,1234,25,1,0.9285977025642427,1.099795958663276,2.0230198732357207,midfielder,France,0.9918745059176827,0.007293354943273906,0.042140576453482646,0.04990970314841447,0.09180641239967614,389,0.0022559668300382273,609,0.05254562224850904,236,0.08103227244648607,3782,A. Dioussé,Saint-Étienne,True,1273.0,518.0
230020,1729,26,3,1.2965019315328203,1.9359769752562503,3.790849389140981,midfielder,England,0.922246975891299,0.0,0.04199196539377556,0.06270370770060729,0.12278054701671194,359,0.015167547696191486,821,0.023670382717042995,549,0.08693182938472294,1609,A. Iwobi,Arsenal,True,1274.0,519.0
257762,2502,31,0,1.8719799540289188,2.087038909153531,3.190632262054088,defender,England,0.9574671374903932,0.0,0.041898831904724,0.046712301723660164,0.0714130322442162,429,0.05347114176076946,1158,0.04426100719857249,915,0.033483618879019024,1624,D. Sánchez,Tottenham Hotspur,True,1275.0,527.0
297957,883,11,0,0.6593135641192746,0.6049827552152051,0.7049537367343918,defender,Germany,1.0139262135198799,0.0,0.04181377077087132,0.03836810225600395,0.044708277754389514,281,0.03845501415279407,389,0.031991375907445746,213,0.06418335861853451,2447,M. Akanji,Borussia Dortmund,True,1276.0,528.0
38015,848,20,0,0.6326424097505241,0.557568468672343,1.1454359997341894,midfielder,France,0.9607495118166346,0.01179245283018868,0.04177827234201575,0.03682055925194718,0.07564199998244647,370,0.00862986087032652,392,0.056924524464033364,86,,3783,S. Peeters,Caen,True,1277.0,520.0
279545,1774,27,0,1.3164224131126812,1.0127458261014466,2.1860861172240966,defender,Spain,1.0670872665071063,0.0,0.04155561168788621,0.03196942855788106,0.0690083554478858,100,,1020,0.046333648549091375,654,0.037317048590892556,679,L. Hernández,Atlético Madrid,True,1278.0,529.0
28232,2097,30,0,1.5534075973541137,1.8358174633902173,2.3147654025027724,midfielder,France,1.037990457705695,0.0033381020505484026,0.041483464688521876,0.04902516831180361,0.06181538509306402,664,0.014630294113470946,1201,0.05900676201060412,232,0.027625814593750502,3776,I. Amadou,Lille,True,1279.0,521.0
25641,1127,20,1,0.8343167542995003,1.0461244616708663,0.5115715874234125,defender,France,0.9990872635402486,0.001774622892635315,0.04145673313289442,0.051981339710353604,0.02541970620737453,431,0.0167242054020889,541,0.08595921928297001,155,,3779,K. Mangane,Strasbourg,True,1280.0,530.0
295569,1312,21,0,0.9706253699661466,1.05331159350168,1.6065793557713561,midfielder,France,1.025586612215548,0.006097560975609756,0.0414291316448965,0.044958421673852195,0.06857350908780178,234,0.020454998000768138,741,0.055159339611388615,337,0.02580261286019436,3772,Otávio,Bordeaux,True,1281.0,522.0
16826,1556,30,1,1.1471342639748772,1.5885479859192662,1.8187745770572499,midfielder,Germany,0.9785215896692114,0.0,0.04128503777801615,0.057171392809433744,0.06545718272185476,529,0.05104592003981485,675,0.07037446569135,352,-0.029166299034460743,2481,R. Khedira,Augsburg,True,1282.0,523.0
146590,1650,29,0,1.2023396276356104,1.4846046567100357,2.439365513803149,defender,Italy,0.9725573120463088,0.008484848484848486,0.04080667827126921,0.0503865822883406,0.08279058713513718,567,0.03140319304753779,767,0.05696663380770099,316,0.01845569797194181,3204,F. Mattiello,SPAL,True,1283.0,531.0
366401,2809,37,0,2.0418430243009817,2.2838539346862645,4.2507601962907495,midfielder,France,0.9455631068467211,0.004271982912068352,0.04070601970838554,0.04553072991898569,0.08474281630198718,497,0.0309313523244038,1169,0.04813791702801483,1143,0.03735529505676024,3771,A. Zambo Anguissa,Olympique Marseille,True,1284.0,524.0
7986,1002,19,0,0.7258804689913462,0.8471066839979813,0.8436232400651682,midfielder,France,0.9568333825390726,0.001996007984031936,0.040568169923668046,0.04734328772843009,0.04714860423517906,311,0.031026891809263574,416,0.0641352264296008,275,0.015707958967710833,3804,M. Abeid,Dijon,True,1285.0,525.0
70125,1269,30,4,0.9191896728636648,0.8319266925911258,2.9005818812238524,forward,Spain,0.9663577558406803,0.0,0.04056313765198206,0.036712289034754174,0.12800046126756165,413,-0.0062064115813454295,520,0.1253669593193602,336,-0.03319330113870953,680,Nolito,Sevilla,True,1286.0,230.0
11152,2151,28,0,1.5578174711469408,1.9196846807712507,2.3611791040129124,midfielder,England,0.9781338373359282,0.0,0.04055684722651264,0.04997784385085543,0.06147188741270251,459,0.023663644678578746,970,0.06005477695054493,722,0.02510115212566821,1624,M. Dembélé,Tottenham Hotspur,True,1287.0,526.0
4488,3002,36,2,2.1677461054429084,1.9925290910964129,3.7722292340905357,midfielder,Spain,1.0743721763713743,0.0,0.04043763554457124,0.0371690969691536,0.07036803368056962,282,0.02181078798166656,1686,0.06190792271621012,1034,0.010509073495592467,679,Saúl,Atlético Madrid,True,1288.0,527.0
394,1843,27,1,1.3276566051464551,1.4944268498316153,2.966048823298528,defender,Italy,0.9028249037028424,0.0027129679869777536,0.04034116651557324,0.04540852066769965,0.09012410966072575,758,0.04668485938565419,684,0.06002876965033019,401,-0.005231999917581647,3163,B. Nuytinck,Udinese,True,1289.0,532.0
364005,859,24,0,0.617797400633747,0.7589648229937754,1.2204635121586311,midfielder,Spain,0.9625006199535062,0.0,0.04027549992490085,0.04947849835582238,0.07956455958193638,381,0.01338259769617096,395,0.06131114894101171,83,,677,F. Valverde,Deportivo La Coruña,True,1290.0,528.0
28314,1981,34,0,1.4206394881008273,1.2170913756195607,1.1038528220455335,defender,France,1.0112797990806148,0.002523977788995457,0.040159420158327276,0.03440540991150702,0.031204320057824267,695,0.007593936635126171,1052,0.047246823993545364,234,0.10501866038899109,3795,C. Hérelle,Troyes,True,1291.0,533.0
3341,2486,30,2,1.7785897483651687,1.7849863746278125,4.102716576464413,defender,Spain,0.906615151268873,0.0,0.04006477309269889,0.04020886443248491,0.09241839432100046,278,0.2043882493850348,1113,0.016538735629776403,1095,0.02225888568353299,676,Piqué,Barcelona,True,1292.0,534.0
70088,1871,31,1,1.3374036471293609,1.2452548473839589,2.529287580007828,defender,France,0.9137886686416286,0.005344735435595938,0.04002918452124223,0.03727112317129967,0.075702888551811,383,-0.010077409620618972,779,0.06318067763628098,709,0.041659385395315086,3771,Rolando,Olympique Marseille,True,1293.0,535.0
29291,1390,25,0,0.9903024741103444,1.010962919521341,1.6747167219244594,defender,France,0.9470549837907132,0.0,0.03989707809365416,0.04072944136201086,0.06747060174659693,538,0.05157310506469746,628,0.017920793784959674,224,0.07346584610900618,3795,J. Giraudon,Troyes,True,1294.0,536.0
26135,2580,29,0,1.8380807186975858,1.6568582515377517,3.084058030156594,defender,France,0.970288523058335,0.0007751937984496124,0.039896325677156896,0.035962814762059724,0.06694079445301133,727,0.012445160689717646,1224,0.05547136749011693,629,0.041316271252364006,3775,M. Le Marchand,Nice,True,1295.0,537.0
330387,1288,29,2,0.9117885529980505,0.9933605773628162,1.6863498273360122,midfielder,France,1.008304884308284,0.010093167701863354,0.03964298056513263,0.04318959032012244,0.0733195577102614,392,0.09538800190132768,745,0.012227280710054316,151,,3785,M. Coco,Guingamp,True,1296.0,529.0
224677,1753,25,1,1.2348288064900537,1.4333178350867888,3.3058897507444374,midfielder,Germany,0.9732750270254592,0.0,0.039446898553019395,0.045787677561243675,0.10560743071402652,516,0.041776564988746344,746,0.0472883840179761,491,0.02508466629702591,2447,J. Weigl,Borussia Dortmund,True,1297.0,530.0
3281,814,11,0,0.57310641297982,0.5555746988545889,0.49298586707049014,defender,Germany,0.9126042988907909,0.0,0.03942746821482791,0.0382213552037555,0.03391548962647107,98,,400,0.058227212135673966,316,0.022939190940562227,2444,Juan Bernat,Bayern München,True,1298.0,538.0
22020,931,20,3,0.6554286426356255,1.1889383450137185,0.127937721077087,forward,Italy,1.159556837356731,0.0,0.03942427925627823,0.0715150884218778,0.007695502019674406,176,,518,0.16890827299312686,237,-0.13786185530180115,3193,A. Galabinov,Genoa,True,1299.0,231.0
3340,946,14,0,0.6654782868199132,0.7506363806252585,0.9301180049812927,defender,Spain,1.0735299807210532,0.0,0.03939406349039655,0.044435134582467735,0.055059839618342904,220,0.062324922135490436,539,0.058587572915254994,187,,756,Muniesa,Girona,True,1300.0,539.0
25399,827,15,0,0.5775101301552108,0.3646640350645544,0.8512941838482794,defender,France,1.0816193329335984,0.0,0.039105885476048124,0.024693090645241896,0.05764507169952073,202,0.03598057963892502,510,0.029240464703357404,115,,3774,M. Zeffane,Rennes,True,1301.0,540.0
228902,1965,37,9,1.3596391819112532,0.5450187452682339,0.3156008103198229,forward,Spain,1.0313265320432934,0.0,0.03874798686362859,0.015532340832071806,0.008994221566366456,722,0.13119998035594013,1064,0.003601052144628956,179,,714,J. Calleri,Las Palmas,True,1302.0,232.0
8135,823,11,0,0.5660096424318128,0.9806523083185951,1.098940295229522,defender,England,1.0210900093547917,0.0,0.038513414308847534,0.06672725305691535,0.07477601036798692,160,,391,0.06368501485462918,272,0.005815509022243623,1611,L. Shaw,Manchester United,True,1303.0,541.0
70975,1569,28,4,1.0785382830864005,1.3546243444771149,3.7786787223185994,forward,Germany,0.9643148644205739,0.0,0.038494674221057,0.04834860630383584,0.13486679952188754,460,-0.002505409893253932,643,0.06754864326873226,466,0.038877370776696125,2975,Bruma,RB Leipzig,True,1304.0,233.0
20811,2781,34,1,1.9103923960321216,2.1965516261639246,2.262433270551905,defender,Italy,0.9419808510689859,0.003595828838547285,0.038468886795324994,0.044231172623221786,0.0455578076774206,699,-0.005410666430423392,1447,0.07709774823136221,635,-0.001254191619080903,3164,M. Silvestre,Sampdoria,True,1305.0,542.0
20855,991,20,0,0.6795060714375982,0.8979002130387906,1.1729785705398945,defender,England,0.925300086585355,0.0,0.038397921292134714,0.05073906350168746,0.06628335010114439,346,-0.00032775957986032556,404,0.09799008751988375,241,-0.0059014545348375965,1651,E. Schelotto,Brighton & Hove Albion,True,1306.0,543.0
222770,1605,23,0,1.09639324946642,1.1764577455136258,2.85638173869928,defender,Spain,0.8848692165646755,0.0,0.03825421929602462,0.041047746883964516,0.0996619173627163,172,,704,0.036219386087180915,729,0.04449651818735308,676,Nélson Semedo,Barcelona,True,1307.0,544.0
3306,2522,26,4,1.717957058776736,1.5012929067106322,2.851278787346891,defender,Spain,1.038711332058979,0.0,0.038146548489887876,0.033335607762012456,0.06331150360484769,294,0.1020065713598643,1301,0.02588184739197774,927,0.035106127135635476,675,Sergio Ramos,Real Madrid,True,1308.0,545.0
9380,1459,17,0,0.9918730380495169,1.1485125979189015,2.2544191552889266,defender,England,0.8566927195164415,0.0,0.038070520994361166,0.04408273165418675,0.0865301389281562,84,,683,0.056973600514949256,692,0.016035086266008997,1625,J. Stones,Manchester City,True,1309.0,546.0
396616,987,16,0,0.6700854549283125,0.6394965075507214,1.6003891665732737,defender,France,0.8739979220224937,0.00303951367781155,0.03801903290373405,0.03628348979011185,0.09080222221692333,329,0.0261989731867226,404,0.0708866702896061,254,0.0010516082698932684,3782,R. Pierre-Gabriel,Saint-Étienne,True,1310.0,547.0
82487,1736,28,2,1.1757809519540336,1.7722064709483765,3.3909048579668344,defender,Germany,0.9641767075093793,0.0,0.03792841780496883,0.05716795067575408,0.1093840276763495,234,0.06732557715887685,788,0.028895548626590495,714,0.03826310355251454,2482,P. Kadeřábek,Hoffenheim,True,1311.0,548.0
4911,1209,24,0,0.8160198293396864,0.6810927175165239,1.4228909020844098,midfielder,Spain,0.9338622354925846,0.0,0.03779744453517158,0.03154771892549656,0.0659072708988643,339,0.018076386903072745,532,0.048312264149198814,338,0.041026895726352104,692,Jozabed,Celta de Vigo,True,1312.0,531.0
241966,1808,30,1,1.2200912179910164,1.418307283437902,2.6577651915123015,defender,Germany,0.9696944914875096,0.0,0.03779043595547396,0.04392987161090847,0.08232016079905359,720,0.006074569575259845,918,0.05527942064097493,170,,2450,G. Jung,Hamburger SV,True,1313.0,549.0
22677,733,12,0,0.49452421157125154,0.5205861952890639,0.28573992986819347,defender,Italy,0.8829631229028819,0.009549795361527967,0.03778084017461131,0.039771933064375965,0.021830062854868805,380,0.029740098403827863,265,0.02868801924733917,88,,3163,G. Angella,Udinese,True,1314.0,550.0
135103,1796,27,0,1.2080857151019786,1.567797593414296,1.9089482584727069,defender,England,0.9768414712304183,0.0,0.03766859690741136,0.048884557478396755,0.059521771979104444,381,-0.01598142398185071,891,0.0519219513322661,524,0.0524413434079138,1610,A. Christensen,Chelsea,True,1315.0,551.0
21004,945,14,0,0.6344078629010387,0.74114841638953,0.7480818657424636,defender,Italy,1.0821317640613415,0.0010582010582010583,0.03759454002376525,0.0439199061564166,0.04433077722918303,236,0.019666713665466948,547,0.04833285163765488,162,,3164,V. Regini,Sampdoria,True,1316.0,552.0
25440,1440,25,4,0.9647228420210504,1.4099777050681497,4.670304491846577,midfielder,France,0.8595115946578341,0.003472222222222222,0.037516999411929736,0.054832466308205825,0.18162295246070018,148,,617,0.004125438243311637,675,0.07205968606093234,3767,J. Pastore,PSG,True,1317.0,532.0
3276,2502,33,1,1.666025380976587,1.3510405769044629,2.0988602874063713,defender,France,0.9695799290446957,0.005195843325339729,0.037289137224096276,0.030239117628557122,0.04697688892676131,485,0.08562282972764819,1113,0.019329321859054012,904,0.03346992664563317,3771,A. Rami,Olympique Marseille,True,1318.0,553.0
85113,1386,19,0,0.9223529303561662,0.8247464000841046,1.7032406504327628,defender,Italy,1.0024006996655814,0.0021645021645021645,0.0372667850648956,0.03332308687208503,0.06881780405788941,492,0.04289160820676448,696,0.02809175781116983,198,,3219,A. Toșca,Benevento,True,1319.0,554.0
3309,1836,27,0,1.2178262750944517,1.640854911554267,1.9123849684790604,defender,Spain,1.0253371795806536,0.0,0.03714502799852358,0.05004786222605607,0.05832982474663801,128,,954,0.061460111776248015,754,-0.004253968934000711,675,R. Varane,Real Madrid,True,1320.0,555.0
28122,2287,31,1,1.5141716780692356,1.5166559914533,3.0109979378181886,forward,France,0.9859898544858947,0.004372540445999125,0.037076350665446955,0.03713718212566017,0.07372797748920794,799,0.05389586778268293,1118,0.02391333455674068,370,0.04052893940291201,3776,Y. Benzia,Lille,True,1321.0,234.0
294695,2575,35,0,1.6969402441025485,2.0172922724151534,3.310023375077669,midfielder,France,0.9184400371813587,0.008932038834951457,0.03690433152223018,0.04387121058456256,0.07198497437062115,463,0.033668835406564825,1034,0.06257511881787615,1078,0.0136709740434316,3766,T. Ndombèlé,Olympique Lyonnais,True,1322.0,533.0
135114,1748,23,0,1.1428541826483813,1.1933104869796292,2.069162117237797,midfielder,England,0.9612950217285984,0.0,0.03661317747614951,0.03822962658515975,0.06628894654766398,551,0.027979112814868912,751,0.043733995393628614,446,0.035289489970182754,1619,P. Højbjerg,Southampton,True,1323.0,534.0
22099,1381,23,0,0.8968480088945906,0.9927369249410493,1.4028014586381345,midfielder,Italy,0.8792762865696555,0.001448225923244026,0.036367478999346184,0.04025580579051322,0.05688405625179981,588,0.04048495770877228,564,0.049899465029658675,229,-0.007532597866325402,3194,M. Büchel,Hellas Verona,True,1324.0,535.0
20470,849,15,0,0.5512931861096068,0.4340086108535973,1.6014107644914035,midfielder,Italy,0.8805729005978649,0.0,0.036363272582023536,0.02862718752391219,0.10562897857658257,90,,319,0.0512543086947693,440,0.0393323835853427,3159,C. Marchisio,Juventus,True,1325.0,536.0
208089,1049,19,1,0.6806450053492255,0.44845928036567817,1.2583931279743734,midfielder,Germany,0.9686388097812766,0.0,0.036335672354200786,0.0239406288851077,0.0671782794724165,442,0.0478689421974651,475,0.034254757077170225,132,,2455,I. Fossum,Hannover 96,True,1326.0,537.0
220341,718,14,0,0.4656013409831083,0.48803247983413445,0.1850322900624219,midfielder,Italy,0.819750178987579,0.0,0.03631431071734549,0.038063814583163685,0.014431487804311456,431,0.01908467814176425,265,0.038116183981149236,22,,3219,R. Chibsah,Benevento,True,1327.0,538.0
8287,2102,26,1,1.3486305544982864,1.467202082225725,3.6950210988693386,midfielder,Spain,1.0053524671378893,0.0,0.035929263107471,0.039088162038363745,0.09844014345227543,182,,1066,0.05649662457825616,854,0.008710318514638873,675,L. Modrić,Real Madrid,True,1328.0,539.0
25898,1283,26,4,0.8203801021060441,0.8627043121650282,2.3120917227078897,forward,Italy,1.017066329293057,0.009353078721745909,0.035807705158174954,0.037655059611256106,0.10091748750712534,320,0.059331762352608064,698,-0.024422672222705857,265,0.16604583764736822,3185,M. Niang,Torino,True,1329.0,235.0
25437,2125,34,3,1.3575117376813903,1.4465260157162376,4.181785526230347,midfielder,France,1.0282612728010796,0.0009411764705882353,0.03577442696948605,0.03812021500240438,0.11020234798536443,109,,1039,0.06413374161430913,977,0.03333006437864538,3159,B. Matuidi,Juventus,True,1330.0,540.0
240070,847,16,0,0.5390241950780739,0.6527981032349036,1.3670281685452894,midfielder,England,0.8068200945317006,0.0,0.035637963310947034,0.04316020517255561,0.09038202767241584,188,,338,0.050694139583826896,321,0.015580071222409706,1624,H. Winks,Tottenham Hotspur,True,1331.0,541.0
56441,2663,37,3,1.6906950622856916,1.933809670113672,4.395420283540982,midfielder,France,0.9821190474004324,0.0030041306796845663,0.03555348234622559,0.04066591871061421,0.0924309184672531,620,-0.0018140814201622272,1211,0.01850693982651344,832,0.08821123778676866,3772,L. Lerager,Bordeaux,True,1332.0,542.0
14905,1695,28,0,1.0709060824490793,1.3283914122574678,1.900355096037797,midfielder,Germany,0.9967645314462753,0.0,0.03538096791572179,0.043887857868093336,0.06278459314343164,460,0.04128336232665111,854,0.05643054392016027,381,-0.018927271813459143,2457,P. Skjelbred,Hertha BSC,True,1333.0,543.0
229124,947,23,5,0.5980552291647871,0.46418197980560816,2.8728448092894365,midfielder,France,1.116675644422631,0.007391763463569166,0.03536546233709407,0.027448987190194358,0.16988311438247988,201,0.17991102938542938,587,-0.07771939532530035,159,,3774,A. Hunou,Rennes,True,1334.0,544.0
256478,1936,29,1,1.2196152336752972,1.0237447453491146,2.1142323327717794,midfielder,Italy,0.9321716372775675,0.0010330578512396695,0.03527812659391356,0.02961245131175125,0.061155480700010145,899,0.060679697060081764,911,0.015261364015460355,126,,3219,D. Cataldi,Benevento,True,1335.0,545.0
24964,743,22,2,0.46202081665956135,0.14409453718991908,0.5308012153489949,forward,Italy,1.0017097457031543,0.0026917900403768506,0.03482256491646761,0.010860422722255004,0.04000655189709787,267,0.24468936759925913,367,-0.08309783964755124,109,,3165,M. Pucciarelli,Chievo,True,1336.0,236.0
21528,2244,37,1,1.3903372319397118,1.5520456956560584,2.1771058454299492,defender,Italy,0.8647079819311493,0.0071301247771836,0.034696472811329704,0.03873197814471447,0.05433062715867966,1048,0.029050659924961912,833,0.06306665153820178,363,-0.014106686898232242,3197,F. Ceccherini,Crotone,True,1337.0,556.0
82518,1514,21,0,0.9364139790493413,1.377452718289805,1.0862577367623651,midfielder,Germany,0.9575543038823782,0.0,0.03463618416562953,0.050949373992225294,0.04017862170323147,527,0.02036005090177541,705,0.06081259526730782,282,-0.004125686744413259,2457,V. Darida,Hertha BSC,True,1338.0,546.0
70507,1436,26,0,0.881582701261881,1.007863280546846,1.316309015231844,defender,Spain,0.9874657138730596,0.0,0.03437926968709285,0.039303860522718226,0.05133238499511369,465,0.01248478937277153,625,0.04183808702629463,346,0.050330635320498356,701,Paulo Oliveira,Eibar,True,1339.0,557.0
471348,931,22,0,0.571547273080813,0.6342529667794913,1.003797966266337,midfielder,Germany,1.0330208710166724,0.0,0.0343787833432068,0.038150554392751355,0.06037882503857666,168,,417,0.027391564358622004,346,0.027254378873173352,2449,W. McKennie,Schalke 04,True,1340.0,547.0
3680,1834,31,0,1.1164867439878194,1.0080558150386856,2.184672328246143,midfielder,Spain,1.0027448031257102,0.0,0.03409119828970441,0.03078033023018887,0.06670755200751581,398,0.005500116746439076,902,0.05214848962791613,534,0.024899388677630703,687,Zurutuza,Real Sociedad,True,1341.0,548.0
364860,3557,37,1,2.164689053391449,2.1571928589453493,3.660760861448857,midfielder,Spain,0.9614004550079032,0.0,0.03408000758783277,0.033961990469760915,0.05763356993003542,852,0.012538259189889597,1641,0.06096134836234205,1064,0.009870693136778103,682,Rodri,Villarreal,True,1342.0,549.0
134542,949,14,0,0.5756596994748714,0.4074569543017177,1.0119077814640567,midfielder,France,0.9650635278238918,0.0,0.03396938163392286,0.024043824489880076,0.05971215570283158,397,0.035647478224326686,411,0.019464589753619622,141,,3775,N. Mendy,Nice,True,1343.0,550.0
116283,1477,26,5,0.8718361397312617,0.7211722926333988,2.5756316847275476,forward,Spain,0.986817064386362,0.0,0.03305539866279666,0.027343025313114645,0.09765428188540465,718,0.17195559056428356,702,-0.1024425562355145,57,,683,D. Rolán,Málaga,True,1344.0,237.0
22270,2188,30,2,1.2813871757274415,1.1693995993304926,2.9037644183526248,defender,Italy,0.927983844704204,0.005484460694698354,0.03279601546651587,0.029929788648312423,0.07431938182255346,604,0.018020076345305155,1126,0.06223531449126557,458,-0.020094778141905304,3164,G. Ferrari,Sampdoria,True,1345.0,558.0
293686,757,25,1,0.4431299469096725,0.5363050976917975,1.1853745551670192,midfielder,England,0.93546676500302,0.0,0.032781079295827825,0.03967382492832319,0.08768953116162889,348,0.03550588428314678,308,0.012524123318450387,101,,1613,J. Murphy,Newcastle United,True,1346.0,551.0
15695,795,24,0,0.46386730165825246,0.7254721521827381,0.39774260723986876,midfielder,Germany,1.0161921227135644,0.0,0.03267492942498382,0.0511024409084696,0.028017089315009625,205,-0.01642954032445996,349,0.062459738266617486,241,0.031311933627912576,2481,M. Heller,Augsburg,True,1347.0,552.0
21169,841,15,1,0.49064794112420723,0.5787815213960704,1.5259638501094597,midfielder,Italy,1.0567161000148506,0.0,0.03267096873121951,0.038539554337907185,0.10160995910360256,231,0.13830954525778538,449,0.00385438363424215,161,,3166,B. Džemaili,Bologna,True,1348.0,553.0
70112,1493,24,0,0.8655243028786594,1.306115680079113,1.2852625792054728,defender,Spain,1.0553668905551132,0.0,0.03246440787756526,0.04899027333183545,0.048208107458477215,290,0.004957170017582869,747,0.040464909889905525,456,0.03685196045690014,674,E. Garay,Valencia,True,1349.0,559.0
14795,2622,26,1,1.4994452358302708,1.3383634011911227,3.018508663942412,defender,Germany,0.8057198831424575,0.0,0.03202476476220258,0.028584420467850067,0.06446852981722924,298,-0.01168945059806776,1090,0.055808350409122444,1234,0.021573166563027463,2444,M. Hummels,Bayern München,True,1350.0,560.0
207001,999,21,1,0.571164989033413,0.2780803044719145,0.7545998141047957,midfielder,Spain,0.994958481695986,0.0,0.03201725664251364,0.015588085135562776,0.04229988947934791,174,,575,0.04165516955909472,250,0.027877815511191076,680,J. Correa,Sevilla,True,1351.0,554.0
25835,1061,26,0,0.6062403371118734,0.5962131673442393,0.37163719062708755,midfielder,France,0.9226617734089871,0.006597549481621112,0.031997604974801995,0.031468366985181344,0.019615158034982944,326,0.00458839094897422,402,0.07800222800916587,333,0.0032935368444883747,3804,F. Sammaritano,Dijon,True,1352.0,555.0
15811,1434,25,1,0.8173595773735078,0.8344008958608521,3.055872319647415,midfielder,Germany,0.7546863832014149,0.0,0.031919202463679526,0.03258469328326898,0.11933671541161454,199,,532,0.05741964824439448,703,0.01327835069777087,2444,S. Rudy,Bayern München,True,1353.0,556.0
25701,761,12,0,0.43371680037719584,0.7137367662909627,0.8500944990636438,defender,Spain,0.9305108438423787,0.0,0.0319160851788738,0.05252202222377649,0.06255623120573463,41,,394,0.07794847372783024,326,-0.01763910378660652,676,L. Digne,Barcelona,True,1354.0,561.0
9280,1070,22,0,0.6081852442586269,1.151663715088996,1.4686643271786715,defender,England,0.9107024772586346,0.0,0.03183025577428328,0.06027398882708764,0.07686467506729495,386,0.011011724602022342,573,0.047139411897910176,111,,1673,S. Malone,Huddersfield Town,True,1355.0,562.0
50007,2367,30,0,1.3439478589958325,1.7930885498057916,1.4589256734488427,defender,Italy,0.9489939932480465,0.0016899028305872412,0.03179597807510208,0.0424220358213453,0.03451619675248635,1040,0.029327664634488736,1118,0.05310239619008345,209,-0.06989555051011948,3219,B. Djimsiti,Benevento,True,1356.0,563.0
22383,1473,26,0,0.8358725838277973,1.1599404137752014,0.9800602449318341,midfielder,Italy,1.0570556371246893,0.005431093007467753,0.03177791221612807,0.04409820989233624,0.037259588402024924,360,0.02977447401303698,823,0.05416455256771039,290,-0.02926680246055971,3315,A. Duncan,Sassuolo,True,1357.0,557.0
7302,1131,20,1,0.6352392474429501,0.9452245745471134,0.7054196141190663,defender,Spain,1.0442132991751472,0.0,0.031453048502922375,0.046801570446187754,0.03492793845328711,478,0.04402128032115454,571,0.01661433942013095,82,,677,Albentosa,Deportivo La Coruña,True,1358.0,564.0
283832,1305,23,0,0.7295294353386581,0.7838756527229981,1.1990719461531787,defender,Italy,0.9097555608328198,0.0030651340996168583,0.03130547768503054,0.03363757590228957,0.0514544283406728,572,0.037799480598477556,520,0.02290286135422013,213,0.034379613016155955,3173,F. Romagna,Cagliari,True,1359.0,565.0
21385,3529,37,8,1.9724545305025878,1.2586431358174834,3.0797787839422526,forward,Italy,1.0071705851434467,0.005383961462170587,0.03129993020916546,0.019972801248449724,0.04887152504980622,442,0.24059080927246781,1737,0.014940150680136327,1350,-0.016173870904950108,3187,L. Insigne,Napoli,True,1360.0,238.0
15533,1074,24,0,0.5984710680194133,0.7551519607558161,0.9810942126986137,forward,Germany,0.9651727971978232,0.0,0.031205195352967546,0.03937477635225857,0.0511557503827955,266,0.025411402841433197,500,0.049686125692265944,308,0.006207414958223829,2453,M. Terrazzino,Freiburg,True,1361.0,239.0
366581,1864,36,2,1.0377322020053037,0.6351209257813035,2.627811742985235,defender,France,1.1314968972613615,0.005901287553648069,0.03117650392290612,0.01908088618227092,0.07894713390942766,337,0.021742111572923578,1164,0.015780240965407588,363,0.08930498961015793,3774,J. Gnagnon,Rennes,True,1362.0,566.0
230895,1813,31,0,1.0055282673466983,1.159102724992628,1.388995877087562,midfielder,Spain,1.0277802334333714,0.0,0.031058788180592996,0.03580240077197307,0.04290334755482817,414,0.01578173999207351,925,0.05017420060936933,474,0.007098749052806005,756,Pere Pons,Girona,True,1363.0,558.0
376362,1070,18,0,0.5930653141476155,0.796120086616272,0.397494889336246,defender,Italy,0.9353089452124499,0.013084112149532711,0.031038932329221,0.041666097991131995,0.020803470843766145,225,0.05744547454612197,508,0.029355218637172612,337,0.015946512616336315,3162,Luiz Felipe,Lazio,True,1364.0,567.0
77552,1033,24,0,0.5687058928555461,0.8860810990845677,0.5234211961929185,midfielder,England,1.0634726564273564,0.0,0.030830135527502984,0.04803537420013145,0.028375205214717748,332,-0.005639044057566669,597,0.06118032724277983,104,,10531,N. Dyer,Swansea City,True,1365.0,559.0
20689,2091,37,3,1.1485587811348617,0.5839550640381739,3.126545937985947,midfielder,Italy,1.0007752089736888,0.005738880918220947,0.030760063005046513,0.015639160012500115,0.0837334158427609,448,-0.02987744724798717,1096,0.07269668355959544,547,-0.003603614388786293,3164,G. Ramírez,Sampdoria,True,1366.0,560.0
268776,2110,28,0,1.1440390384661663,1.2403816647430732,2.168919928196888,defender,England,0.9870394033833246,0.0,0.03036312140004991,0.0329200820974465,0.057563751648827356,737,0.028798038259446792,966,0.04058167918815136,407,0.00894380801262605,1619,W. Hoedt,Southampton,True,1367.0,568.0
70711,739,17,0,0.39641322559578307,1.3133643585990873,1.0953600501271297,defender,France,1.0051786422853,0.0,0.03003943252146665,0.09952422744458576,0.08300427984725205,265,0.03570975387918934,368,0.10087476238683166,106,,3774,Mexer,Rennes,True,1368.0,569.0
355937,941,15,0,0.50358240176772,0.5339214637806208,0.9742023275956628,defender,England,1.0671324673237088,0.0,0.0299687720499387,0.03177428477334194,0.05797590897487473,216,0.03469293289456773,516,0.04297623581772699,209,-0.0070277353501504445,1623,M. Holgate,Everton,True,1369.0,570.0
4303,2786,37,1,1.4814027042163898,1.5454824804275082,1.561909191318396,defender,Spain,1.0397889728242375,0.0,0.02977693877821889,0.031064974480954938,0.031395159624490375,805,0.027793520458631895,1454,0.04170747555998163,527,-0.00010987096260747792,691,David López,Espanyol,True,1370.0,571.0
15942,989,21,3,0.5258405319174481,0.7208304524172406,3.3235464496190934,midfielder,Germany,0.9827323166029416,0.0,0.029774590280462178,0.04081547556659805,0.1881886766215058,165,,471,0.018933834480866815,353,0.016422600431688503,2482,L. Rupp,Hoffenheim,True,1371.0,561.0
241676,2099,30,0,1.113453446201278,1.4817712297586916,2.1546173256772247,midfielder,Italy,0.9908551435320901,0.004287756074321105,0.029706237726189404,0.03953272456716852,0.05748383527295121,251,0.035400709192355925,1124,0.04837615557161055,724,-0.0012527401691989275,3161,R. Gagliardini,Internazionale,True,1372.0,562.0
3705,1755,29,3,0.9284270513581322,0.5708370043835974,1.8311892886023153,midfielder,Spain,1.0445448337093723,0.0,0.02962502272139909,0.01821474202021735,0.05843111120326476,624,0.030624790616894187,952,0.029634597268662098,179,,683,Adrián,Málaga,True,1373.0,563.0
393228,1428,21,0,0.7526009141601128,0.8096825865879418,1.3698771645272745,defender,France,1.1060335671183548,0.0,0.029513761339612265,0.031752258297566345,0.053720673118716644,325,0.023652138962492276,833,0.01404171721883909,270,0.08430353921060507,3775,M. Sarr,Nice,True,1374.0,572.0
328336,2220,30,0,1.169119048471939,1.0510154453494365,1.2826741148718062,forward,Italy,0.8774998316485888,0.002702702702702703,0.029491291312805663,0.026512101324129927,0.03235574343820772,993,0.025079044986365102,868,0.04916447208142156,359,-0.005870715107815807,3194,M. Fares,Hellas Verona,True,1375.0,240.0
16094,1327,30,7,0.696582759570482,0.8562151549238317,0.9412453801463695,forward,Germany,1.008468610164844,0.0,0.02939610741216804,0.036132666673500055,0.03972098062411205,465,0.034935728366486875,575,0.057480045245085085,287,-0.03584496575049941,2463,S. Terodde,Köln,True,1376.0,241.0
231138,2404,28,0,1.2604109263830277,1.1195862744469705,2.401012223221024,defender,France,0.89742575459498,0.0029118136439267887,0.029360653859172026,0.026080212715902808,0.05593040120647976,163,,1088,0.033157429127097786,1153,0.03861501270041897,3767,P. Kimpembe,PSG,True,1377.0,573.0
353236,1372,33,2,0.7178606065245534,1.2855262165098662,2.46450144463437,midfielder,England,0.9358991831547187,0.0,0.02930043291936953,0.05247045781672923,0.10059189569936205,418,0.173758785395956,649,-0.049438610157305656,305,-0.001132197829649955,1623,T. Davies,Everton,True,1378.0,564.0
14802,1273,28,0,0.6570284816052834,0.7237753899425999,0.7232325449476005,midfielder,Germany,1.018046919412892,0.0,0.02890305967784436,0.0318392944515205,0.031815414388896804,378,0.023978701437182146,665,0.033041645741042916,230,0.025030223516728164,2455,M. Bakalorz,Hannover 96,True,1379.0,565.0
16122,815,19,1,0.41778785302340254,0.11468633707359469,0.3117942840680843,forward,England,0.9080975371646943,0.0,0.028706895422466922,0.00788028819155988,0.02142390172737757,236,0.009061108154986255,461,0.043600927735203694,118,,1673,E. Kachunga,Huddersfield Town,True,1380.0,242.0
14798,2269,24,0,1.1589592336210863,1.2499639432825067,3.112236591940595,defender,Germany,0.9677194473238929,0.0,0.028603665527889306,0.03084970507881021,0.07681148045335978,390,0.03565992555723654,1028,0.0478724479958614,851,0.0020933837552444957,2447,Ł. Piszczek,Borussia Dortmund,True,1381.0,574.0
25937,1504,30,0,0.7599491272061687,0.9582947090333853,1.385928568329297,defender,France,1.0060213845878563,0.0,0.028295978140655216,0.035681185974647325,0.051603723288856804,544,0.019075684919840366,804,0.029393475173158292,156,,3795,F. Bellugou,Troyes,True,1382.0,575.0
215869,1022,16,0,0.5126166643032289,0.4967656589937619,0.7591303222421792,defender,Italy,1.0491406095775015,0.0009784735812133072,0.02808858434538241,0.02722003610924723,0.041596182040667354,333,-0.025589183147627224,569,0.050594050274987416,120,,3165,M. Bani,Chievo,True,1383.0,576.0
4332,1446,28,0,0.7242648072991679,0.7915702993913585,1.4831581191435512,midfielder,Spain,0.9915445291720462,0.0,0.02804898285529281,0.030655557929402544,0.0574390419585331,524,0.010175303084017005,610,0.04777588055352275,312,0.019498984791921855,691,Javi Fuego,Espanyol,True,1384.0,566.0
272440,1959,33,2,0.9653405597730135,0.880752902704415,1.2968144874432928,midfielder,Germany,1.146358111956665,0.0,0.027595238053746175,0.025177214166129266,0.03707075614947647,388,0.00100042220192161,1156,0.027054987924854293,415,0.053964678293521945,2443,M. Eggestein,Werder Bremen,True,1385.0,567.0
263802,1374,27,0,0.6726791537653765,0.7053739246366925,1.691262171370637,midfielder,France,0.9503513490533604,0.002183406113537118,0.027416326499898898,0.02874886446845326,0.06893062707187458,146,,641,0.029286477499038545,587,0.013994332428703592,19830,Y. Tielemans,Monaco,True,1386.0,568.0
260250,865,13,0,0.42306527358182844,0.38383699721788817,0.5268962536478591,defender,Italy,1.0004824345287175,0.006936416184971098,0.02738919690240739,0.024849562825666745,0.034111202548300704,68,,493,0.0426647676318921,304,0.005515202982369072,3162,Wallace,Lazio,True,1387.0,577.0
3695,2113,33,0,1.0300675859624229,0.6601345899094201,1.7255924701131746,defender,Spain,0.9666686579697001,0.0,0.02729947222616928,0.01749528491951137,0.04573269206168376,600,0.003903259672558543,974,0.011169319785114434,539,0.08249148708656603,682,Álvaro González,Villarreal,True,1388.0,578.0
9293,844,20,0,0.40943342630658036,0.44988217732868974,0.4329286003142718,midfielder,England,1.0768206228686636,0.0,0.027166198901858413,0.029850002287211644,0.028725120399999082,224,0.1015476352695767,503,0.00479520021973969,117,,1659,M. Pugh,AFC Bournemouth,True,1389.0,569.0
454457,1065,18,3,0.5140339878058963,0.5479906316407087,2.575823174776733,forward,Italy,1.0345784320285356,0.0009389671361502347,0.02702901719918328,0.02881453086561473,0.1354423453403728,312,0.00881113493170421,606,0.040849787543751535,147,,3219,E. Brignola,Benevento,True,1390.0,243.0
3788,2063,25,0,0.9953196229475141,1.2371026905995088,1.5861267929629947,defender,Spain,1.0251848884164152,0.0,0.02701788603250644,0.033581071581954676,0.04305530800093442,391,0.03220166786680113,1185,0.03244152100386911,487,0.009658817986769305,684,Jordi Amat,Real Betis,True,1391.0,579.0
91064,819,18,0,0.39435091141139295,0.7883982843138517,0.6902283529409297,midfielder,Spain,0.9579346936266586,0.0,0.026964164882830287,0.05390757499581893,0.04719510105579006,276,0.03799554118483108,375,0.04389344833061046,168,,696,D. Torres,Deportivo Alavés,True,1392.0,570.0
28230,1854,26,0,0.8926005759782406,1.0460776958017353,1.4894963624172215,midfielder,France,1.0492133584347414,0.0010787486515641855,0.026960966696214384,0.031596737305769784,0.04499018138908544,377,0.03572439914202623,1042,0.03012575665696463,435,0.011785046762483781,3775,A. Tameze,Nice,True,1393.0,571.0
25923,1785,33,6,0.8556906317270209,0.4635257209426095,2.5590170234202696,forward,France,1.0523196442924097,0.00392156862745098,0.026845196289475164,0.014541983402121084,0.08028288700926335,378,0.06862750681567822,1047,0.021835476484547936,360,-0.002456294663708023,3772,N. de Préville,Bordeaux,True,1394.0,244.0
3692,1815,34,0,0.8692635187270569,1.5930504314673306,1.4338389740848931,defender,Spain,0.9951562109079087,0.0,0.026820251817473932,0.049151969235355655,0.044239659806476046,562,0.03597966777083353,872,0.01963657968698793,381,0.029750882610113567,756,Bernardo Espinosa,Girona,True,1395.0,580.0
8143,1736,30,0,0.8300975287855726,0.38155346527128414,1.5292648636299673,midfielder,England,1.005853824190211,0.0,0.026777339638244278,0.012308176299073683,0.049331124633224754,608,0.02310425121400781,941,0.026572423615880573,187,,1623,M. Schneiderlin,Everton,True,1396.0,572.0
239295,706,21,0,0.3356496521219232,0.5030896282607125,0.20201105296397243,forward,Italy,0.9833861757804854,0.0,0.026623768440265864,0.039905126320963026,0.016023539611873167,303,0.03765278508226415,379,0.023918597504682896,24,,3219,V. Parigini,Benevento,True,1397.0,245.0
258162,704,12,0,0.33364028116231015,0.4511930049765373,0.5954901065531697,midfielder,England,1.053259896504702,0.0,0.026539567819729215,0.03589035266858819,0.04736853120309304,242,0.01487280563994008,462,0.032650728961523524,0,,10531,Renato Sanches,Swansea City,True,1398.0,573.0
14806,1571,23,2,0.7356187383237871,0.9283478555101489,1.9338808918417913,midfielder,Germany,0.946515254144982,0.0,0.02622192829161813,0.033091966841863996,0.06893528322287734,432,0.06381467369786174,629,-0.009558130968388501,510,0.03850740134857289,2447,M. Götze,Borussia Dortmund,True,1399.0,574.0
5290,878,16,0,0.40851213829456806,0.5916495340736043,0.6496898260804381,midfielder,Spain,1.2008563233575063,0.0,0.026055443900336914,0.037736188961414396,0.04143807546754503,91,,576,0.00900670401037746,211,0.05452222685433353,678,Mikel Rico,Athletic Club,True,1400.0,575.0
388398,753,15,0,0.347909343738125,0.22473875497427198,0.8412240582710112,defender,Italy,1.0349665799380778,0.0013280212483399733,0.025873736054893758,0.01671363914815303,0.06256115174392646,350,0.07944044515839191,335,-0.03712763225752827,68,,3163,G. Pezzella,Udinese,True,1401.0,581.0
370224,842,12,0,0.3805836270697401,0.036266524581775164,0.8877201190011207,defender,England,0.9526356305504428,0.0,0.025311975197037345,0.0024120253878615315,0.05904076800957572,233,0.0091402564581315,361,-0.004180107407170414,248,0.08343557312560212,1609,R. Holding,Arsenal,True,1402.0,582.0
120339,1023,13,0,0.4583764346137871,0.4340668336602914,1.349733320571913,midfielder,England,0.9563230781070232,0.0,0.025091965140148657,0.023761234296164533,0.07388569496776846,100,,533,0.011895971445077282,390,0.02199721126460356,1609,Mohamed Elneny,Arsenal,True,1403.0,576.0
171283,902,12,0,0.4014579934532474,0.49369495650400785,0.8043018065000265,defender,England,1.0997947913693584,0.0,0.02492422132303975,0.0306506846610027,0.04993448022616572,149,,557,0.026400765827993035,196,,1609,C. Chambers,Arsenal,True,1404.0,583.0
21383,2595,22,0,1.1500675442487667,1.5201060162310651,3.3258417574938504,midfielder,France,0.8864077971897983,0.0,0.02481841328629323,0.032803829251999865,0.07177153696325843,134,,972,0.0575040618512513,1489,-0.0001357298616388969,3767,M. Verratti,PSG,True,1405.0,577.0
4065,1066,17,0,0.47124736716389504,0.7458219290607299,0.9830691772730216,defender,Spain,1.0093065683954356,0.0,0.024755959250636138,0.039180138862477364,0.05164340893741952,129,,507,0.04960866291017618,430,-0.0017482524999977655,674,J. Murillo,Valencia,True,1406.0,584.0
3348,774,17,2,0.3399661814728886,0.41782461526901526,0.653888202946301,forward,England,1.0172948292783985,0.0,0.02459703638563535,0.030230204722306014,0.047309740781644516,137,,357,0.01526143404582056,280,0.03452178599482811,676,Deulofeu,Barcelona,True,1407.0,246.0
3324,1459,31,11,0.633583271187985,-0.4798340418604803,1.6322230297910052,forward,England,1.0095285186090142,0.0,0.024318480593918546,-0.018417207912396778,0.06264872492686517,175,,728,0.12860175284981407,556,-0.029717835078640533,1610,Álvaro Morata,Chelsea,True,1408.0,247.0
280419,2038,33,0,0.872093218944172,0.9412931701866161,2.0288115432373637,defender,Italy,1.037974028085809,0.008832188420019628,0.02396330729189089,0.025864777983538027,0.05574752032448104,441,0.006767705539608081,1106,0.03537717716862823,491,0.013697564499803751,3172,H. Hateboer,Atalanta,True,1409.0,585.0
255738,1786,26,0,0.7575304532242612,0.7810819306326547,1.0079593546915941,midfielder,Spain,1.1166082642789015,0.0,0.02375235463637101,0.024490810814909666,0.03160454863534674,453,0.037740638570977016,1102,0.01349192880258525,231,0.04526879033531208,695,J. Lerma,Levante,True,1410.0,578.0
266286,1754,23,0,0.742885693473704,1.1778257547915523,1.3872212436732085,defender,France,1.0498030413309454,0.0017103762827822121,0.02371812932413194,0.0376044710765832,0.04428984586413893,314,0.10428409561195999,1001,0.014804760967488907,439,-0.013583537394269728,3775,Marlon,Nice,True,1411.0,586.0
116,1901,33,1,0.7968141658954618,1.2355410198856525,2.1383372679525325,midfielder,England,0.9045154155222956,0.0,0.023472695050050427,0.036396789644185454,0.06299152393758117,189,,863,0.042368799748263,849,0.008683561873304494,1612,G. Wijnaldum,Liverpool,True,1412.0,579.0
21164,1872,30,1,0.7713973461138579,0.9904898550211148,1.3556993201953358,defender,England,1.0089457551301046,0.0,0.02307598898631199,0.029630038398067535,0.040555107869091236,637,0.0794526481493501,1071,0.006062469465854447,164,,10531,F. Fernández,Swansea City,True,1413.0,587.0
15010,2908,33,1,1.1930946710267842,1.2030128340718675,1.0702859138280938,defender,France,1.0239046193047208,0.0017193947730398899,0.022975688300378237,0.023166684562594426,0.02061073286601556,777,-0.02036217042620271,1488,0.039830376885203064,643,0.03634075768814505,3775,Dante,Nice,True,1414.0,588.0
25413,1436,32,14,0.5880979595788983,0.638820941745693,5.672632757106305,forward,England,0.9530610402930424,0.0,0.02293418226770077,0.024912237282561846,0.22121687632169434,343,-0.14579139336900193,635,0.07179289714631816,458,0.08155337112243219,1609,A. Lacazette,Arsenal,True,1415.0,248.0
26381,1087,18,0,0.4438080379317704,0.1703786372280708,0.5011520731508783,midfielder,France,1.0514109104847829,0.0018399264029438822,0.022864075551222763,0.008777556287738698,0.025818322075850213,401,0.01776193910468695,547,0.03396472497102307,139,,3779,B. Corgnet,Strasbourg,True,1416.0,580.0
3526,1260,15,0,0.5120393193352988,0.6103313830932475,1.2432565696887994,defender,Italy,0.9157493363846059,0.005555555555555556,0.022757303081568835,0.02712583924858878,0.05525584754172441,282,0.05125420869124235,622,0.029252816557885558,356,-0.011164991199883224,3157,M. Musacchio,Milan,True,1417.0,589.0
37725,1864,33,2,0.7497924414367474,0.8501184372415563,2.2099636678594266,midfielder,England,0.9972831027371645,0.0,0.022525953176211293,0.025540038887085385,0.06639375826187119,518,0.06003050803762123,1056,0.018718771228436893,290,-0.03060154779399761,1633,C. Kouyaté,West Ham United,True,1418.0,581.0
424241,1162,16,0,0.46501206409262047,0.3842002900496804,1.1488698589675292,defender,Italy,1.0664552219532024,0.0034423407917383822,0.022410219956270867,0.01851567662890026,0.05536722211891707,235,-0.01327407174733439,708,0.05043797518604559,219,-0.02990869398132398,3176,N. Milenković,Fiorentina,True,1419.0,590.0
250956,961,20,1,0.3785421826358372,0.32165051963264213,1.5625115965954441,forward,Italy,0.9978789944598222,0.013527575442247659,0.02205864956046502,0.018743422580049903,0.0910516643177366,341,-0.00013865544029508152,391,0.03367746012771225,229,0.03527404726118784,3197,F. Ricci,Crotone,True,1420.0,249.0
7857,1250,20,0,0.48000103145989204,0.23680733633177314,0.3481492094864656,defender,Spain,0.986637576982352,0.0,0.021504046209403164,0.010608968667663437,0.015597084584993658,564,-0.013374291783708827,562,0.04653046557000585,124,,683,Miquel,Málaga,True,1421.0,591.0
26042,1397,30,2,0.5160499562108251,0.3477038309722203,0.007686826731307301,forward,France,1.00850753521587,0.010021474588403722,0.02068632609005455,0.013938020425514914,0.00030813335501303425,504,0.06092885184332223,584,-0.004298636822227947,309,0.0022688029869026606,3782,K. Monnet-Paquet,Saint-Étienne,True,1422.0,250.0
115933,894,28,6,0.32754384110429186,0.1544019730021452,-0.7628548525083765,forward,Italy,1.2000239914422175,0.0145413870246085,0.020517287585951168,0.009671711955391647,-0.04778509143229204,234,0.12388919411465084,520,0.020252551822368903,140,,3193,G. Lapadula,Genoa,True,1423.0,251.0
43196,1502,27,1,0.5494043976154157,0.3863073223457666,0.9584884542584675,midfielder,France,1.1196592167898642,0.0019973368841544607,0.02048378579658008,0.014402936119416065,0.03573592106423048,461,0.0830891952017928,851,-0.012757341675161904,190,,3780,Somália,Toulouse,True,1424.0,582.0
20461,2354,25,0,0.8606572978469745,0.8719342626702992,1.3746380553163058,defender,Italy,0.968880503563979,0.0008496176720475786,0.020474430195170167,0.020742701235996922,0.03270166996504381,183,,1041,0.017105917418224873,1130,0.02129165714298999,3159,G. Chiellini,Juventus,True,1425.0,592.0
18591,780,23,0,0.2822962244826059,0.5511608138457924,0.3661767024472519,midfielder,Germany,0.9950535911470196,0.0,0.020267421244905038,0.03957051996841587,0.02628960940646937,252,0.07568080893862479,295,0.017746545878655744,233,-0.036472988479446196,2454,J. Hofmann,Borussia M'gladbach,True,1426.0,583.0
125286,1443,22,0,0.5110234391383877,0.40866682600181886,0.9394490414344318,defender,Italy,1.052096571167023,0.004158004158004158,0.019831817457900008,0.01585955804303663,0.03645817485816229,403,-0.0010182222800251993,841,0.017059161934689968,199,,3166,G. González,Bologna,True,1427.0,593.0
20449,1408,29,2,0.4956606290215505,0.45037376729125606,1.9922209248479508,forward,Italy,0.9914362563528186,0.002840909090909091,0.019713775017902578,0.017912593017265863,0.07923605951099805,353,0.06694946883372313,671,-0.005027015918087345,384,0.019523334395674913,3157,F. Borini,Milan,True,1428.0,252.0
10663,739,29,5,0.25416872046599004,0.4396761514406007,1.6980452609597019,forward,England,0.9556113708166861,0.0,0.019260417247761088,0.03331781391160167,0.128674607055133,222,0.004896628556291869,302,0.00598585409006705,215,0.05273799475069023,1644,A. Gray,Watford,True,1429.0,253.0
26276,1374,28,0,0.46891041700522973,0.34808477698403717,0.893418424428898,defender,France,1.0856282015626446,0.004366812227074236,0.019111341595555217,0.014186861361794818,0.0364129779971021,376,0.02684412925854461,748,-0.00791066145263699,250,0.08833106207061024,3770,N. Pallois,Nantes,True,1430.0,594.0
3874,1801,35,8,0.6144723096110947,-0.261207123602088,0.21033247487638002,forward,Spain,1.0134047201872456,0.0,0.01910630168696352,-0.008121931661142104,0.006540043638577058,541,0.017519028725480768,899,0.030681132194744012,361,-0.007339842230855014,701,Kike García,Eibar,True,1431.0,254.0
3433,1884,30,0,0.6347597475042062,-0.3104623053013531,0.8772642538464613,defender,Spain,1.0570000562740196,0.0,0.01886759334407407,-0.009228178926154868,0.02607579523110501,117,,1065,-0.016060515072749124,702,0.0839585249300459,679,D. Godín,Atlético Madrid,True,1432.0,595.0
265366,2808,33,0,0.9202330835936152,0.7772452783655024,1.8748924258144013,midfielder,England,1.0520233561590762,0.0,0.018352226738334206,0.015500618087061303,0.03739101703903364,603,-0.012823527656463145,1516,0.02494802831353475,689,0.03112398974567642,1631,W. Ndidi,Leicester City,True,1433.0,584.0
26167,870,27,2,0.2844944436047381,-0.37892338103758605,-0.48502568222649217,forward,Spain,0.9208815387065664,0.0,0.018312286025132567,-0.02439047050356876,-0.031220043913429384,382,-0.06578494496202397,424,0.10612759593020293,64,,712,C. Beauvue,Leganés,True,1434.0,255.0
20638,1009,21,0,0.329378183093442,0.5032378844626958,0.10093485083685527,defender,Italy,1.0102785511121313,0.0009910802775024777,0.018280652381796585,0.027929951962250708,0.0056019342387154565,345,-0.02477371354719596,472,0.046900302818929755,192,,3165,D. Dainelli,Chievo,True,1435.0,596.0
20623,956,22,0,0.310249272634447,0.4160962957806637,0.5280189896107799,midfielder,Spain,1.007509891420781,0.0,0.01817359756017681,0.02437384159384641,0.030929982655024762,292,0.03770089346805701,404,0.024498466395729276,260,-0.013584930957762465,682,R. Soriano,Villarreal,True,1436.0,585.0
372904,715,12,0,0.22360337219075102,0.05199061063129831,0.42722355350794566,defender,France,1.0499936139989063,0.009790209790209791,0.01751299138836651,0.004071991881612176,0.033460865729293646,237,-0.019212193477442283,418,0.03867213915414881,60,,3776,K. Dabila,Lille,True,1437.0,597.0
21350,2011,31,4,0.6103707451994062,0.7600288161997464,3.1861014861141665,midfielder,Italy,0.9522155267009713,0.0069617105917454,0.016996897926984958,0.02116440263907797,0.08872286584902701,302,0.20863571239688847,1062,-0.0098009384312614,647,-0.028467738483298262,3162,M. Parolo,Lazio,True,1438.0,586.0
40539,2041,26,0,0.6168226431126143,0.8468134331271685,0.5472083094712684,defender,France,0.9616994151512493,0.0,0.016924090158895833,0.023234469502754256,0.015014044747864297,180,,1054,0.0076009342233435365,807,0.020757315364534512,3767,Marquinhos,PSG,True,1439.0,598.0
21865,793,29,2,0.23785931275231859,0.5438520268829528,0.5056166547926622,forward,Italy,0.9693777532461305,0.0,0.016797126751740027,0.03840569168404206,0.03570558974576177,286,-0.004404928793325076,346,0.016962579521939303,161,,3173,M. Sau,Cagliari,True,1440.0,256.0
3431,2353,31,0,0.698401556996512,0.5983789209259139,1.0515537087530034,defender,Italy,1.0171667937832958,0.006374840628984276,0.016621541517979035,0.014241062291479466,0.025026352609506242,298,0.03209230454120408,1324,0.011549896097350805,731,0.019500571827131864,3161,João Miranda,Internazionale,True,1441.0,599.0
23314,1182,28,1,0.34315775504390916,0.23653174724438522,0.09862771300056257,forward,Italy,0.9269845861065577,0.0025380710659898475,0.016257897024076914,0.011206241832221296,0.0046727173672009336,523,0.07229366746092568,443,-0.03086479332598445,216,-0.0227761590564542,3173,Diego Farias,Cagliari,True,1442.0,257.0
25504,1283,20,1,0.3713576664030588,0.2624785822810129,1.657174111901547,midfielder,France,0.9467570202775355,0.00857365549493375,0.0162089082763611,0.011456586599950679,0.07233183964652115,199,,599,0.0018414744931878554,485,0.02968733489829996,3772,S. Meïté,Bordeaux,True,1443.0,587.0
174,757,16,0,0.20679405216734825,0.4012450473124622,0.48869258620754147,midfielder,Italy,1.0003120661139613,0.0,0.015297842696659845,0.029682592667764705,0.036151631212182726,231,-0.02511549802864359,379,0.03247620130927775,147,,3219,F. Đuričić,Benevento,True,1444.0,588.0
41363,1934,30,0,0.5147794473597669,1.7093340799455599,0.6056621177761811,defender,Spain,1.082595626887742,0.0,0.014905713056952919,0.04949467863337712,0.01753726918069604,256,-0.006497442306648967,1131,0.02848434363468011,547,-0.0031531962855102674,674,Gabriel,Valencia,True,1445.0,600.0
4375,1220,23,2,0.3204100565302535,0.41537393403285594,1.5865313072104514,midfielder,Spain,0.9361357803512969,0.0,0.014707346857126389,0.01906634451298355,0.07282438787195515,289,-0.006029375095120704,677,-0.0036420727016888937,254,0.08720919601270653,714,Vitolo,Las Palmas,True,1446.0,589.0
342743,2366,37,0,0.6193246537162063,0.7578480427922804,2.0749205788445386,midfielder,France,0.9816498712369904,0.006762468300929839,0.01465857168559068,0.01793723178206581,0.04911054624484115,307,0.017458364092947435,1018,0.027900090322737436,1041,0.0008839297627530981,3766,L. Tousart,Olympique Lyonnais,True,1447.0,590.0
192748,702,13,0,0.1662359795798593,-0.14524692249167423,0.08874239496126465,midfielder,England,0.9685236637793032,0.0,0.01326098982403436,-0.011586649087654926,0.007079165410015413,189,,354,0.048162350881902856,159,,1631,M. James,Leicester City,True,1448.0,591.0
7892,752,10,1,0.17125793742421302,0.12135270142725256,1.1194510612082278,defender,England,1.0008033220685957,0.0,0.012753250659249905,0.009036903297774127,0.08336337689848505,136,,367,-0.050389600071227385,249,0.06596747759311017,1610,David Luiz,Chelsea,True,1449.0,601.0
3644,815,11,0,0.18343778137871364,0.09881328417453289,0.46617936063086635,defender,Spain,0.7664814042461382,0.0,0.012604313812525109,0.006789624434078334,0.03203195606788775,427,0.002228483921008808,308,0.013550640538705304,80,,714,Bigas,Las Palmas,True,1450.0,602.0
22323,1137,17,0,0.24451775429412284,0.2933865369834381,0.602019161646635,midfielder,Italy,0.8227968758479038,0.003518029903254178,0.012043090800765944,0.01444999654447892,0.029650899782068217,644,0.033102519809184335,460,-0.01126251685475189,33,,3219,L. Memushaj,Benevento,True,1451.0,592.0
26518,1225,23,1,0.2628182672129275,0.2594406574941903,1.5399726119106711,midfielder,Italy,0.9906240935235312,0.0,0.012014549358305256,0.011860144342591557,0.07039874797305926,400,0.021211341961706348,608,0.017349190977827826,217,-0.019884893710958154,691,C. Sánchez,Espanyol,True,1452.0,593.0
276211,1829,31,3,0.37974235275673274,0.3889209799607995,1.998526207816715,forward,France,1.0879469703933635,0.002186987424822307,0.011626884502119756,0.011907914093933719,0.06119052358542156,328,-0.016126338326387477,972,0.012158367530140527,529,0.02785836953900857,3775,A. Saint-Maximin,Nice,True,1453.0,258.0
56274,1428,30,4,0.2780350436795082,0.7468217056616724,0.9156253415026511,forward,Germany,1.0074105733237189,0.0,0.010903335046255224,0.02928712571222245,0.035906876137358865,348,0.06291696479894457,513,0.0007792567809555703,567,-0.011860493884674526,2975,Y. Poulsen,RB Leipzig,True,1454.0,259.0
259292,1007,24,1,0.19247841723816156,0.1303087683053583,0.7190522901418576,forward,Italy,1.1117521421238181,0.004965243296921549,0.01070386431513113,0.007246565069612776,0.039987019114145005,181,,618,-0.002114519431284821,208,0.042639654015772264,3166,F. Di Francesco,Bologna,True,1455.0,260.0
149019,1784,28,0,0.3376287768429303,0.528834438190385,1.3964667350940672,defender,England,0.9909727991890142,0.0,0.010598212726011264,0.01660018415844258,0.04383527868008282,430,0.045283740900835555,857,0.010771904408765095,497,-0.01971090374741826,1631,D. Simpson,Leicester City,True,1456.0,603.0
21894,869,21,0,0.14944586839986046,0.12817484939186036,0.2042623199392142,midfielder,Spain,1.030076187479392,0.0,0.00963057379791966,0.008259829189809182,0.013163049386186416,282,0.06739360667771009,446,-0.027658249425578887,141,,683,Keko,Málaga,True,1457.0,594.0
224080,866,19,0,0.12933201221389637,0.2884239959949121,0.4623082537747422,defender,Spain,0.9630633761964829,0.0,0.008363270997665354,0.018650974336853435,0.02989522195310111,276,0.008170429133883626,380,0.04274828863426979,210,-0.05360378779998192,696,G. Maripán,Deportivo Alavés,True,1458.0,604.0
20394,2113,25,1,0.2783976474974561,0.22485603076567698,1.5949701571507113,defender,France,0.8574220007853139,0.00236630383341221,0.0073782623094451215,0.005959270100746763,0.04227086076689059,179,,919,-0.010255393228245174,1015,0.018926789951174038,3767,Thiago Silva,PSG,True,1459.0,605.0
50073,1789,36,0,0.2292843386133463,-0.1667591028831586,-0.006003353432968763,midfielder,Italy,1.0028952872503323,0.0005589714924538849,0.007177150901256229,-0.005219960738656725,-0.00018791939197666335,630,0.008107026920887156,880,0.008692585001481335,279,0.00029756702826132535,3173,A. Ioniţă,Cagliari,True,1460.0,595.0
228765,939,22,2,0.07374704776899789,0.12246563957768668,0.8632497977306087,forward,Germany,0.9974736932460403,0.0,0.004398119994743218,0.007303595118584083,0.05148241605209168,231,0.03878094950255656,473,-0.04585447860643338,235,0.07174724987581407,2453,T. Kleindienst,Freiburg,True,1461.0,261.0
15004,1828,32,11,0.1139925057722553,-0.3070567048590462,0.44166703885426256,forward,France,1.0732488876460466,0.00437636761487965,0.0034921117742047576,-0.00940655113353752,0.013530281277811106,447,0.020560900792896446,1078,0.005776434288996381,303,-0.029815638596424124,3783,I. Santini,Caen,True,1462.0,262.0
223560,1162,25,0,0.06598224669328036,0.22823870490163894,0.11031300506749686,midfielder,Germany,0.9747678160201291,0.0,0.0031798673105195353,0.01099945565791031,0.005316289400843222,359,0.00736172249258875,507,-0.010515628147413922,296,0.021566117941632424,2460,L. Öztunali,Mainz 05,True,1463.0,596.0
20429,1513,24,0,0.08397404405157348,0.1448916245267914,0.3087700467765991,defender,Italy,1.0206828839779407,0.00991407799074686,0.0031080941618559913,0.005362809632187917,0.011428369213145769,334,-0.01940841809712633,860,0.00799001590789943,319,0.013522082854341057,3185,N. Burdisso,Torino,True,1464.0,606.0
20922,952,33,0,0.04579982095589383,0.25666572407855875,-0.9993876257126002,goalkeeper,Spain,1.057319407387198,0.0,0.002694107115052578,0.015097983769326985,-0.058787507394858836,127,,485,-0.04482419892320037,340,0.11386175154595217,674,Neto,Valencia,True,1465.0,1.0
252589,963,25,0,0.016387937242958107,0.0836028077095601,-0.5433677455632634,forward,Italy,0.9105426015248668,0.005192107995846314,0.0009529849279394123,0.0048616378315009,-0.031597708983948855,464,-0.03350150297566966,303,0.036308995813629896,196,,3194,B. Petković,Hellas Verona,True,1466.0,263.0
8284,1051,29,0,0.007416678927759336,-0.02435785932152367,-0.20653074515445868,midfielder,England,1.0094099049863638,0.0,0.0003951798477207638,-0.001297849783068816,-0.011004492605756123,269,-0.0025370402434622004,541,0.009465822742051988,241,-0.01669382679669823,1646,A. Lennon,Burnley,True,1467.0,597.0
8384,1092,30,2,-0.03429425592253098,-0.24466777912475102,-0.5710088126482362,forward,England,0.9932093394540769,0.0,-0.0017586797908990244,-0.012547065596141077,-0.029282503212730064,383,-0.09433160427320003,421,0.13218944247256384,288,-0.07445565686102605,1619,S. Long,Southampton,True,1468.0,264.0
134249,1096,28,3,-0.03771056181415824,0.08212444303141783,2.135047802942446,forward,Spain,0.9209820273685816,0.0,-0.001926817027000786,0.004196139424962954,0.1090900337269863,381,-0.009515834799565734,423,0.033575135094764605,292,-0.043453905986451186,696,Rubén Sobrino,Deportivo Alavés,True,1469.0,265.0
263432,1805,34,0,-0.07867703705216225,0.1704533747868442,0.5982615302925912,defender,Italy,1.02352676252653,0.0110803324099723,-0.0024409496259950618,0.005288304148511509,0.018561022546473745,626,0.014422232892647137,1002,-0.016369778939572817,177,,3204,F. Vicari,SPAL,True,1470.0,607.0
301017,1282,32,3,-0.06449429659684221,-0.4086502055599251,0.5767707650886226,forward,France,1.0011809037905646,0.01326053042121685,-0.0028172235642926393,-0.017850555001057568,0.025194354793262767,380,0.06685642093729778,646,-0.042134636329987485,256,-0.007024005845407822,3785,M. Thuram,Guingamp,True,1471.0,266.0
25804,1295,33,1,-0.17036442685459974,-0.16162827606073382,0.8811135168127321,midfielder,England,0.9397018915167926,0.0,-0.007367110350469177,-0.006989330856680382,0.038102206132442466,137,,635,-0.02086497974056496,523,0.008257726647302534,1624,M. Sissoko,Tottenham Hotspur,True,1472.0,598.0
338249,1033,28,2,-0.1503986184581524,0.012394430210761025,1.3303402968605254,forward,France,0.8843897384247876,0.01452081316553727,-0.00815326489221349,0.0006719149000993392,0.07211912548324242,450,0.013321887854847609,359,-0.017000246814149616,224,-0.03711644447347432,3176,Gil Dias,Fiorentina,True,1473.0,267.0
417231,948,16,0,-0.1416796937204538,0.04892814415559921,-0.33989073597922675,defender,Italy,1.069572586163162,0.017932489451476793,-0.008369264607959295,0.002890270118896156,-0.020077933770924785,247,0.002990451621072762,505,0.013340950733751534,196,,3315,C. Adjapong,Sassuolo,True,1474.0,608.0
3321,1381,32,5,-0.2792572856785688,-0.432798347793617,0.02488586095198829,forward,Spain,0.8743786437705915,0.0,-0.01132397393048505,-0.0175501140307332,0.0010091297706816395,108,,542,-0.006419652178271146,731,-0.005830400774787882,675,K. Benzema,Real Madrid,True,1475.0,268.0
105376,943,31,6,-0.21447536559882172,-0.21029980307476553,-0.2828621987300164,forward,Italy,1.060093964273314,0.007423117709437964,-0.012736607076918363,-0.012488641539964866,-0.016797755173786764,160,,478,-0.04160715436004812,305,0.10847958410946996,3157,N. Kalinić,Milan,True,1476.0,269.0
20692,1125,26,4,-0.2701804364095595,-0.5103912784212682,0.07311206738480555,forward,Germany,1.0003024976143968,0.0,-0.013448981723498074,-0.025406143636969795,0.003639356243154765,346,-0.07487609542645877,469,-0.06749398779821988,310,0.13687646727736946,2443,I. Belfodil,Werder Bremen,True,1477.0,270.0
3577,2282,36,7,-0.6423629370658873,-1.3157794727590373,-5.082938074726061e-05,forward,England,1.0886508637006294,0.0,-0.015763507658058583,-0.0322890668161727,-1.2473467668039413e-06,567,0.056422524920325706,1215,-0.028923010262625226,500,-0.06564487727284943,1627,S. Rondón,West Bromwich Albion,True,1478.0,271.0
272878,1238,23,0,-0.36980360513871985,-0.9798234397583383,-0.021211115011868578,forward,Italy,0.9480450903593479,0.009693053311793215,-0.016727788277680383,-0.04432157724270351,-0.0009594688535255577,399,0.014176685060220963,544,-0.05908075921625045,295,0.019574351819809398,3197,A. Nalini,Crotone,True,1479.0,272.0
3605,2098,36,7,-0.6378572365819111,-0.4923600391548115,-0.11222795291236047,forward,Spain,1.101524010449011,0.0,-0.017025741300565788,-0.013142117346362938,-0.0029955983618170576,417,0.06484102344592908,1184,-0.056849463144202826,497,0.009157046956130194,698,Jorge Molina,Getafe,True,1480.0,273.0
25418,969,34,0,-0.3078682494634576,-1.041673161129137,-2.3539381004437123,goalkeeper,France,0.865226086100213,0.0041279669762641896,-0.01779217953555586,-0.060199893728825254,-0.13603770239922383,75,,378,-0.08162840063836181,516,0.033592984732976096,3767,A. Aréola,PSG,True,1481.0,2.0
120631,1029,30,0,-0.40013559786227615,-1.263649653108387,-2.057693025337548,goalkeeper,Spain,0.9733143886301037,0.0,-0.021776086958491217,-0.06877004914875574,-0.11198329389592099,246,-0.14992298154508119,417,-0.18455537919629228,366,0.24981708498539995,756,Y. Bounou,Girona,True,1482.0,3.0
16436,932,26,0,-0.406086336824363,-0.6225599492280713,-0.4539620341564915,forward,England,0.917162944382054,0.0,-0.024400037405755717,-0.03740703557593562,-0.027276688747600347,281,-0.01510868529740652,405,-0.04288434982837349,246,-0.004581839890657857,1673,C. Quaner,Huddersfield Town,True,1483.0,274.0
8425,936,27,0,-0.4131816873340931,0.14195824585297878,-0.014884948995414619,goalkeeper,England,1.0318210643284451,0.0,-0.02472027189178335,0.008493228384366253,-0.0008905525039991652,291,-0.12894474483154378,466,-0.040414596932867364,179,,1628,W. Hennessey,Crystal Palace,True,1484.0,4.0
8731,1398,27,1,-0.6610787176301739,-1.3198261310824642,0.7520304699053635,defender,England,1.1379398586312264,0.0,-0.026480978674742302,-0.052868571774404856,0.030124253443991666,348,-0.02984931397776129,755,-0.06462750736617565,295,0.07512176657096206,1639,R. Shawcross,Stoke City,True,1485.0,609.0
3267,1129,33,0,-0.5348541004165746,0.14889998634079418,-1.1992311370189184,goalkeeper,Spain,1.1043026967019596,0.0,-0.02652952136698687,0.007385650341084565,-0.059483563926536254,223,-0.2833666697300962,657,-0.019066629745651487,249,0.18379804606175223,698,Guaita,Getafe,True,1486.0,5.0
25572,1193,30,3,-0.6876283857227592,-0.5943978961692319,-0.35872872658322136,forward,England,0.9036274542900168,0.0,-0.03227761072965173,-0.027901326224205353,-0.01683890082871785,494,-0.03734385020802968,530,-0.0978695770104573,169,,10531,A. Ayew,Swansea City,True,1487.0,275.0
20949,819,18,0,-0.4965679851435716,-0.611703763011375,-0.8544888771780428,forward,Italy,0.8394911402832389,0.0,-0.033953366505543356,-0.0418258983255641,-0.05842658989251574,448,-0.015784417602714946,234,-0.10658824388136895,137,,3194,Ryder Matos,Hellas Verona,True,1488.0,276.0
82690,1132,34,0,-0.7393247239166854,-1.6118144133501953,-0.9184366384970276,goalkeeper,France,1.0992577156224403,0.011484098939929329,-0.03657436796760988,-0.07973640207386125,-0.04543502805285649,215,-0.09000332698522336,632,-0.1481897227646253,285,0.251243633507831,3774,T. Koubek,Rennes,True,1489.0,6.0
70273,1014,37,0,-0.6729885769665386,-2.1618840920970097,-3.4848352492520887,goalkeeper,Spain,1.0777663240761965,0.0,-0.0371670220020968,-0.11939399325190586,-0.19245638457407985,81,,526,-0.17795725608070476,407,0.16794699735354313,679,J. Oblak,Atlético Madrid,True,1490.0,7.0
3582,702,19,0,-0.4715836189576172,-0.6539859336584116,-1.0037202855141587,goalkeeper,England,0.9963648277807969,0.0,-0.03761920607069311,-0.05216981806961688,-0.08006885468489015,184,,358,-0.09198538066753593,160,,1633,Adrián,West Ham United,True,1491.0,8.0
4338,805,15,3,-0.5649736039931549,-0.4580026092534185,0.5192764030579841,forward,Spain,1.029186131274755,0.0,-0.039302511582132514,-0.03186105107849868,0.03612357586490324,54,,363,-0.07378330159369931,388,-0.02050204848367013,679,Diego Costa,Atlético Madrid,True,1492.0,277.0
25809,1423,28,5,-1.0043343942104095,-1.1004121718656035,-2.796701950017488,forward,France,0.9728271035258877,0.007027406886858749,-0.03952405205606671,-0.0433050468197286,-0.11005995024664744,527,-0.010482449127773989,604,-0.02864343517913898,292,-0.11444465937413045,3777,E. Rivière,Metz,True,1493.0,278.0
38031,1583,31,3,-1.1209194704596166,-1.8497945848224617,-1.73850971755104,forward,England,1.063969310602188,0.0,-0.03965349990255119,-0.06543809017691589,-0.06150129133471778,476,-0.10286265446945744,780,0.0006001770313706599,327,-0.04366056545182231,1628,C. Benteke,Crystal Palace,True,1494.0,279.0
134413,949,29,0,-0.695306714891373,-0.5191546567601059,-0.8275405682000505,goalkeeper,Italy,0.9542753197010432,0.003161222339304531,-0.04102969023595035,-0.030635048238741757,-0.04883274164299561,372,-0.12810887027242646,429,-0.08405715137711392,148,,3173,A. Cragno,Cagliari,True,1495.0,9.0
135747,1049,34,0,-0.7819245840448121,-1.6186140819116301,-2.861992297929015,goalkeeper,France,1.000334779229554,0.005719733079122974,-0.04174239914824545,-0.08640837806201267,-0.15278509884082445,157,,487,-0.13751680733176005,405,0.09396393561260785,19830,D. Subašić,Monaco,True,1496.0,10.0
28965,777,17,0,-0.6250033606483238,-0.7978099121820726,-1.0040514925543769,forward,France,0.9756773684847498,0.009009009009009009,-0.045045287253933246,-0.05749981349059983,-0.07236407153545059,366,-0.017813528893257144,354,-0.07306112298276973,57,,3777,O. Nguette,Metz,True,1497.0,280.0
50849,941,31,0,-0.7594072893127247,-0.8627447191938091,-1.821427701667431,goalkeeper,Italy,1.0360976752124116,0.008501594048884165,-0.04519320744050222,-0.0513429375928303,-0.10839527236278015,204,-0.15069402675186017,454,-0.12994771240740002,283,0.16682344413012898,3172,E. Berisha,Atalanta,True,1498.0,11.0
3299,1228,38,0,-1.005679133233356,-0.2796360990606334,-1.5417395561257468,goalkeeper,Spain,0.92893561024137,0.0,-0.04586158913767747,-0.01275213481058263,-0.07030734132169529,460,-0.12855429458460135,485,-0.09623882719695695,283,0.17488613158435617,696,Fernando Pacheco,Deportivo Alavés,True,1499.0,12.0
15232,1066,24,2,-0.9934767912531627,-1.246217711305901,-1.4927297627002674,forward,Germany,0.9942999373124858,0.0,-0.05219015038478153,-0.06546734693539442,-0.07841732336886957,335,-0.10860301514996655,568,-0.08866252704599607,163,,2450,B. Wood,Hamburger SV,True,1500.0,281.0
4048,976,19,3,-0.9321376225438268,-0.8126527683175592,-0.8005321705063307,forward,Spain,0.9147002081491867,0.0,-0.053483306211531044,-0.04662761785428619,-0.04593217371757636,328,-0.09077417881218458,439,-0.0005798629579048609,209,-0.10608237499300253,701,Sergi Enrich,Eibar,True,1501.0,282.0
10131,1545,38,0,-1.5169862464893864,-1.9009836825320932,-3.053063250278032,goalkeeper,England,1.0004007339635237,0.0,-0.05498461475948585,-0.06890296842834771,-0.11066119224308724,480,-0.16534203314565693,814,-0.17246168286187816,251,0.5370388683509103,1623,J. Pickford,Everton,True,1502.0,13.0
12242,1399,35,0,-1.4450976308088566,-2.187305256667603,-2.5419065654399873,goalkeeper,England,1.124992043397019,0.0,-0.057845223248960666,-0.08755474937339941,-0.10174894043219392,313,-0.21122570150839512,776,-0.14029090670003846,310,0.30339974466471464,1646,N. Pope,Burnley,True,1503.0,14.0
3330,873,26,0,-0.9745644314166184,-0.36038232546068916,-1.4959232191818246,goalkeeper,Spain,1.0771071834357773,0.0,-0.06251501507368915,-0.02311730839152187,-0.09595841955805519,231,-0.2145361279704369,525,-0.06494311418232518,117,,695,Oier,Levante,True,1504.0,15.0
21861,1054,32,2,-1.273229117684683,-1.7262212132101524,-1.338526433254259,forward,Italy,1.0757025987132176,0.0009487666034155598,-0.06764784685990727,-0.09171573808327185,-0.07111715394899289,283,0.016532058018266776,466,-0.10688964681297577,305,-0.08579943473660669,3315,D. Falcinelli,Sassuolo,True,1505.0,283.0
25930,775,21,0,-0.9838413654184333,-0.615886076942552,-1.335955200502373,goalkeeper,France,1.0363188153661012,0.0064516129032258064,-0.07109047285604163,-0.04450273588230054,-0.09653353706855856,232,-0.16087548898036277,393,-0.1325308271795644,150,,3795,M. Samassa,Troyes,True,1506.0,16.0
234359,702,22,2,-0.9100014537593987,-1.128927705834006,-1.0641494066090458,forward,Italy,0.9813352656873737,0.002849002849002849,-0.07259270856200331,-0.09005691100670134,-0.08488941135342816,194,,357,-0.09765497141685164,151,,3158,P. Schick,Roma,True,1507.0,284.0
37896,1061,29,0,-1.4120686855384426,-1.265715341484169,-2.7122896380106973,goalkeeper,France,0.9362386002960942,0.007540056550424128,-0.07452954419430045,-0.06680495676071015,-0.1431557207621103,433,-0.11428103611979051,436,-0.16311090392025757,192,,3777,E. Kawashima,Metz,True,1508.0,17.0
21494,1420,38,0,-1.9471069729320305,-1.4674882532771172,-2.4291119840146,goalkeeper,Italy,0.8767742932155553,0.008450704225352112,-0.07678731724238994,-0.05787277618557645,-0.09579596556677294,582,-0.14350570822605688,579,-0.12583355427138568,259,0.1827797668976977,3197,A. Cordaz,Crotone,True,1509.0,18.0
8358,1336,37,0,-1.893461916911947,-1.8672530611368996,-3.133276108705072,goalkeeper,England,1.0551675857897855,0.0,-0.07936666717594988,-0.07826809238298381,-0.13133492671218866,397,-0.1898112754352775,662,-0.1337629317891392,277,0.20892516189583496,1627,B. Foster,West Bromwich Albion,True,1510.0,19.0
20802,1019,27,0,-1.4495997249642127,-1.4039148683283365,-3.848147193203915,goalkeeper,Italy,0.9843676466319778,0.007850834151128557,-0.07966396918350924,-0.0771533195548448,-0.2114781578208236,219,-0.11743315661672554,529,-0.13846702255939752,271,0.0656432901660083,3164,E. Viviano,Sampdoria,True,1511.0,20.0
143189,793,29,1,-1.1783505434500223,-1.3491433653186522,-0.7362302165491408,forward,France,1.1180607316997058,0.012610340479192938,-0.08321264871778215,-0.09527368027470937,-0.051991036729825836,209,0.01663813374876856,422,-0.14327071735807245,162,,3787,C. Ninga,Montpellier,True,1512.0,285.0
404213,1474,38,0,-2.3659751390726265,-1.8678278701703104,-2.6276698322498975,goalkeeper,France,1.0780082391222876,0.0027137042062415195,-0.08988779361469951,-0.07096225286942834,-0.09983006146946694,459,-0.19764566460860158,786,-0.09655996900505856,229,0.14899951050330612,3780,A. Lafont,Toulouse,True,1513.0,21.0
275032,1038,26,3,-1.7101820083802033,-3.540001197433016,-1.8983205121854168,forward,France,1.0307673159219592,0.0,-0.09226415459469305,-0.19098272356093343,-0.1024142087498876,384,-0.11934079114902708,525,-0.06445038266558438,129,,3799,E. Crivelli,Angers,True,1514.0,286.0
20540,1266,32,0,-2.095901260255525,-2.6693827722920576,-4.399518097247757,goalkeeper,Italy,0.9367441574676326,0.00315955766192733,-0.09270969239676888,-0.11807696307137064,-0.1946074355812594,392,-0.142545190729924,551,-0.1881360157187735,323,0.1305578602255882,3163,A. Bizzarri,Udinese,True,1515.0,22.0
86745,840,27,0,-1.4404500400914766,-2.191846980048217,-3.1783154499309636,goalkeeper,France,1.0639982733627973,0.004761904761904762,-0.0960300026727651,-0.14612313200321447,-0.21188769666206425,171,,410,-0.205883389557345,259,0.20437367145929305,3775,W. Benítez,Nice,True,1516.0,23.0
25521,768,17,0,-1.319818767169204,-0.5549166525787994,-1.1812086543890803,goalkeeper,France,1.042853299854059,0.0013020833333333333,-0.0962367851060878,-0.04046267258387079,-0.08612979771587044,285,-0.16578258507978114,414,-0.10586487593518829,69,,3795,E. Zelazny,Troyes,True,1517.0,24.0
26583,1485,37,0,-2.556687836064269,-2.1997448172153256,-2.8457391030341994,goalkeeper,France,1.0305631363431624,0.007407407407407408,-0.0964138173869354,-0.08295333990845673,-0.10731406718512806,389,-0.1598852542521396,754,-0.19288375801043592,342,0.18846549305366056,3789,R. Gurtner,Amiens SC,True,1518.0,25.0
23705,1187,37,0,-2.0574877997672347,-2.403235295215463,-5.260767749051072,goalkeeper,Italy,0.9420851972735043,0.005054759898904802,-0.09706766367899339,-0.11337925571361916,-0.24819123331664705,260,-0.1315740942534881,500,-0.255753881622461,427,0.10975852114794439,3176,M. Sportiello,Fiorentina,True,1519.0,26.0
8266,889,24,0,-1.5430321161065574,-1.2538417751251343,-3.294652099802672,goalkeeper,England,0.9383725150276074,0.0,-0.09719887345553117,-0.07898215906300057,-0.2075371401450502,327,-0.13494880241405732,346,-0.16710752381848518,216,0.07193362559548798,1644,Gomes,Watford,True,1520.0,27.0
25632,1298,36,0,-2.273267994018397,-3.625147997637323,-6.04427920255079,goalkeeper,France,0.978680330369994,0.0023112480739599386,-0.0980762770917028,-0.15640083811070116,-0.260770135086937,226,-0.11899308136597696,582,-0.209449448176687,490,0.0438551174745151,3772,B. Costil,Bordeaux,True,1521.0,28.0
3428,761,23,0,-1.3461063327982885,-1.8724238016007335,-3.3960612443027007,goalkeeper,Spain,0.9300334380947413,0.0,-0.09905644498909875,-0.13778677120846397,-0.24990726633502133,196,,275,-0.2554056965400278,290,0.04571450807985334,682,Sergio Asenjo,Villarreal,True,1522.0,29.0
3458,778,24,0,-1.423167015063239,-1.741768202390369,-2.7802855232522985,goalkeeper,Spain,0.9367738215656055,0.0,-0.10243875686830511,-0.12537149014635046,-0.20012337956571813,204,-0.14787905098330245,376,-0.19630089434801185,198,,680,Sergio Rico,Sevilla,True,1523.0,30.0
3719,1165,34,0,-2.1965734671501806,-1.602890044067152,-2.168892774754672,goalkeeper,Spain,1.0114595264314274,0.0,-0.10558636408618895,-0.07704879181782019,-0.10425579003112587,422,-0.1890354131640332,600,-0.11962689770708723,143,,683,Roberto,Málaga,True,1524.0,31.0
350999,1372,38,0,-2.7518939469820443,-4.273177681376884,-7.542195145694836,goalkeeper,Italy,1.0462684819533397,0.00510204081632653,-0.11232220191763446,-0.17441541556640344,-0.30784469982427903,205,-0.2319949160014315,670,-0.19065328834880413,497,0.042637022018104064,3157,G. Donnarumma,Milan,True,1525.0,32.0
8726,1340,38,0,-2.7533170204272084,-2.1960879139324305,-2.871992291849564,goalkeeper,England,0.9930754593296841,0.0,-0.11506399488352513,-0.09177680834344486,-0.12002355846535491,521,-0.18349128144078827,625,-0.15904883470606054,194,,1659,A. Begović,AFC Bournemouth,True,1526.0,33.0
83574,1244,37,0,-2.624294823208647,-3.5912170216258685,-3.9773846503716013,goalkeeper,France,1.134608184880282,0.00482315112540193,-0.11813545827948893,-0.1616625025812288,-0.17904625435756405,240,-0.17516521176967395,676,-0.24902923734042687,328,0.19336251575355512,3770,C. Tătărușanu,Nantes,True,1527.0,34.0
14914,1283,31,0,-2.822667071234181,-2.5178418003444754,-4.567532745318963,goalkeeper,Germany,0.9917046962072509,0.0,-0.1232029275051552,-0.10989800531511351,-0.1993623022118955,407,-0.16373213917713764,555,-0.25100201996146343,321,0.14914562534141151,2481,M. Hitz,Augsburg,True,1528.0,35.0
20633,1415,38,0,-3.1320492674608746,-2.5401564237098637,-3.142093468458591,goalkeeper,Italy,1.0927830427305494,0.009893992932862191,-0.12395389327053638,-0.10052915881819956,-0.124351402285287,385,-0.23935647509742164,793,-0.16889262691416962,237,0.21387905939930327,3165,S. Sorrentino,Chievo,True,1529.0,36.0
14847,1135,34,0,-2.577448917216268,-3.038959883623781,-4.518270856190194,goalkeeper,Germany,1.0173361311026745,0.0,-0.1271692857833577,-0.149939870910072,-0.22292790127458226,221,-0.14370622333151448,505,-0.255492026883398,409,0.040208825350292736,2449,R. Fährmann,Schalke 04,True,1530.0,37.0
8480,1306,33,0,-2.987082123429482,-2.5036132699396116,-4.102187250048893,goalkeeper,England,0.9990788601091871,0.0,-0.12808315383771135,-0.10735248324396496,-0.1758977687616677,355,-0.175834092432747,618,-0.22372353942002834,333,0.10031727106051558,1631,K. Schmeichel,Leicester City,True,1531.0,38.0
3554,850,28,0,-1.9459170717309433,-1.7668799001028865,-1.5459357764755877,goalkeeper,Spain,0.9117180458476442,0.0,-0.12820159531403863,-0.116406205183249,-0.10184988645015636,358,-0.19761046764553747,352,-0.20068168240256865,140,,677,Rubén,Deportivo La Coruña,True,1532.0,39.0
21098,976,26,0,-2.2462174583373065,-2.120032882338971,-2.1723542306961385,goalkeeper,Italy,1.000297590739922,0.01331967213114754,-0.1288813295767307,-0.12164123095387537,-0.12464327553174566,349,-0.13416433129271063,460,-0.24312912423912583,167,,3204,A. Gomis,SPAL,True,1533.0,40.0
61390,1379,38,0,-3.1834999003549433,-2.7013274179059223,-3.822723889581786,goalkeeper,England,1.0311917843128007,0.0,-0.12927918377075912,-0.10969857534643339,-0.15523751835865118,390,-0.1411621197780239,739,-0.1869724792921425,250,0.05979957796178312,1651,M. Ryan,Brighton & Hove Albion,True,1534.0,41.0
26016,1292,38,0,-2.988873098507434,-2.5575433403045,-4.913205680339584,goalkeeper,France,1.1294510392823447,0.010835913312693499,-0.1295486791922727,-0.11085327171598454,-0.21295628335837205,225,-0.22498135749692416,795,-0.16056624292662985,272,0.040051746496552736,3787,B. Lecomte,Montpellier,True,1535.0,42.0
20832,1323,37,0,-3.092205478311319,-3.3741504888180747,-5.019768624327432,goalkeeper,Italy,1.0559724531278258,0.005291005291005291,-0.13088700437296588,-0.1428211847118762,-0.21247697880751037,380,-0.17635960017576888,726,-0.21236480486549517,217,0.2213363576668561,3315,A. Consigli,Sassuolo,True,1536.0,43.0
8094,1487,35,0,-3.5386397596347523,-2.8916148539993243,-4.155885270635766,goalkeeper,England,1.0313286948028568,0.0,-0.13326417386654077,-0.10889739867112451,-0.1565094654711519,492,-0.1429883995255351,706,-0.17751068934237887,289,-0.008619333208523814,1639,J. Butland,Stoke City,True,1537.0,44.0
20632,928,23,0,-2.2532879223810633,-2.296136758403733,-3.8594329249986963,goalkeeper,Italy,0.9880430857189978,0.0021551724137931034,-0.13597427117816763,-0.13855997680022525,-0.2328968144395765,271,-0.17015150380849473,450,-0.26327459042876883,207,0.1855096597667076,3219,C. Puggioni,Benevento,True,1538.0,45.0
21298,1725,36,0,-4.233676336928721,-3.138019790729374,-4.690120227588264,goalkeeper,Italy,0.8700019697490972,0.0011594202898550724,-0.13744108688000486,-0.10187194682947533,-0.15225897550431464,727,-0.17191114237394467,723,-0.18139468629699387,275,0.06924321392936705,3194,Nicolas,Hellas Verona,True,1539.0,46.0
20422,1007,27,2,-2.4961595319305405,-2.8911100197017423,-2.596193650085615,forward,Italy,0.9551708798468553,0.00893743793445879,-0.1388132411004074,-0.16077672403505222,-0.14437621092829636,287,-0.16514451145884915,425,-0.18113339368717093,295,-0.052226327736857335,3163,Maxi López,Udinese,True,1540.0,287.0
15032,1535,34,0,-3.821816377687388,-4.97289353022668,-6.527716236484614,goalkeeper,Germany,1.012522529065601,0.0,-0.13942782876253665,-0.18142152292683655,-0.23814469657533444,364,-0.11309518120657812,704,-0.28881365922755836,467,0.06524570643447919,2445,R. Zieler,Stuttgart,True,1541.0,47.0
25382,1178,34,0,-2.9952784309113794,-3.641995703466256,-8.900169884145583,goalkeeper,France,0.9284353885236202,0.006791171477079796,-0.1423901461214238,-0.17313392138719044,-0.4230980590086186,119,,443,-0.2351648852790263,616,-0.06929026432775078,3766,A. Lopes,Olympique Lyonnais,True,1542.0,48.0
49968,1448,33,0,-3.717191533674964,-3.667435262686881,-7.1487399780589955,goalkeeper,Germany,0.9512776877293815,0.0,-0.14375878859516436,-0.14183451292159208,-0.27647060688625946,330,-0.2553949014175094,610,-0.19641237127685074,508,-0.008013507754214425,2447,R. Bürki,Borussia Dortmund,True,1543.0,49.0
7847,1440,38,0,-3.718613776078676,-2.0453402625716985,-2.446415931232156,goalkeeper,England,0.9962193095064824,0.0,-0.14461275795861517,-0.0795410102111216,-0.09513839732569494,525,-0.20527522836097672,753,-0.17766591477204968,162,,10531,Ł. Fabiański,Swansea City,True,1544.0,50.0
7882,1209,34,0,-3.1293745949094847,-2.4424397905846678,-5.120637295142383,goalkeeper,England,0.8828119087295846,0.0,-0.1449503534449389,-0.11313203331078692,-0.23718419233083,382,-0.20521914659782087,472,-0.19301743587199466,355,-0.016188826994315758,1609,P. Čech,Arsenal,True,1545.0,51.0
247206,935,29,0,-2.423865370897664,-2.098564089559792,-3.673122183571756,goalkeeper,Spain,1.053744570208574,0.0,-0.14517268531579589,-0.12568940001641535,-0.21999448372194472,273,-0.23293642223689034,466,-0.18709355096507563,196,,691,Pau López,Espanyol,True,1546.0,52.0
7910,1198,37,0,-3.119218354663979,-3.152388297274151,-7.106216241232666,goalkeeper,England,0.955843607900052,0.0,-0.1458065341078321,-0.14735704895438434,-0.3321770530125453,211,-0.2307598461033461,543,-0.23912859452273422,444,0.0086957803884412,1611,David de Gea,Manchester United,True,1547.0,53.0
25552,1013,31,0,-2.653801351996706,-3.422936860981495,-6.338410379721325,goalkeeper,France,0.8804811791456048,0.007897334649555774,-0.14670570159113086,-0.18922454512829587,-0.3503958354041404,204,-0.141296449554114,357,-0.3634407717467198,452,0.022035299802660762,3771,S. Mandanda,Olympique Marseille,True,1548.0,54.0
8301,704,19,0,-1.8557469268230675,-2.060507753960959,-1.745964324325943,goalkeeper,England,0.9106635281469756,0.0,-0.1476162328154713,-0.1639040258832581,-0.13888352579865457,304,-0.13538650856595152,306,-0.3027274281237612,94,,1633,J. Hart,West Ham United,True,1549.0,55.0
15265,1347,34,0,-3.554677481032438,-2.238406581699604,-3.4089432948503986,goalkeeper,Germany,0.9487447223595827,0.0,-0.14778169186177917,-0.09305921943220329,-0.1417229580635652,626,-0.1266243653368964,547,-0.20587934205988728,174,,2463,T. Horn,Köln,True,1550.0,56.0
18704,841,24,0,-2.297341528470996,-2.232111848007482,-2.116717987381169,goalkeeper,Germany,0.9545998086573321,0.0,-0.1529739900052031,-0.14863051544401784,-0.14094673875546426,326,-0.14924043196761222,419,-0.26124341913700205,96,,2450,C. Mathenia,Hamburger SV,True,1551.0,57.0
20571,1257,38,0,-3.4433211364526244,-3.5352814905443517,-6.326820991580455,goalkeeper,Italy,1.0304799661222201,0.003977724741447892,-0.15340173718484246,-0.15749861851271574,-0.28186314680072033,146,,722,-0.23849712011146207,389,0.042081896792048525,3161,S. Handanovič,Internazionale,True,1552.0,58.0
25421,1497,37,0,-4.103254084709928,-3.442804495862068,-5.63018666048864,goalkeeper,Italy,1.0565758471288706,0.012024048096192385,-0.1534951427814001,-0.1287889457369912,-0.21061486505501925,336,-0.1660489698494929,848,-0.22877702728074584,313,0.06393975801835815,3185,S. Sirigu,Torino,True,1553.0,59.0
56038,1597,38,0,-4.38444852777369,-3.974391222248242,-6.740344709124733,goalkeeper,England,0.9486139010495385,0.0,-0.15374396841285326,-0.1393650021577342,-0.23635523087726049,491,-0.13099639515113234,827,-0.22230694990923375,279,0.009455053902564998,1673,J. Lössl,Huddersfield Town,True,1554.0,60.0
25381,1313,36,0,-3.606268317555039,-3.897672927148763,-8.070598663570006,goalkeeper,England,0.9168252234836114,0.0,-0.15380885436639924,-0.16623738303147811,-0.34421441367853794,274,-0.29695695746082923,530,-0.25827184610873744,509,0.03202211984050271,1624,H. Lloris,Tottenham Hotspur,True,1555.0,61.0
140046,1347,36,0,-3.753888004653767,-3.464859159876629,-5.527208369336114,goalkeeper,Spain,0.9600224239042906,0.0,-0.15606364384603635,-0.14404759684713528,-0.2297874303510188,468,-0.16193482436873824,582,-0.2317563425135389,297,0.0015150198210039977,701,M. Dmitrović,Eibar,True,1556.0,62.0
50771,1347,38,0,-3.7549410006285555,-3.8642546295213127,-4.919313210789244,goalkeeper,France,0.9929901218875672,0.007423904974016332,-0.1561074209615435,-0.16065201132382592,-0.20451487736020613,383,-0.17240375515338166,680,-0.24081649613091505,284,0.06869422379425454,3785,K. Johnsson,Guingamp,True,1557.0,63.0
55951,1479,34,0,-4.253549631565823,-5.108024381550803,-6.75773115673227,goalkeeper,Germany,1.0581337430758977,0.0,-0.16105394142507512,-0.19340727881463485,-0.2558708213502415,343,-0.20348416486516957,683,-0.3077816527930627,453,0.09229836211639926,2462,L. Hradecky,Eintracht Frankfurt,True,1558.0,64.0
20483,1457,33,0,-4.228200746000207,-4.174528127690242,-5.042903847677966,goalkeeper,Italy,1.049975088014168,0.004804392587508579,-0.16251149058065312,-0.16044857594416853,-0.19382471892242012,366,-0.2357341903416987,765,-0.2216173602787553,326,0.05839494632606742,3166,A. Mirante,Bologna,True,1559.0,65.0
134496,1327,34,0,-3.8735910321458498,-3.074039795870228,-5.414085291907485,goalkeeper,France,1.0219044033560847,0.00904295403165034,-0.1634672929918369,-0.1297258693057519,-0.2284768472847168,418,-0.17754080738423852,681,-0.19787547494515526,228,-0.034894043315373435,3776,M. Maignan,Lille,True,1560.0,66.0
166534,1363,38,0,-4.023269083100484,-4.7911334439288025,-8.393072782628527,goalkeeper,Italy,0.9699880704319539,0.007336757153338224,-0.16529939006135516,-0.19684774237711883,-0.34483644594805396,207,-0.16698038631201825,661,-0.28204463399730406,495,-0.008700253767315874,3162,T. Strakosha,Lazio,True,1561.0,67.0
71654,1205,37,0,-3.560859970852926,-4.682461191712632,-11.683689328724943,goalkeeper,England,0.8688792261719753,0.0,-0.16548394885291606,-0.217608154967558,-0.5429764335341053,91,,429,-0.32809673972306397,685,-0.060322047378233226,1625,Ederson,Manchester City,True,1562.0,68.0
9611,1257,33,0,-3.727931213659183,-4.415316858918551,-7.170522427668216,goalkeeper,Germany,0.9942222726351224,0.0,-0.1660812632974656,-0.1967046492437859,-0.31945048206000004,287,-0.2042670716102596,558,-0.3114000644980513,412,0.057334314507628326,2975,P. Gulácsi,RB Leipzig,True,1563.0,69.0
3397,1202,30,0,-3.6247430700454473,-4.193209323450953,-5.679034242872425,goalkeeper,Spain,1.0144292170573705,0.0,-0.16887322123339854,-0.19535750591784806,-0.26458063028357387,347,-0.30801573547227307,549,-0.28947344680746884,306,0.20528356399880432,678,Arrizabalaga,Athletic Club,True,1564.0,70.0
301635,704,19,0,-2.1653303113228812,-1.9639614515080526,-2.7019836805032122,goalkeeper,France,1.0571243766422478,0.002840909090909091,-0.1722421838552292,-0.15622420636995873,-0.21493052004002824,212,-0.1509656895586701,371,-0.23804613926926402,121,,3779,B. Kamara,Strasbourg,True,1565.0,71.0
49855,1428,30,0,-4.506546036599203,-4.526563003635906,-7.6364844316224465,goalkeeper,Germany,0.9541996333968579,0.0,-0.17672729555290992,-0.17751227465238847,-0.2994699777106842,395,-0.195458780395011,561,-0.32536890097330384,472,0.015617783162070823,2454,Y. Sommer,Borussia M'gladbach,True,1566.0,72.0
3963,1324,35,0,-4.247857884485828,-3.870091418411413,-4.513392354737781,goalkeeper,Spain,1.0387552110140776,0.0,-0.17966770508399274,-0.16368966724398726,-0.19089877029102398,423,-0.22776426705876443,736,-0.21353611484590082,165,,712,Cuéllar,Leganés,True,1567.0,73.0
15008,1416,37,0,-4.5719608315876705,-6.013407456652813,-11.0512019899972,goalkeeper,Spain,0.9216541060374189,0.0,-0.1808120102887779,-0.23781837399191916,-0.437053186045087,131,,588,-0.3486358839001296,697,-0.044091312849984125,676,M. ter Stegen,Barcelona,True,1568.0,74.0
21468,1445,37,0,-4.679358082970946,-4.388550356473196,-4.442472541085855,goalkeeper,Italy,1.1632595550519258,0.008996539792387544,-0.18134536515319927,-0.17007530793252526,-0.17216502581370785,365,-0.24720231459887512,864,-0.22690674619962684,216,0.11218620786432405,3193,M. Perin,Genoa,True,1569.0,75.0
214220,1489,37,0,-4.916298680455126,-5.472968739656691,-9.012169764003213,goalkeeper,Italy,1.0038422991649778,0.002686366689053056,-0.184897734120542,-0.20583361277419387,-0.33893989710153116,224,-0.15142458512602394,655,-0.3202403594186212,610,-0.05186259609518165,3158,Alisson,Roma,True,1570.0,76.0
253822,1370,34,0,-4.607788054305775,-3.870826363780803,-5.115091480174142,goalkeeper,Germany,1.0773031395584396,0.0,-0.1883475409059295,-0.15822355939541968,-0.20908403130638828,373,-0.24789138535023006,748,-0.2530229897667181,249,0.09513474714866486,2443,J. Pavlenka,Werder Bremen,True,1571.0,77.0
7949,1279,37,0,-4.322319041278115,-5.148440343001026,-10.927516238322987,goalkeeper,Italy,0.9826213384854825,0.004691164972634871,-0.18924930907863524,-0.22542037467400894,-0.47845262654111587,193,,549,-0.3404803568792797,537,-0.03610988218180829,3187,Pepe Reina,Napoli,True,1572.0,78.0
19525,1522,33,0,-5.294489789809608,-4.422708944525943,-5.914379290923545,goalkeeper,Germany,0.9951377226978141,0.0,-0.19480382932282395,-0.1627277929654749,-0.21761185301689784,500,-0.17106468783983203,821,-0.29613175721746204,201,0.1600253152543002,2453,A. Schwolow,Freiburg,True,1573.0,79.0
26365,1881,38,0,-6.800159772561103,-6.167875554133912,-8.903394646235181,goalkeeper,France,1.015368219559095,0.00531632110579479,-0.20245026436120242,-0.18362627912360396,-0.2650665072776024,574,-0.17689445765441295,898,-0.29346313126458307,409,-0.03848810927675576,3804,B. Reynet,Dijon,True,1574.0,80.0
3915,785,27,0,-2.907269621835231,-3.363418748899445,-5.432243942859203,goalkeeper,Spain,0.9259881160565647,0.0,-0.2073975781181821,-0.2399381527877311,-0.387523134777217,68,,369,-0.37316993033196266,348,-0.04947317154974147,675,K. Navas,Real Madrid,True,1575.0,81.0
3821,719,17,0,-2.7677678470210405,-3.370334210998123,-5.059834666280684,goalkeeper,Spain,0.9333377739500428,0.0,-0.21557023565115196,-0.2625016909817732,-0.39409004354898236,183,,326,-0.34462004284503067,210,0.020760362551234698,692,Sergio Álvarez,Celta de Vigo,True,1576.0,82.0
15795,1515,34,0,-5.93752186344073,-5.4580772415250705,-7.84534392909152,goalkeeper,Germany,1.016186432976592,0.0,-0.2194727553483042,-0.2017507099177584,-0.2899929109103136,413,-0.2788859755301873,740,-0.31138855575502294,362,0.03620501325967805,2451,K. Casteels,Wolfsburg,True,1577.0,83.0
25845,1245,34,0,-4.947706734379159,-5.852392869114122,-7.926509619895688,goalkeeper,France,1.023322353829688,0.010441767068273093,-0.2225474515062112,-0.2632401611810368,-0.35653376603546866,357,-0.24016169491142542,549,-0.31211473737314815,339,-0.0589464932861231,3782,S. Ruffier,Saint-Étienne,True,1578.0,84.0
16010,1330,31,0,-5.510615933170431,-4.704934441015853,-6.738390300161419,goalkeeper,Germany,1.0716125172970958,0.0,-0.23202593402822871,-0.19810250277961486,-0.28372169684890186,401,-0.3157170834003537,741,-0.27176257834929624,188,,2455,P. Tschauner,Hannover 96,True,1579.0,85.0
14979,1627,34,0,-6.781785987044518,-8.133160271353784,-10.582103963483585,goalkeeper,Germany,0.9821504858277985,0.0,-0.23342348818346223,-0.2799366780552009,-0.36422730298406925,282,-0.23590604739928464,759,-0.3972815103689811,586,-0.019996320030440412,2482,O. Baumann,Hoffenheim,True,1580.0,86.0
25384,1252,35,0,-5.248999974771566,-4.997354691624514,-5.536137877596459,goalkeeper,France,1.0538390336240622,0.005591054313099041,-0.2347795515872266,-0.22352385202154373,-0.24762278046757322,365,-0.1857019086558556,717,-0.3431838652696095,170,,3783,R. Vercoutre,Caen,True,1581.0,87.0
54579,1319,31,0,-5.731041559104763,-5.988694866627237,-8.828572149406225,goalkeeper,Germany,0.9727432934531197,0.0,-0.24331942934788986,-0.2542584628742421,-0.37482944682846747,367,-0.19329694886353746,621,-0.42603917748033604,331,0.04402411522157145,2457,R. Jarstein,Hertha BSC,True,1582.0,88.0
3296,1436,30,0,-6.267486998921962,-6.375669324327324,-8.857941996791016,goalkeeper,Spain,0.9985918528833082,0.0,-0.24441453477690103,-0.24863334412418533,-0.345435063941711,404,-0.27600982335964475,720,-0.3392879902742348,312,0.01543605671511413,684,Adán,Real Betis,True,1583.0,89.0
14768,1394,33,0,-6.221685033646905,-6.639710627942379,-10.187320216969168,goalkeeper,Germany,0.9754449651975308,0.0,-0.24993856663143948,-0.2667315603764514,-0.40924672320679584,285,-0.33246438820891505,673,-0.3849459355085708,436,0.01240046640500529,2446,B. Leno,Bayer Leverkusen,True,1584.0,90.0
3429,1296,35,0,-5.80010843400402,-5.979733332357464,-9.491485930258207,goalkeeper,England,1.0167974130919808,0.0,-0.2506219693705441,-0.258383539052483,-0.4101259352580707,197,,650,-0.40900140680877106,449,-0.014580605658448247,1610,T. Courtois,Chelsea,True,1585.0,91.0
86319,1353,27,0,-6.3176335899287,-5.853911794067427,-6.665441342482616,goalkeeper,Spain,1.0563278205408173,0.0,-0.26148372582114354,-0.24229051032355942,-0.27587931646639063,483,-0.2282369581003564,776,-0.3355497035816027,94,,714,L. Chichizola,Las Palmas,True,1586.0,92.0
86212,1233,26,0,-6.3194866693519,-7.021536220606316,-10.73043833435688,goalkeeper,Spain,0.9542040427477084,0.0,-0.2870164261830546,-0.31890188836492595,-0.48735161940307,268,-0.30167525261412464,553,-0.42998905968134415,412,-0.08557848490130508,687,G. Rulli,Real Sociedad,True,1587.0,93.0
14736,1065,29,0,-5.745596151504602,-6.2902445211409646,-12.583190428153681,goalkeeper,Germany,0.8418547783188409,0.0,-0.30211585397582885,-0.33075464148722444,-0.6616513276775644,97,,424,-0.5010580381279792,544,-0.16281747819471637,2444,S. Ulreich,Bayern München,True,1588.0,94.0
3822,928,22,0,-5.1941617949726755,-5.429819902507946,-8.795073479586021,goalkeeper,Spain,0.96115998005043,0.0,-0.3134407979724891,-0.32766154584099677,-0.5307371927336392,210,-0.3913151724898309,461,-0.44594411932858624,257,-0.01212698554524159,692,Rubén Blanco,Celta de Vigo,True,1589.0,95.0
