game_id,league_country,league_name,dateutc,gameweek,home_team_id,away_team_id,home_score,away_score,elo_home_pre,elo_away_pre,elo_burnin
2499719,England,Premier League,2017-08-11 18:45:00,1,1609,1631,4,3,1500.0,1500.0,1
2499727,England,Premier League,2017-08-12 11:30:00,1,1644,1612,3,3,1500.0,1500.0,1
2499721,England,Premier League,2017-08-12 14:00:00,1,1610,1646,2,3,1500.0,1500.0,1
2499722,England,Premier League,2017-08-12 14:00:00,1,1628,1673,0,3,1500.0,1500.0,1
2499723,England,Premier League,2017-08-12 14:00:00,1,1623,1639,1,0,1500.0,1500.0,1
2499726,England,Premier League,2017-08-12 14:00:00,1,1619,10531,0,0,1500.0,1500.0,1
2499728,England,Premier League,2017-08-12 14:00:00,1,1627,1659,1,0,1500.0,1500.0,1
2499720,England,Premier League,2017-08-12 16:30:00,1,1651,1625,0,2,1500.0,1500.0,1
2499725,England,Premier League,2017-08-13 12:30:00,1,1613,1624,0,2,1500.0,1500.0,1
2499724,England,Premier League,2017-08-13 15:00:00,1,1611,1633,4,0,1500.0,1500.0,1
2499736,England,Premier League,2017-08-19 11:30:00,2,10531,1611,0,4,1502.8012999960577,1507.1987000039423,1
2499729,England,Premier League,2017-08-19 14:00:00,2,1659,1644,0,2,1492.8012999960577,1497.1987000039423,1
2499730,England,Premier League,2017-08-19 14:00:00,2,1646,1627,0,1,1512.8012999960577,1507.1987000039423,1
2499732,England,Premier League,2017-08-19 14:00:00,2,1631,1651,2,0,1492.8012999960577,1487.1987000039423,1
2499733,England,Premier League,2017-08-19 14:00:00,2,1612,1628,1,0,1502.8012999960577,1487.1987000039423,1
2500036,England,Premier League,2017-08-19 14:00:00,2,1619,1633,3,2,1497.1987000039423,1492.8012999960577,1
2499735,England,Premier League,2017-08-19 16:30:00,2,1639,1609,1,0,1492.8012999960577,1507.1987000039423,1
2499731,England,Premier League,2017-08-20 12:30:00,2,1673,1613,1,0,1512.8012999960577,1487.1987000039423,1
2499737,England,Premier League,2017-08-20 15:00:00,2,1624,1610,1,2,1512.8012999960577,1487.1987000039423,1
2499734,England,Premier League,2017-08-21 19:00:00,2,1625,1623,1,1,1512.8012999960577,1507.1987000039423,1
2499739,England,Premier League,2017-08-26 11:30:00,3,1659,1625,1,2,1480.1170439834336,1509.8520794225028,1
2499741,England,Premier League,2017-08-26 14:00:00,3,1628,10531,0,2,1480.40842589807,1490.1170439834336,1
2499742,England,Premier League,2017-08-26 14:00:00,3,1673,1619,0,0,1519.3358366874975,1504.281183014333,1
2499745,England,Premier League,2017-08-26 14:00:00,3,1613,1633,3,0,1480.6641633125025,1485.718816985667,1
2499747,England,Premier League,2017-08-26 14:00:00,3,1644,1651,0,0,1509.8829560165664,1480.1479205774972,1
2499744,England,Premier League,2017-08-26 16:30:00,3,1611,1631,2,0,1519.8829560165664,1499.8520794225028,1
2499740,England,Premier League,2017-08-27 12:30:00,3,1610,1623,2,0,1500.6641633125025,1510.1479205774972,1
2499748,England,Premier League,2017-08-27 12:30:00,3,1627,1639,1,1,1520.1479205774972,1500.3861334587102,1
2499743,England,Premier League,2017-08-27 15:00:00,3,1612,1609,4,0,1509.59157410193,1499.6138665412898,1
2499746,England,Premier League,2017-08-27 15:00:00,3,1624,1646,1,1,1499.3358366874975,1499.8520794225028,1
2499754,England,Premier League,2017-09-09 11:30:00,4,1625,1612,5,0,1521.8473391553803,1516.5278121468134,1
2499749,England,Premier League,2017-09-09 14:00:00,4,1609,1659,3,0,1492.6776284964064,1468.1217842505562,1
2499750,England,Premier League,2017-09-09 14:00:00,4,1651,1627,3,1,1483.717606284972,1516.831232791812,1
2499752,England,Premier League,2017-09-09 14:00:00,4,1623,1624,0,3,1502.6958015436821,1496.548235042498,1
2499753,England,Premier League,2017-09-09 14:00:00,4,1631,1610,1,2,1493.175658469968,1508.1162823463176,1
2499755,England,Premier League,2017-09-09 14:00:00,4,1619,1644,0,2,1507.4767553915715,1506.3132703090916,1
2499756,England,Premier League,2017-09-09 16:30:00,4,1639,1611,2,2,1503.7028212443954,1526.559376969101,1
2499751,England,Premier League,2017-09-10 12:30:00,4,1646,1628,1,0,1502.6396810675024,1467.8665978002068,1
2499757,England,Premier League,2017-09-10 15:00:00,4,10531,1613,0,1,1502.6588720812967,1487.9974704447552,1
2499758,England,Premier League,2017-09-11 19:00:00,4,1633,1673,2,0,1478.3855098534143,1516.140264310259,1
2499759,England,Premier League,2017-09-15 19:00:00,5,1659,1651,2,1,1461.5607100891734,1491.815897454433,1
2499761,England,Premier League,2017-09-16 11:30:00,5,1628,1619,0,1,1461.5621521254495,1494.644624521829,1
2499762,England,Premier League,2017-09-16 14:00:00,5,1673,1631,1,1,1507.9129015335568,1480.7752207140961,1
2499763,England,Premier League,2017-09-16 14:00:00,5,1612,1646,1,1,1509.4695920998886,1508.9441267422596,1
2499765,England,Premier League,2017-09-16 14:00:00,5,1613,1639,2,1,1501.182876275753,1501.5182372001566,1
2499767,England,Premier League,2017-09-16 14:00:00,5,1644,1625,0,6,1519.1454011788342,1528.905559202305,1
2499768,England,Premier League,2017-09-16 14:00:00,5,1627,1633,0,0,1508.7329416223508,1486.6128726301165,1
2499766,England,Premier League,2017-09-16 16:30:00,5,1624,10531,0,0,1509.5117700790279,1489.473466250299,1
2499760,England,Premier League,2017-09-17 12:30:00,5,1610,1609,0,0,1520.5167201021895,1499.2387026577892,1
2499764,England,Premier League,2017-09-17 15:00:00,5,1611,1623,4,0,1528.74396101334,1489.7322665071522,1
2499778,England,Premier League,2017-09-23 11:30:00,6,1633,1624,2,3,1489.989833874822,1506.1880008736612,0
2499771,England,Premier League,2017-09-23 14:00:00,6,1646,1673,0,0,1511.7593581027002,1504.4086208854017,0
2499772,England,Premier League,2017-09-23 14:00:00,6,1623,1659,2,1,1483.532678636534,1469.5798298050802,0
2499774,England,Premier League,2017-09-23 14:00:00,6,1625,1628,5,0,1541.445999652532,1449.6595790509386,0
2499775,England,Premier League,2017-09-23 14:00:00,6,1619,1611,0,1,1506.5471975963399,1534.943548883958,0
2499776,England,Premier League,2017-09-23 14:00:00,6,1639,1610,0,4,1494.310639785835,1517.1612487323612,0
2499777,England,Premier League,2017-09-23 14:00:00,6,10531,1644,1,2,1492.7972354556657,1506.6049607286072,0
2499773,England,Premier League,2017-09-23 16:30:00,6,1631,1612,2,3,1484.2795013622513,1506.654360739448,0
2499770,England,Premier League,2017-09-24 15:00:00,6,1651,1613,1,0,1483.7967777385263,1508.3904736900745,0
2499769,England,Premier League,2017-09-25 19:00:00,6,1609,1627,2,0,1502.5941740276176,1505.3559803776454,0
2499783,England,Premier League,2017-09-30 11:30:00,7,1673,1624,0,4,1507.4037120507,1518.5542997094562,0
2499779,England,Premier League,2017-09-30 14:00:00,7,1659,1631,0,0,1462.7468992797544,1472.081718651265,0
2499784,England,Premier League,2017-09-30 14:00:00,7,1611,1628,4,0,1546.975776520811,1444.6797983133533,0
2499786,England,Premier League,2017-09-30 14:00:00,7,1639,1619,2,1,1482.1258927487206,1494.514969959487,0
2499787,England,Premier League,2017-09-30 14:00:00,7,1627,1644,2,2,1498.083865159925,1519.0361029116646,0
2499788,England,Premier League,2017-09-30 14:00:00,7,1633,10531,1,0,1477.6235350390268,1480.3660932726084,0
2499781,England,Premier League,2017-09-30 16:30:00,7,1610,1625,0,1,1529.3459957694758,1546.4257803901173,0
2499780,England,Premier League,2017-10-01 11:00:00,7,1609,1651,2,0,1509.866289245338,1491.6598581223939,0
2499782,England,Premier League,2017-10-01 13:15:00,7,1623,1646,0,1,1490.3656091618598,1508.7642669374018,0
2499785,England,Premier League,2017-10-01 15:30:00,7,1613,1612,1,1,1500.527393306207,1518.8521434504344,0
2499793,England,Premier League,2017-10-14 11:30:00,8,1612,1611,0,0,1521.1605784794265,1551.7327544207656,0
2499790,England,Premier League,2017-10-14 14:00:00,8,1646,1633,1,1,1521.0706879924096,1484.8951374846774,0
2499791,England,Premier League,2017-10-14 14:00:00,8,1628,1610,2,1,1439.9228204133988,1517.0036654290996,0
2499794,England,Premier League,2017-10-14 14:00:00,8,1625,1639,7,2,1558.7681107304936,1489.6563702592728,0
2499796,England,Premier League,2017-10-14 14:00:00,8,10531,1673,2,0,1473.0944908269578,1494.9007464704378,0
2499797,England,Premier League,2017-10-14 14:00:00,8,1624,1659,1,0,1531.0572652897185,1460.1950102590188,0
2499798,England,Premier League,2017-10-14 16:30:00,8,1644,1609,2,1,1521.2728189001996,1516.5895026525334,0
2499789,England,Premier League,2017-10-15 12:30:00,8,1651,1623,1,1,1484.9366447151986,1478.059188106852,0
2499795,England,Premier League,2017-10-15 15:00:00,8,1619,1613,2,2,1486.9844924489348,1498.2189582772148,0
2499792,England,Premier League,2017-10-16 19:00:00,8,1631,1627,1,1,1474.6336076720006,1495.84714917139,0
2499808,England,Premier League,2017-10-20 19:00:00,9,1633,1651,0,3,1488.6254930896775,1481.9539587332672,0
2499799,England,Premier League,2017-10-21 11:30:00,9,1610,1644,4,2,1507.662376532196,1528.3477748614396,0
2499801,England,Premier League,2017-10-21 14:00:00,9,1673,1611,2,1,1487.1140987928761,1553.704867460436,0
2499802,England,Premier League,2017-10-21 14:00:00,9,1625,1646,3,0,1564.251837273094,1517.3403323874095,0
2499803,England,Premier League,2017-10-21 14:00:00,9,1613,1628,1,0,1500.71966075916,1449.2641093103023,0
2499805,England,Premier League,2017-10-21 14:00:00,9,1639,1659,1,2,1484.1726437166724,1454.7512995243867,0
2499806,England,Premier League,2017-10-21 14:00:00,9,10531,1631,1,2,1480.8811385045194,1472.404037546325,0
2499804,England,Premier League,2017-10-21 16:30:00,9,1619,1627,1,0,1484.4837899669897,1498.0767192970654,0
2499800,England,Premier League,2017-10-22 12:30:00,9,1623,1609,2,5,1481.0418740887833,1509.5145466912934,0
2499807,England,Premier League,2017-10-22 15:00:00,9,1624,1612,4,1,1536.5009760243506,1519.188465439756,0
2499816,England,Premier League,2017-10-28 11:30:00,10,1611,1624,1,0,1544.6635095135116,1543.247175242593,0
2499810,England,Premier League,2017-10-28 14:00:00,10,1609,10531,2,1,1521.544668252896,1467.8565649163763,0
2499813,England,Premier League,2017-10-28 14:00:00,10,1628,1633,2,2,1443.3667119542908,1475.6482076973462,0
2499815,England,Premier League,2017-10-28 14:00:00,10,1612,1673,3,0,1512.4422662215138,1496.1554567398005,0
2499817,England,Premier League,2017-10-28 14:00:00,10,1644,1639,0,1,1520.5917856159574,1470.6108388030668,0
2499818,England,Premier League,2017-10-28 14:00:00,10,1627,1625,2,3,1490.513677526101,1570.258589923956,0
2499809,England,Premier League,2017-10-28 16:30:00,10,1659,1610,0,1,1468.3131044379923,1515.4183657776782,0
2499811,England,Premier League,2017-10-29 13:30:00,10,1651,1619,1,1,1494.9312441255986,1492.046831737954,0
2499814,England,Premier League,2017-10-29 16:00:00,10,1631,1623,2,0,1485.4286111344682,1469.0117525271808,0
2499812,England,Premier League,2017-10-30 20:00:00,10,1646,1613,1,0,1511.3335797365476,1506.6170581151714,0
2499825,England,Premier League,2017-11-04 12:30:00,11,1639,1631,2,2,1484.6780812059,1492.1978793153264,0
2499821,England,Premier League,2017-11-04 15:00:00,11,1673,1627,1,0,1489.3828357313114,1479.9313488225941,0
2499823,England,Premier League,2017-11-04 15:00:00,11,1613,1659,0,1,1499.5429760860575,1456.8023257691148,0
2499824,England,Premier League,2017-11-04 15:00:00,11,1619,1646,0,1,1494.9244577175982,1518.4076617656615,0
2499826,England,Premier League,2017-11-04 15:00:00,11,10531,1651,0,1,1462.0124688305775,1492.0536181459545,0
2499828,England,Premier League,2017-11-04 17:30:00,11,1633,1612,1,4,1477.5729904485365,1519.214887230003,0
2499827,England,Premier League,2017-11-05 12:00:00,11,1624,1628,1,0,1536.0859985838777,1441.4419292031005,0
2499822,England,Premier League,2017-11-05 14:15:00,11,1625,1609,3,1,1580.8409186274628,1527.3887643386947,0
2499819,England,Premier League,2017-11-05 16:30:00,11,1610,1611,1,0,1526.9291444465557,1551.8246861722268,0
2499820,England,Premier League,2017-11-05 16:30:00,11,1623,1644,3,2,1462.2424843463225,1506.5245432131242,0
2499830,England,Premier League,2017-11-18 12:30:00,12,1609,1624,2,0,1521.5390484458076,1541.0045130103538,0
2499829,England,Premier League,2017-11-18 15:00:00,12,1659,1673,4,0,1470.6941878256437,1496.3328042991595,0
2499832,England,Premier League,2017-11-18 15:00:00,12,1646,10531,2,0,1530.5750634396875,1450.0256704905835,0
2499833,England,Premier League,2017-11-18 15:00:00,12,1628,1623,2,2,1436.5234147766243,1470.6524011624672,0
2499834,England,Premier League,2017-11-18 15:00:00,12,1631,1625,0,2,1494.7985414093316,1586.69063452035,0
2499835,England,Premier League,2017-11-18 15:00:00,12,1612,1619,3,0,1530.8789482719214,1482.7570560435722,0
2499838,England,Premier League,2017-11-18 15:00:00,12,1627,1610,0,4,1472.981380254746,1534.8005174648156,0
2499836,England,Premier League,2017-11-18 17:30:00,12,1611,1613,4,1,1543.953313153967,1485.6511140295286,0
2499837,England,Premier League,2017-11-19 16:00:00,12,1644,1633,2,0,1498.1146263969795,1465.908929406618,0
2499831,England,Premier League,2017-11-20 20:00:00,12,1651,1639,2,2,1504.0404164859485,1482.0774191118949,0
2499848,England,Premier League,2017-11-24 20:00:00,13,1633,1631,1,1,1459.5405068419204,1484.5652194434326,0
2499840,England,Premier League,2017-11-25 15:00:00,13,1628,1639,2,1,1434.6498890358591,1485.4503744163865,0
2499843,England,Premier League,2017-11-25 15:00:00,13,1611,1651,1,0,1549.68815168064,1500.667461181457,0
2499844,England,Premier League,2017-11-25 15:00:00,13,1613,1644,0,3,1479.9162755028556,1504.483048961677,0
2499846,England,Premier League,2017-11-25 15:00:00,13,10531,1659,0,0,1444.800068646724,1478.5859884481915,0
2499847,England,Premier League,2017-11-25 15:00:00,13,1624,1627,1,1,1533.2818417716537,1461.8868491957494,0
2499842,England,Premier League,2017-11-25 17:30:00,13,1612,1610,1,1,1536.8564592085788,1545.8950485238122,0
2499845,England,Premier League,2017-11-26 13:30:00,13,1619,1623,4,1,1476.7795451069148,1472.5259269032324,0
2499839,England,Premier League,2017-11-26 14:00:00,13,1646,1609,0,1,1535.800665283547,1529.2617196845076,0
2499841,England,Premier League,2017-11-26 16:00:00,13,1673,1625,1,2,1488.4410036766117,1596.923956486249,0
2499851,England,Premier League,2017-11-28 19:45:00,14,1651,1628,0,0,1494.7116113574364,1443.2432032481343,0
2499852,England,Premier League,2017-11-28 19:45:00,14,1631,1624,2,1,1486.690296764899,1528.7134107621525,0
2499853,England,Premier League,2017-11-28 20:00:00,14,1644,1611,2,4,1516.6207080723443,1555.6440015046605,0
2499854,England,Premier League,2017-11-28 20:00:00,14,1627,1613,2,2,1466.4552802052506,1467.7786163921883,0
2499849,England,Premier League,2017-11-29 19:45:00,14,1659,1646,1,2,1480.4690400777197,1522.8268582197816,0
2499850,England,Premier League,2017-11-29 19:45:00,14,1609,1673,5,0,1542.235526748273,1478.6851141793861,0
2499855,England,Premier League,2017-11-29 19:45:00,14,1610,10531,1,0,1548.4549067580926,1442.9170170171958,0
2499856,England,Premier League,2017-11-29 20:00:00,14,1623,1633,4,0,1465.439657317281,1457.4154295204542,0
2499857,England,Premier League,2017-11-29 20:00:00,14,1625,1619,2,1,1606.6798459834745,1483.8658146928663,0
2499858,England,Premier League,2017-11-29 20:00:00,14,1639,1612,0,3,1476.8570602041113,1534.2966009742984,0
2499862,England,Premier League,2017-12-02 12:30:00,15,1610,1613,3,1,1553.1445564531882,1470.544779316247,0
2499861,England,Premier League,2017-12-02 15:00:00,15,1651,1612,1,5,1490.6087009571547,1545.5154986390112,0
2499863,England,Premier League,2017-12-02 15:00:00,15,1623,1673,2,0,1472.4269307067304,1473.073051566087,0
2499864,England,Premier League,2017-12-02 15:00:00,15,1631,1646,1,0,1495.036906146207,1534.470877141638,0
2499866,England,Premier League,2017-12-02 15:00:00,15,1639,10531,2,1,1465.6381625393985,1438.2273673221002,0
2499867,England,Premier League,2017-12-02 15:00:00,15,1644,1624,1,1,1504.8834578019603,1520.3668013808444,0
2499868,England,Premier League,2017-12-02 15:00:00,15,1627,1628,0,0,1463.6891172811918,1447.346113648416,0
2499860,England,Premier League,2017-12-02 17:30:00,15,1609,1611,1,3,1547.847589361572,1567.3812517750446,0
2499859,England,Premier League,2017-12-03 13:30:00,15,1659,1619,1,1,1468.8250211558632,1479.523725528463,0
2499865,England,Premier League,2017-12-03 16:00:00,15,1625,1633,2,1,1611.0219351478777,1450.4281561310047,0
2499878,England,Premier League,2017-12-09 12:30:00,16,1633,1610,1,0,1446.7799390980003,1558.3247243900244,0
2499869,England,Premier League,2017-12-09 15:00:00,16,1646,1644,1,0,1526.196661552152,1502.497746202395,0
2499870,England,Premier League,2017-12-09 15:00:00,16,1628,1659,2,2,1450.5749414942259,1466.3098681236204,0
2499871,England,Premier League,2017-12-09 15:00:00,16,1673,1651,2,0,1465.8572051436392,1479.3180531683522,0
2499876,England,Premier League,2017-12-09 15:00:00,16,10531,1627,1,0,1431.7385416213435,1460.4602894353818,0
2499877,England,Premier League,2017-12-09 15:00:00,16,1624,1639,5,1,1522.7525129804096,1472.1269882401552,0
2499874,England,Premier League,2017-12-09 17:30:00,16,1613,1631,2,3,1465.364611379411,1503.3111217356932,0
2499875,England,Premier League,2017-12-10 12:00:00,16,1619,1609,1,1,1482.0388785607058,1535.5721217753098,0
2499872,England,Premier League,2017-12-10 14:15:00,16,1612,1623,1,1,1556.8061464278137,1479.6427771291783,0
2499873,England,Premier League,2017-12-10 16:30:00,16,1611,1625,1,2,1579.6567193613068,1614.670152180882,0
2499879,England,Premier League,2017-12-12 19:45:00,17,1646,1639,1,0,1532.7795016638136,1466.2097023639985,0
2499880,England,Premier League,2017-12-12 20:00:00,17,1673,1610,1,3,1473.4166714088997,1547.9925610009273,0
2499883,England,Premier League,2017-12-12 20:00:00,17,1628,1644,2,1,1448.1960600773818,1495.9149060907334,0
2499881,England,Premier League,2017-12-13 19:45:00,17,10531,1625,0,4,1439.7152945588412,1626.5191033849433,0
2499885,England,Premier League,2017-12-13 19:45:00,17,1613,1623,0,1,1453.5973204310842,1484.3415836946433,0
2499886,England,Premier League,2017-12-13 19:45:00,17,1619,1631,1,4,1480.709375272122,1515.07841268402,0
2499882,England,Premier League,2017-12-13 20:00:00,17,1633,1609,0,0,1457.1121024870974,1536.9016250638936,0
2499884,England,Premier League,2017-12-13 20:00:00,17,1611,1659,1,0,1567.8077681572456,1468.6887495404644,0
2499887,England,Premier League,2017-12-13 20:00:00,17,1612,1627,0,0,1552.1073398623487,1452.4835364978842,0
2499888,England,Premier League,2017-12-13 20:00:00,17,1624,1651,2,0,1528.6697988565663,1471.7585869030918,0
2499894,England,Premier League,2017-12-16 12:30:00,18,1631,1628,0,3,1526.945270859408,1456.7025432928478,0
2499890,England,Premier League,2017-12-16 15:00:00,18,1609,1613,1,0,1537.4826741277534,1441.629968291029,0
2499891,England,Premier League,2017-12-16 15:00:00,18,1651,1646,0,0,1465.990939857904,1538.3216603396418,0
2499892,England,Premier League,2017-12-16 15:00:00,18,1610,1619,1,0,1558.723022362614,1468.842517096734,0
2499897,England,Premier League,2017-12-16 15:00:00,18,1644,1673,1,4,1487.4084228752674,1462.6862100472129,0
2499896,England,Premier League,2017-12-16 16:00:00,18,1639,1633,0,3,1460.6675436881703,1456.5310534232376,0
2499895,England,Premier League,2017-12-16 17:30:00,18,1625,1624,4,1,1634.071407256755,1534.437445901754,0
2499898,England,Premier League,2017-12-17 14:15:00,18,1627,1611,1,2,1457.67056491775,1572.6313675805668,0
2499889,England,Premier League,2017-12-17 16:30:00,18,1659,1612,0,4,1463.8651501171432,1546.920311442483,0
2499893,England,Premier League,2017-12-18 20:00:00,18,1623,10531,3,1,1496.3089358346986,1432.1629906870294,0
2499899,England,Premier League,2017-12-22 19:45:00,19,1609,1612,3,3,1542.3754294542755,1557.4076367770913,0
2499902,England,Premier League,2017-12-23 12:30:00,19,1623,1610,0,0,1501.9071683478123,1563.7439473450072,0
2499900,England,Premier League,2017-12-23 15:00:00,19,1651,1644,1,0,1465.1962333563165,1473.9652755542998,0
2499904,England,Premier League,2017-12-23 15:00:00,19,1625,1659,4,0,1638.8841651327068,1453.3778247825348,0
2499905,England,Premier League,2017-12-23 15:00:00,19,1619,1673,1,1,1463.8215921143408,1476.1293573681805,0
2499906,England,Premier League,2017-12-23 15:00:00,19,1639,1627,3,1,1447.7568985800524,1448.1009054835204,0
2499907,England,Premier League,2017-12-23 15:00:00,19,10531,1628,1,1,1426.5647581739156,1471.2446914153895,0
2499908,England,Premier League,2017-12-23 15:00:00,19,1633,1613,2,3,1469.4416985313555,1436.7372129645069,0
2499901,England,Premier League,2017-12-23 17:30:00,19,1646,1624,0,3,1539.1163668412294,1529.6246880258022,0
2499903,England,Premier League,2017-12-23 19:45:00,19,1631,1611,2,2,1512.4031227368664,1582.2010270147964,0
2499916,England,Premier League,2017-12-26 12:30:00,20,1624,1619,5,2,1542.6757686219646,1461.3498721326723,0
2499909,England,Premier League,2017-12-26 15:00:00,20,1659,1633,3,3,1450.1380551344866,1455.7976646679763,0
2499910,England,Premier League,2017-12-26 15:00:00,20,1610,1651,2,0,1564.8379767128583,1472.629126757738,0
2499912,England,Premier League,2017-12-26 15:00:00,20,1673,1639,1,1,1478.601077349849,1454.9647254430406,0
2499914,England,Premier League,2017-12-26 15:00:00,20,1611,1646,2,2,1583.0681301937232,1526.065286245067,0
2499917,England,Premier League,2017-12-26 15:00:00,20,1644,1631,2,1,1466.5323821528782,1511.5360195579397,0
2499918,England,Premier League,2017-12-26 15:00:00,20,1627,1623,0,0,1440.8930786205322,1500.8131389799612,0
2499913,England,Premier League,2017-12-26 17:30:00,20,1612,10531,5,0,1559.8055902803885,1424.9858392212902,0
2499915,England,Premier League,2017-12-27 19:45:00,20,1613,1625,0,1,1450.3812468278861,1642.123934780755,0
2499911,England,Premier League,2017-12-28 20:00:00,20,1628,1609,2,3,1472.823610368015,1539.9774759509783,0
2499919,England,Premier League,2017-12-30 15:00:00,21,1659,1623,2,1,1447.4875435800207,1501.9616422134204,0
2499920,England,Premier League,2017-12-30 15:00:00,21,1610,1639,5,0,1569.8086687651712,1458.380294782705,0
2499922,England,Premier League,2017-12-30 15:00:00,21,1673,1646,0,0,1475.1855080101845,1530.299803909967,0
2499923,England,Premier League,2017-12-30 15:00:00,21,1612,1631,2,1,1563.9173401754142,1503.105852492096,0
2499925,England,Premier League,2017-12-30 15:00:00,21,1613,1651,0,0,1442.9621063624036,1467.6584347054252,0
2499927,England,Premier League,2017-12-30 15:00:00,21,1644,10531,1,2,1474.962549218722,1420.8740893262645,0
2499924,England,Premier League,2017-12-30 17:30:00,21,1611,1619,0,0,1578.833612528823,1456.1415068793287,0
2499921,England,Premier League,2017-12-31 12:00:00,21,1628,1625,0,0,1461.8810290846843,1649.5430752462375,0
2499928,England,Premier League,2017-12-31 16:30:00,21,1627,1609,1,1,1439.744575387073,1550.9200572343088,0
2499930,England,Premier League,2018-01-01 12:30:00,22,1651,1659,2,2,1469.7925350380922,1456.1846511425363,0
2499931,England,Premier League,2018-01-01 15:00:00,22,1646,1612,1,2,1531.5845784524897,1569.5932765846069,0
2499933,England,Premier League,2018-01-01 15:00:00,22,1631,1673,3,0,1497.4299160829032,1473.900733467662,0
2499936,England,Premier League,2018-01-01 15:00:00,22,1639,1613,0,1,1453.8112787250348,1440.8280060297366,0
2499932,England,Premier League,2018-01-01 17:30:00,22,1623,1611,0,2,1493.2645346509048,1573.178088072805,0
2499937,England,Premier League,2018-01-02 19:45:00,22,10531,1624,0,2,1435.0395216294296,1547.8841338753082,0
2499938,England,Premier League,2018-01-02 19:45:00,22,1633,1627,2,1,1458.4481762224423,1440.0661207253859,0
2499935,England,Premier League,2018-01-02 19:45:00,22,1619,1628,1,2,1461.797031335347,1464.3519332359317,0
2499934,England,Premier League,2018-01-02 20:00:00,22,1625,1644,3,1,1647.0721710949902,1460.797116915557,0
2499929,England,Premier League,2018-01-03 19:45:00,22,1609,1610,2,2,1550.598511895996,1574.3776848228415,0
2499926,England,Premier League,2018-01-04 20:00:00,21,1624,1633,1,1,1557.5146045545105,1465.1668782601685,0
2499940,England,Premier League,2018-01-13 15:00:00,23,1610,1631,0,0,1576.5369665060605,1504.0170717597782,0
2499941,England,Premier League,2018-01-13 15:00:00,23,1628,1646,1,0,1477.0853291642725,1519.8190215625593,0
2499942,England,Premier League,2018-01-13 15:00:00,23,1673,1633,1,4,1467.313577790787,1470.199171745024,0
2499945,England,Premier League,2018-01-13 15:00:00,23,1613,10531,1,1,1453.9699458432767,1425.4090509502273,0
2499947,England,Premier League,2018-01-13 15:00:00,23,1644,1619,2,2,1457.5693432190824,1449.0636354070061,0
2499948,England,Premier League,2018-01-13 15:00:00,23,1627,1651,2,0,1433.3474186876597,1466.6344013591358,0
2499946,England,Premier League,2018-01-13 17:30:00,23,1624,1623,4,0,1552.482311069655,1482.6870435027752,0
2499939,England,Premier League,2018-01-14 13:30:00,23,1659,1609,2,1,1459.3427848214926,1548.439230212777,0
2499943,England,Premier League,2018-01-14 16:00:00,23,1612,1625,4,3,1581.3588334745373,1650.2999447914647,0
2499944,England,Premier League,2018-01-15 20:00:00,23,1611,1639,3,0,1583.7555792209346,1440.6693389114946,0
2499950,England,Premier League,2018-01-20 12:30:00,24,1651,1610,0,4,1458.531300590598,1571.9429534598476,0
2499949,England,Premier League,2018-01-20 15:00:00,24,1609,1628,4,1,1538.752956752973,1485.4518382384888,0
2499951,England,Premier League,2018-01-20 15:00:00,24,1646,1611,0,1,1511.452512488343,1587.7140699039437,0
2499952,England,Premier League,2018-01-20 15:00:00,24,1623,1627,1,1,1477.2189637808199,1441.4505194561975,0
2499953,England,Premier League,2018-01-20 15:00:00,24,1631,1644,2,0,1508.6110848059911,1454.5440216005213,0
2499956,England,Premier League,2018-01-20 15:00:00,24,1639,1673,2,0,1436.7108482284855,1454.5889910949875,0
2499958,England,Premier League,2018-01-20 15:00:00,24,1633,1659,1,1,1482.9237584408233,1469.0290582812966,0
2499954,England,Premier League,2018-01-20 17:30:00,24,1625,1613,3,1,1641.191517757849,1450.4297838064292,0
2499955,England,Premier League,2018-01-21 16:00:00,24,1619,1624,1,1,1452.0889570255672,1557.9503907916103,0
2499957,England,Premier League,2018-01-22 20:00:00,24,10531,1612,1,0,1428.9492129870748,1590.467260508153,0
2499960,England,Premier League,2018-01-30 19:45:00,25,10531,1609,3,1,1440.701569959304,1544.6062716620183,0
2499961,England,Premier League,2018-01-30 19:45:00,25,1633,1628,1,1,1479.758194826334,1479.5985233294434,0
2499959,England,Premier League,2018-01-30 20:00:00,25,1673,1612,0,3,1446.9095919039485,1578.714903535924,0
2499962,England,Premier League,2018-01-31 19:45:00,25,1610,1659,0,3,1581.5571266816225,1472.194621895786,0
2499963,England,Premier League,2018-01-31 19:45:00,25,1623,1631,2,1,1473.4986994909489,1514.4461615076423,0
2499964,England,Premier League,2018-01-31 19:45:00,25,1613,1646,1,1,1447.2713110373415,1500.7703264004588,0
2499965,England,Premier League,2018-01-31 19:45:00,25,1619,1651,1,1,1452.2576466471216,1448.917127368823,0
2499966,England,Premier League,2018-01-31 20:00:00,25,1625,1627,3,0,1644.3499905269366,1445.1707837460685,0
2499967,England,Premier League,2018-01-31 20:00:00,25,1639,1644,0,0,1444.3902474195245,1448.7089448988702,0
2499968,England,Premier League,2018-01-31 20:00:00,25,1624,1611,2,0,1557.7817011700558,1598.396255991828,0
2499972,England,Premier League,2018-02-03 12:30:00,26,1646,1625,1,1,1502.100797419698,1647.3817147693903,0
2499969,England,Premier League,2018-02-03 15:00:00,26,1659,1639,2,1,1487.583548244247,1441.7038895097014,0
2499971,England,Premier League,2018-02-03 15:00:00,26,1651,1633,3,1,1451.8067895274435,1476.9526602993294,0
2499974,England,Premier League,2018-02-03 15:00:00,26,1631,10531,1,1,1506.1296500292563,1450.8139515769844,0
2499976,England,Premier League,2018-02-03 15:00:00,26,1611,1673,2,0,1590.0890532861802,1437.8224737603393,0
2499978,England,Premier League,2018-02-03 15:00:00,26,1627,1619,2,3,1442.1390595036148,1449.3679844885012,0
2499970,England,Premier League,2018-02-03 17:30:00,26,1609,1623,5,1,1534.4938900443378,1481.8152109693349,0
2499973,England,Premier League,2018-02-04 14:15:00,26,1628,1613,1,1,1482.404057856448,1445.9408400181023,0
2499975,England,Premier League,2018-02-04 16:30:00,26,1612,1624,2,2,1587.802021679533,1566.0889038757036,0
2499977,England,Premier League,2018-02-05 20:00:00,26,1644,1610,4,1,1451.3953028086933,1566.1682003331616,0
2499987,England,Premier League,2018-02-10 12:30:00,27,1624,1609,1,0,1569.4554837567273,1540.3620506871548,0
2499980,England,Premier League,2018-02-10 15:00:00,27,1623,1628,3,1,1475.947050326518,1478.6665768928965,0
2499985,England,Premier League,2018-02-10 15:00:00,27,1639,1651,1,1,1435.6721441695931,1459.6850421841784,0
2499986,England,Premier League,2018-02-10 15:00:00,27,10531,1646,1,0,1455.0085348413131,1503.3967577109202,0
2499988,England,Premier League,2018-02-10 15:00:00,27,1633,1644,2,0,1469.0744076425945,1461.8202449205899,0
2499982,England,Premier League,2018-02-10 17:30:00,27,1625,1631,5,1,1646.0857544781682,1501.9350667649276,0
2499981,England,Premier League,2018-02-11 12:00:00,27,1673,1659,4,1,1434.0290962354034,1493.6152935843552,0
2499983,England,Premier League,2018-02-11 14:15:00,27,1613,1611,1,0,1449.6783209816538,1593.8824308111161,0
2499984,England,Premier League,2018-02-11 16:30:00,27,1619,1612,0,2,1461.976450647453,1584.4354417985094,0
2499979,England,Premier League,2018-02-12 20:00:00,27,1610,1627,3,0,1555.743258221265,1429.530593344663,0
2499994,England,Premier League,2018-02-24 12:30:00,28,1631,1639,1,1,1497.9959947881546,1433.5192769128037,0
2499989,England,Premier League,2018-02-24 15:00:00,28,1659,1613,2,2,1484.7732783653057,1460.9437966460014,0
2499991,England,Premier League,2018-02-24 15:00:00,28,1651,10531,4,1,1461.837909440968,1463.5338599190204,0
2499992,England,Premier League,2018-02-24 15:00:00,28,1646,1619,1,1,1494.8714326332129,1452.6219734961605,0
2499995,England,Premier League,2018-02-24 15:00:00,28,1612,1633,4,1,1593.7899189498019,1476.0818469759665,0
2499998,England,Premier League,2018-02-24 15:00:00,28,1627,1673,1,2,1425.2546422940936,1442.8711114544528,0
2499997,England,Premier League,2018-02-24 17:30:00,28,1644,1623,1,0,1454.8128055872178,1483.218039226236,0
2499993,England,Premier League,2018-02-25 12:00:00,28,1628,1624,0,1,1471.3955879931784,1575.9019222998938,0
2499996,England,Premier League,2018-02-25 14:05:00,28,1611,1610,2,1,1582.6169551467685,1560.0192092718344,0
2499990,England,Premier League,2018-03-01 19:45:00,28,1609,1625,0,3,1533.9156121439883,1650.0248264549411,0
2500000,England,Premier League,2018-03-03 12:30:00,29,1646,1623,2,1,1490.991573424297,1475.2500217655975,0
2500002,England,Premier League,2018-03-03 15:00:00,29,1631,1659,1,1,1493.5865547458766,1481.3527997223352,0
2500005,England,Premier League,2018-03-03 15:00:00,29,1619,1639,0,0,1456.5018327050764,1437.9287169550817,0
2500006,England,Premier League,2018-03-03 15:00:00,29,10531,1633,4,1,1456.2901158238324,1471.6390112324873,0
2500007,England,Premier League,2018-03-03 15:00:00,29,1624,1673,2,0,1585.7722268451298,1455.198837002043,0
2500008,England,Premier League,2018-03-03 15:00:00,29,1644,1627,1,0,1462.7808230478563,1412.9269167465034,0
2500003,England,Premier League,2018-03-03 17:30:00,29,1612,1613,2,0,1598.232754693281,1464.3642752889718,0
2499999,England,Premier League,2018-03-04 13:30:00,29,1651,1609,2,1,1469.081653536156,1524.3789406279482,0
2500004,England,Premier League,2018-03-04 16:00:00,29,1625,1610,1,0,1659.5614979709812,1553.408345624675,0
2500001,England,Premier League,2018-03-05 20:00:00,29,1628,1611,2,3,1461.5252834479425,1589.227818793928,0
2500014,England,Premier League,2018-03-10 12:30:00,30,1611,1612,2,1,1598.4321611650623,1602.3624202420103,0
2500012,England,Premier League,2018-03-10 15:00:00,30,1623,1651,2,0,1468.4633345228524,1477.802059315564,0
2500013,England,Premier League,2018-03-10 15:00:00,30,1673,10531,0,0,1451.0066677921927,1463.9007550822198,0
2500015,England,Premier League,2018-03-10 15:00:00,30,1613,1619,3,0,1460.2346097402426,1453.2156285619965,0
2500017,England,Premier League,2018-03-10 15:00:00,30,1627,1631,1,4,1406.9911070540772,1490.4640713167228,0
2500018,England,Premier League,2018-03-10 15:00:00,30,1633,1646,0,3,1464.0283719740999,1497.778260667042,0
2500011,England,Premier League,2018-03-10 17:30:00,30,1610,1628,2,1,1548.7313988355572,1452.3209410768081,0
2500010,England,Premier League,2018-03-11 13:30:00,30,1609,1644,3,0,1515.65853484854,1468.7166327402824,0
2500009,England,Premier League,2018-03-11 16:00:00,30,1659,1624,1,4,1484.475283151489,1589.9643960549802,0
2500016,England,Premier League,2018-03-12 20:00:00,30,1639,1625,0,2,1441.2149210981615,1664.238444760099,0
2500019,England,Premier League,2018-03-17 14:00:00,31,1659,1627,2,1,1474.633259377065,1396.515779193473,0
2500025,England,Premier League,2018-03-17 14:00:00,31,1639,1623,1,2,1434.614900187632,1475.911550589374,0
2500021,England,Premier League,2018-03-17 15:00:00,31,1673,1628,0,2,1448.550799107875,1447.440042051927,0
2500023,England,Premier League,2018-03-17 17:30:00,31,1612,1644,5,0,1595.0591483708106,1462.7106154539727,0
2500032,England,Premier League,2018-03-31 11:30:00,32,1628,1612,1,2,1460.2707769560252,1599.217559358223,0
2499738,England,Premier League,2018-03-31 14:00:00,32,1633,1619,3,0,1452.144320078333,1446.2020251104607,0
2500030,England,Premier League,2018-03-31 14:00:00,32,1651,1631,0,2,1470.3538432490425,1500.939399177327,0
2500034,England,Premier League,2018-03-31 14:00:00,32,1611,10531,2,0,1605.735433036262,1466.3566237665375,0
2500035,England,Premier League,2018-03-31 14:00:00,32,1613,1673,1,0,1467.2482131917784,1435.720064203777,0
2500037,England,Premier League,2018-03-31 14:00:00,32,1644,1659,2,2,1458.5522044665602,1479.9130820917355,0
2500038,England,Premier League,2018-03-31 14:00:00,32,1627,1646,1,2,1391.2359564788026,1509.662312562809,0
2500033,England,Premier League,2018-03-31 16:30:00,32,1623,1625,1,3,1487.5852718552192,1670.8384656706285,0
2500029,England,Premier League,2018-04-01 12:30:00,32,1609,1639,3,0,1521.6645521348498,1422.9411789217868,0
2500031,England,Premier League,2018-04-01 15:00:00,32,1610,1624,1,3,1553.6122978604383,1599.8064198294041,0
2500043,England,Premier League,2018-04-07 11:30:00,33,1623,1612,0,0,1479.936658228448,1608.1012527481505,0
2500039,England,Premier League,2018-04-07 14:00:00,33,1659,1628,2,2,1482.1386219652213,1451.3870835660978,0
2500041,England,Premier League,2018-04-07 14:00:00,33,1651,1673,1,1,1458.3821003414685,1429.3347001770267,0
2500044,England,Premier League,2018-04-07 14:00:00,33,1631,1613,1,2,1512.911142084901,1473.6335772185287,0
2500046,England,Premier League,2018-04-07 14:00:00,33,1639,1624,1,2,1418.1092383138753,1611.3428144235406,0
2500047,England,Premier League,2018-04-07 14:00:00,33,1644,1646,1,2,1456.3266645930744,1519.132456092881,0
2500048,England,Premier League,2018-04-07 14:00:00,33,1627,10531,1,1,1381.7658129487304,1462.3299359812577,0
2500045,England,Premier League,2018-04-07 16:30:00,33,1625,1611,2,3,1678.4870792973995,1609.7621208215419,0
2500040,England,Premier League,2018-04-08 13:15:00,33,1609,1619,3,2,1526.4964927427613,1439.1601699032904,0
2500042,England,Premier League,2018-04-08 15:30:00,33,1610,1633,1,1,1542.0759032663018,1459.1861752855034,0
2500055,England,Premier League,2018-04-14 11:30:00,34,1619,1610,2,3,1434.0839708767921,1537.2496670391297,0
2500049,England,Premier League,2018-04-14 14:00:00,34,1646,1631,2,1,1530.1989205200694,1499.104184737261,0
2500050,England,Premier League,2018-04-14 14:00:00,34,1628,1651,3,2,1454.9822717152417,1454.8296965627073,0
2500051,England,Premier League,2018-04-14 14:00:00,34,1673,1644,1,0,1432.8871039557878,1445.260200165886,0
2500056,England,Premier League,2018-04-14 14:00:00,34,10531,1623,1,1,1462.8887626811284,1480.7455293904382,0
2500052,England,Premier League,2018-04-14 16:30:00,34,1612,1659,3,0,1607.2923815861604,1478.5434338160774,0
2500057,England,Premier League,2018-04-14 18:45:00,34,1624,1625,1,3,1618.7219464777986,1663.979672113191,0
2500054,England,Premier League,2018-04-15 12:30:00,34,1613,1609,2,1,1487.4405345661687,1531.5726917692596,0
2500053,England,Premier League,2018-04-15 15:00:00,34,1611,1627,0,1,1624.2695280057503,1381.2069862488597,0
2500058,England,Premier League,2018-04-16 19:00:00,34,1633,1639,1,1,1464.0124115126755,1410.7301062596173,0
2500061,England,Premier League,2018-04-17 18:45:00,35,1651,1624,1,1,1447.6350429159286,1607.1592473826531,0
2500059,England,Premier League,2018-04-18 18:45:00,35,1659,1611,0,2,1474.316359465836,1606.7069558456556,0
2500020,England,Premier League,2018-04-19 18:45:00,31,1646,1610,1,2,1536.5951341832063,1547.1585535006682,0
2500064,England,Premier League,2018-04-19 18:45:00,35,1631,1619,0,0,1492.707971074124,1424.1750844152537,0
2500068,England,Premier League,2018-04-21 11:30:00,35,1627,1612,2,2,1398.7695584089545,1611.5194559364018,0
2500067,England,Premier League,2018-04-21 14:00:00,35,1644,1628,0,0,1437.7301545691303,1462.1769253620205,0
2500060,England,Premier League,2018-04-22 12:30:00,35,1609,1633,4,1,1523.1669800943562,1459.8661748119284,0
2500066,England,Premier League,2018-04-22 12:30:00,35,1639,1646,1,1,1414.8763429603644,1524.076334014094,0
2500065,England,Premier League,2018-04-22 15:30:00,35,1625,10531,5,0,1675.5423712083366,1460.5675797578713,0
2500063,England,Premier League,2018-04-23 19:00:00,35,1623,1613,1,0,1483.0667123136952,1495.846246241072,0
2500072,England,Premier League,2018-04-28 11:30:00,36,1612,1639,0,0,1608.3835713816936,1415.141078116262,0
2500069,England,Premier League,2018-04-28 14:00:00,36,1646,1651,0,0,1523.8115988581965,1449.331719315959,0
2500070,England,Premier League,2018-04-28 14:00:00,36,1628,1631,5,0,1464.317880352149,1488.2049700953237,0
2500071,England,Premier League,2018-04-28 14:00:00,36,1673,1623,0,2,1440.4171495525436,1490.6077456278763,0
2500074,England,Premier League,2018-04-28 14:00:00,36,1613,1627,0,1,1488.305212926891,1401.9054429636626,0
2500075,England,Premier League,2018-04-28 14:00:00,36,1619,1659,2,1,1428.678085394054,1465.24594420157,0
2500076,England,Premier League,2018-04-28 16:30:00,36,10531,1610,0,1,1457.7624001944557,1559.6773536697804,0
2500078,England,Premier League,2018-04-29 13:15:00,36,1633,1625,1,4,1454.248309355074,1678.3475507717521,0
2500073,England,Premier League,2018-04-29 15:30:00,36,1611,1609,2,1,1615.7773711099217,1528.7848455512105,0
2500077,England,Premier League,2018-04-30 19:00:00,36,1624,1644,2,0,1605.4625709826228,1435.5891995790018,0
2500081,England,Premier League,2018-05-04 19:00:00,37,1651,1611,1,0,1453.9701238257637,1620.8610700755305,0
2500086,England,Premier League,2018-05-05 11:30:00,37,1639,1628,1,2,1422.0204012948236,1472.161560141487,0
2500079,England,Premier League,2018-05-05 14:00:00,37,1659,10531,1,0,1457.051649433908,1447.8175164279144,0
2500084,England,Premier League,2018-05-05 14:00:00,37,1631,1633,0,2,1480.3612903059857,1447.675642085844,0
2500087,England,Premier League,2018-05-05 14:00:00,37,1644,1613,2,1,1432.0976190228525,1473.4018600010286,0
2500088,England,Premier League,2018-05-05 14:00:00,37,1627,1624,1,0,1416.808795889525,1608.954151538772,0
2500083,England,Premier League,2018-05-05 16:30:00,37,1623,1619,1,1,1502.0316338225316,1436.872380161716,0
2500085,England,Premier League,2018-05-06 12:30:00,37,1625,1673,0,0,1684.9202180409823,1428.9932613578883,0
2500080,England,Premier League,2018-05-06 15:30:00,37,1609,1646,5,0,1523.7011465856017,1519.1731943483917,0
2500082,England,Premier League,2018-05-06 15:30:00,37,1610,1612,1,0,1569.6222374363217,1601.504248203132,0
2500026,England,Premier League,2018-05-08 18:45:00,31,10531,1619,0,1,1440.8618728013305,1441.2976318450417,0
2500022,England,Premier League,2018-05-09 18:45:00,31,1631,1609,3,1,1466.7177266380068,1530.7801922207238,0
2500062,England,Premier League,2018-05-09 18:45:00,35,1610,1673,1,1,1577.686385018359,1436.7099498875589,0
2500024,England,Premier League,2018-05-09 19:00:00,31,1625,1651,3,1,1677.2035295113117,1465.8719595106656,0
2500027,England,Premier League,2018-05-09 19:00:00,31,1624,1613,1,0,1596.3624775073577,1465.0753689119613,0
2500028,England,Premier League,2018-05-10 18:45:00,31,1633,1611,0,0,1461.3192057538229,1608.9592343906286,0
2500089,England,Premier League,2018-05-13 14:00:00,38,1646,1659,1,2,1512.0941487132695,1464.007293060492,0
2500090,England,Premier League,2018-05-13 14:00:00,38,1628,1627,2,0,1483.5868423766553,1429.4004699209395,0
2500091,England,Premier League,2018-05-13 14:00:00,38,1673,1609,0,1,1442.712757171132,1521.8108843955376,0
2500092,England,Premier League,2018-05-13 14:00:00,38,1612,1651,4,0,1593.4401006210946,1463.0158184114514,0
2500093,England,Premier League,2018-05-13 14:00:00,38,1611,1644,1,0,1607.5965735384834,1440.4241101119198,0
2500094,England,Premier League,2018-05-13 14:00:00,38,1613,1610,3,0,1460.8967967756264,1571.683577734786,0
2500095,England,Premier League,2018-05-13 14:00:00,38,1619,1625,0,1,1454.0873698495664,1680.059670610526,0
2500096,England,Premier League,2018-05-13 14:00:00,38,10531,1639,1,2,1428.0721347968058,1410.5951190596552,0
2500097,England,Premier League,2018-05-13 14:00:00,38,1624,1631,5,4,1600.5410496436925,1475.687034463193,0
2500098,England,Premier League,2018-05-13 14:00:00,38,1633,1623,3,1,1462.681866605968,1497.6063821392058,0
2565557,Spain,La Liga,2017-08-18 18:15:00,1,712,696,1,0,1500.0,1500.0,1
2565556,Spain,La Liga,2017-08-18 20:15:00,1,674,714,1,0,1500.0,1500.0,1
2565549,Spain,La Liga,2017-08-19 16:15:00,1,692,687,2,3,1500.0,1500.0,1
2565551,Spain,La Liga,2017-08-19 18:15:00,1,756,679,2,2,1500.0,1500.0,1
2565552,Spain,La Liga,2017-08-19 20:15:00,1,680,691,1,1,1500.0,1500.0,1
2565550,Spain,La Liga,2017-08-20 16:15:00,1,678,698,0,0,1500.0,1500.0,1
2565554,Spain,La Liga,2017-08-20 18:15:00,1,676,684,2,0,1500.0,1500.0,1
2565555,Spain,La Liga,2017-08-20 20:15:00,1,677,675,0,3,1500.0,1500.0,1
2565548,Spain,La Liga,2017-08-21 18:15:00,1,695,682,1,0,1500.0,1500.0,1
2565553,Spain,La Liga,2017-08-21 20:00:00,1,683,701,0,1,1500.0,1500.0,1
2565558,Spain,La Liga,2017-08-25 18:15:00,2,687,682,3,0,1512.8012999960577,1492.8012999960577,1
2565566,Spain,La Liga,2017-08-25 20:00:00,2,684,692,2,1,1492.8012999960577,1487.1987000039423,1
2565559,Spain,La Liga,2017-08-26 16:15:00,2,696,676,0,2,1492.8012999960577,1507.1987000039423,1
2565561,Spain,La Liga,2017-08-26 18:15:00,2,695,677,2,2,1507.1987000039423,1487.1987000039423,1
2565563,Spain,La Liga,2017-08-26 18:15:00,2,756,683,1,0,1497.1987000039423,1487.1987000039423,1
2565562,Spain,La Liga,2017-08-26 20:15:00,2,714,679,1,5,1492.8012999960577,1502.8012999960577,1
2565560,Spain,La Liga,2017-08-27 16:15:00,2,691,712,0,1,1502.8012999960577,1507.1987000039423,1
2565567,Spain,La Liga,2017-08-27 16:15:00,2,701,678,0,1,1512.8012999960577,1497.1987000039423,1
2565565,Spain,La Liga,2017-08-27 18:15:00,2,698,680,0,1,1502.8012999960577,1497.1987000039423,1
2565564,Spain,La Liga,2017-08-27 20:15:00,2,675,674,2,2,1512.8012999960577,1507.1987000039423,1
2565572,Spain,La Liga,2017-09-08 19:00:00,3,712,698,1,2,1519.8829560165664,1489.8520794225028,1
2565571,Spain,La Liga,2017-09-09 11:00:00,3,675,695,1,1,1509.8520794225028,1503.8759115122798,1
2565570,Spain,La Liga,2017-09-09 14:15:00,3,674,679,0,0,1510.1479205774972,1515.3352816293923,1
2565575,Spain,La Liga,2017-09-09 16:30:00,3,680,701,3,0,1510.1479205774972,1499.59157410193,1
2565577,Spain,La Liga,2017-09-09 18:45:00,3,676,691,5,0,1519.6138665412898,1490.1170439834336,1
2565569,Spain,La Liga,2017-09-10 10:00:00,3,677,687,2,4,1490.521488495605,1519.478511504395,1
2565574,Spain,La Liga,2017-09-10 14:15:00,3,678,756,2,0,1510.40842589807,1504.134356659565,1
2565573,Spain,La Liga,2017-09-10 16:30:00,3,692,696,1,0,1480.1479205774972,1480.3861334587102,1
2565568,Spain,La Liga,2017-09-10 18:45:00,3,682,684,3,1,1486.1240884877202,1499.8520794225028,1
2565576,Spain,La Liga,2017-09-11 19:00:00,3,683,714,1,3,1480.2630433483198,1480.267318362723,1
2565582,Spain,La Liga,2017-09-15 19:00:00,4,701,712,1,0,1492.6704196095927,1506.3058426119412,1
2565587,Spain,La Liga,2017-09-16 11:00:00,4,695,674,1,1,1506.8349459076567,1507.4847760732616,1
2565580,Spain,La Liga,2017-09-16 14:15:00,4,698,676,1,2,1503.429192827128,1526.0501649383432,1
2565581,Spain,La Liga,2017-09-16 16:30:00,4,684,677,2,1,1492.285380782526,1478.5047368823807,1
2565586,Spain,La Liga,2017-09-16 18:45:00,4,679,683,1,0,1517.9984261336278,1467.4618567417858,1
2565584,Spain,La Liga,2017-09-17 10:00:00,4,696,682,0,3,1473.181113958707,1493.690787127697,1
2565579,Spain,La Liga,2017-09-17 14:15:00,4,756,680,0,1,1497.1012126031553,1517.0690750698345,1
2565578,Spain,La Liga,2017-09-17 16:30:00,4,714,678,1,0,1493.068504969257,1517.4415699544795,1
2565583,Spain,La Liga,2017-09-17 18:45:00,4,687,675,1,3,1531.4952631176193,1506.893045027126,1
2565585,Spain,La Liga,2017-09-18 19:00:00,4,691,692,2,1,1483.6807455863802,1487.3529400775003,1
2565595,Spain,La Liga,2017-09-19 18:00:00,5,674,683,5,0,1510.2688311638055,1461.542437073682,1
2565592,Spain,La Liga,2017-09-19 20:00:00,5,676,701,6,1,1538.24120506688,1500.2346118460132,1
2565589,Spain,La Liga,2017-09-20 18:00:00,5,678,679,1,2,1509.5845490368729,1523.9178458017316,1
2565597,Spain,La Liga,2017-09-20 18:00:00,5,712,756,0,0,1498.7416503755207,1484.8375985852967,1
2565594,Spain,La Liga,2017-09-20 19:00:00,5,677,696,1,0,1471.6673463498473,1460.9323006615991,1
2565590,Spain,La Liga,2017-09-20 20:00:00,5,680,714,1,0,1529.332689087693,1500.9255258868636,1
2565596,Spain,La Liga,2017-09-20 20:00:00,5,675,684,0,1,1520.3331477083188,1499.1227713150595,1
2565593,Spain,La Liga,2017-09-21 18:00:00,5,682,691,0,0,1505.939600424805,1490.9771313098101,1
2565588,Spain,La Liga,2017-09-21 19:00:00,5,692,698,1,1,1480.0565543540704,1491.2381526985912,1
2565591,Spain,La Liga,2017-09-21 20:00:00,5,695,687,3,0,1504.0508908171128,1518.0551604364264,1
2565601,Spain,La Liga,2017-09-23 11:00:00,6,679,680,2,0,1536.3347496795843,1535.7963978675082,0
2565598,Spain,La Liga,2017-09-23 14:15:00,6,696,675,1,2,1454.0158012528943,1506.9794041159892,0
2565599,Spain,La Liga,2017-09-23 16:30:00,6,683,678,3,3,1455.5794996600657,1497.1676451590201,0
2565603,Spain,La Liga,2017-09-23 18:45:00,6,756,676,0,3,1488.003404387167,1544.465570976422,0
2565600,Spain,La Liga,2017-09-24 10:00:00,6,691,677,4,1,1494.1703211452614,1478.5838457585521,0
2565604,Spain,La Liga,2017-09-24 14:15:00,6,698,682,4,0,1493.7402816182614,1502.7464105893537,0
2565602,Spain,La Liga,2017-09-24 16:30:00,6,714,712,0,2,1494.4618171070485,1495.5758445736506,0
2565606,Spain,La Liga,2017-09-24 16:30:00,6,701,692,0,4,1494.0102459364712,1477.5544254344002,0
2565607,Spain,La Liga,2017-09-24 18:45:00,6,687,674,2,3,1510.480979241251,1516.231768577422,0
2565605,Spain,La Liga,2017-09-25 19:00:00,6,684,695,4,0,1512.4765149073892,1511.6250720122882,0
2565612,Spain,La Liga,2017-09-29 19:00:00,7,692,756,3,3,1490.7861615816596,1476.7568031513943,0
2565617,Spain,La Liga,2017-09-30 11:00:00,7,677,698,2,1,1471.7931553565452,1501.179550343499,0
2565613,Spain,La Liga,2017-09-30 14:15:00,7,680,683,2,0,1528.6119707304183,1453.913934410964,0
2565614,Spain,La Liga,2017-09-30 16:30:00,7,695,696,0,2,1504.4489398729847,1442.6701957260298,0
2565610,Spain,La Liga,2017-09-30 18:45:00,7,712,679,0,0,1508.3475699936978,1543.5191768166742,0
2565611,Spain,La Liga,2017-10-01 10:00:00,7,687,684,4,4,1497.8329078549057,1519.6526470466927,0
2565615,Spain,La Liga,2017-10-01 14:15:00,7,676,714,3,0,1555.7121722121947,1481.6900916870013,0
2565608,Spain,La Liga,2017-10-01 16:30:00,7,674,678,3,2,1528.8798399637672,1498.8332104081219,0
2565616,Spain,La Liga,2017-10-01 16:30:00,7,682,701,3,0,1495.3071418641161,1480.7785097892117,0
2565609,Spain,La Liga,2017-10-01 18:45:00,7,675,691,2,0,1518.3250096428537,1500.9610115472683,0
2565625,Spain,La Liga,2017-10-13 19:00:00,8,691,695,0,0,1494.2161372996688,1490.102269045149,0
2565622,Spain,La Liga,2017-10-14 11:00:00,8,678,680,1,0,1492.410719196274,1533.9686395256458,0
2565619,Spain,La Liga,2017-10-14 14:15:00,8,698,675,1,2,1493.1844433365136,1525.0698838904532,0
2565623,Spain,La Liga,2017-10-14 16:30:00,8,696,687,0,2,1457.0168665538656,1495.6199246112144,0
2565626,Spain,La Liga,2017-10-14 18:45:00,8,679,676,1,1,1545.3637306737012,1561.0841156354008,0
2565621,Spain,La Liga,2017-10-15 10:00:00,8,701,677,0,0,1473.9604815389343,1479.7882623635305,0
2565618,Spain,La Liga,2017-10-15 14:15:00,8,756,682,1,2,1479.9258537309295,1502.1251701143935,0
2565624,Spain,La Liga,2017-10-15 16:30:00,8,683,712,0,2,1448.5572656157365,1506.5030161366708,0
2565620,Spain,La Liga,2017-10-15 18:45:00,8,684,674,3,6,1521.865630290384,1535.302331175615,0
2565627,Spain,La Liga,2017-10-16 19:00:00,8,714,692,2,5,1476.3181482637951,1487.6171110021244,0
2565628,Spain,La Liga,2017-10-21 11:00:00,9,695,698,1,1,1493.0123181895904,1481.2486859364897,0
2565634,Spain,La Liga,2017-10-21 14:15:00,9,684,696,2,0,1509.4244429524413,1445.2678884493648,0
2565632,Spain,La Liga,2017-10-21 16:30:00,9,674,680,4,0,1547.7435185135578,1525.6350505794437,0
2565629,Spain,La Liga,2017-10-21 18:45:00,9,676,683,2,0,1563.4633919054932,1437.3527239116931,0
2565630,Spain,La Liga,2017-10-22 10:00:00,9,682,714,4,0,1514.3277607746436,1463.819186144561,0
2565637,Spain,La Liga,2017-10-22 14:15:00,9,692,679,0,1,1500.1160731213586,1542.9844544036089,0
2565635,Spain,La Liga,2017-10-22 16:30:00,9,712,678,1,0,1517.7075578407141,1500.744308142476,0
2565633,Spain,La Liga,2017-10-22 18:45:00,9,675,701,3,0,1537.0056412904771,1471.3144708749585,0
2565636,Spain,La Liga,2017-10-23 18:00:00,9,687,691,1,1,1507.3689027157152,1491.3060881552274,0
2565631,Spain,La Liga,2017-10-23 19:00:00,9,677,756,1,2,1482.4342730275064,1467.7232630706794,0
2565638,Spain,La Liga,2017-10-28 11:00:00,10,696,674,1,2,1439.6699021291881,1554.3668530993652,0
2565642,Spain,La Liga,2017-10-28 16:30:00,10,679,682,1,1,1554.614171873494,1520.2478520516463,0
2565647,Spain,La Liga,2017-10-28 18:45:00,10,678,676,0,2,1493.989117734052,1567.7413171175986,0
2565639,Spain,La Liga,2017-10-28 20:30:00,10,680,712,2,1,1519.0117159936362,1524.4627482491383,0
2565645,Spain,La Liga,2017-10-29 11:00:00,10,698,687,2,1,1484.358952271109,1504.1473004899597,0
2565644,Spain,La Liga,2017-10-29 15:15:00,10,756,675,2,1,1480.9099518051103,1542.5680862519162,0
2565646,Spain,La Liga,2017-10-29 17:30:00,10,701,695,2,2,1465.7520259135194,1489.902051854971,0
2565640,Spain,La Liga,2017-10-29 19:45:00,10,683,692,2,1,1433.0747986995877,1488.4863556514736,0
2565641,Spain,La Liga,2017-10-30 20:00:00,10,691,684,1,0,1494.527690380983,1515.022429272618,0
2565643,Spain,La Liga,2017-10-30 20:00:00,10,714,677,1,3,1457.8990948675582,1469.2475842930755,0
2565648,Spain,La Liga,2017-11-03 20:00:00,11,684,698,2,2,1507.2716506709796,1492.0904367375467,0
2565656,Spain,La Liga,2017-11-04 12:00:00,11,674,712,3,0,1563.9440929780112,1517.1188405044795,0
2565655,Spain,La Liga,2017-11-04 15:15:00,11,677,679,0,1,1481.7452098913943,1550.9287305919756,0
2565651,Spain,La Liga,2017-11-04 17:30:00,11,696,691,1,0,1430.0926622505422,1502.2784689826212,0
2565653,Spain,La Liga,2017-11-04 19:45:00,11,676,680,2,1,1578.4953555639481,1526.355623738295,0
2565652,Spain,La Liga,2017-11-05 11:00:00,11,695,756,1,2,1492.0511548636007,1489.8108424622455,0
2565650,Spain,La Liga,2017-11-05 15:15:00,11,692,678,3,1,1479.7627146370835,1483.2350792877023,0
2565649,Spain,La Liga,2017-11-05 17:30:00,11,687,701,3,1,1496.415816023522,1463.6029229048897,0
2565654,Spain,La Liga,2017-11-05 17:30:00,11,682,683,2,0,1523.9332933331646,1441.7984397139778,0
2565657,Spain,La Liga,2017-11-05 19:45:00,11,675,714,3,0,1533.6671955947809,1445.4014692692394,0
2565666,Spain,La Liga,2017-11-17 20:00:00,12,756,687,1,1,1502.671455836682,1502.7690765811992,0
2565667,Spain,La Liga,2017-11-18 12:00:00,12,698,696,4,1,1495.2892794503905,1439.2938112755794,0
2565658,Spain,La Liga,2017-11-18 15:15:00,12,712,676,0,3,1511.110000969867,1584.3763883464458,0
2565661,Spain,La Liga,2017-11-18 17:30:00,12,680,692,2,1,1520.4745909557973,1487.0537700372076,0
2565664,Spain,La Liga,2017-11-18 19:45:00,12,679,675,0,0,1561.8133814871292,1538.7231562571253,0
2565662,Spain,La Liga,2017-11-19 11:00:00,12,683,677,3,2,1436.6079922230483,1470.8605589962408,0
2565663,Spain,La Liga,2017-11-19 15:15:00,12,691,674,0,2,1493.077319957584,1569.9529325126236,0
2565665,Spain,La Liga,2017-11-19 17:30:00,12,714,695,0,2,1440.345508606895,1479.1905414891642,0
2565660,Spain,La Liga,2017-11-19 19:45:00,12,678,682,1,1,1475.9440238875782,1529.123740824094,0
2565659,Spain,La Liga,2017-11-20 20:00:00,12,701,684,5,0,1457.2496623472125,1504.0728079581359,0
2565676,Spain,La Liga,2017-11-24 20:00:00,13,692,712,1,0,1480.7156704079762,1500.3420607072846,0
2565677,Spain,La Liga,2017-11-25 12:00:00,13,696,701,1,2,1433.504504213443,1465.7309500437634,0
2565673,Spain,La Liga,2017-11-25 15:15:00,13,675,683,3,2,1542.1248331321153,1444.7378987886034,0
2565674,Spain,La Liga,2017-11-25 17:30:00,13,684,756,2,2,1495.591520261585,1499.8727453061942,0
2565669,Spain,La Liga,2017-11-25 19:45:00,13,695,679,0,5,1490.9327672186516,1558.4117046121391,0
2565671,Spain,La Liga,2017-11-26 11:00:00,13,677,678,2,2,1462.7306524306857,1474.6045265067708,0
2565675,Spain,La Liga,2017-11-26 15:15:00,13,687,714,2,2,1505.567787111687,1428.6032828774075,0
2565670,Spain,La Liga,2017-11-26 17:30:00,13,682,680,2,3,1530.4632382049015,1526.8126905850288,0
2565672,Spain,La Liga,2017-11-26 19:45:00,13,674,676,1,1,1580.617524820478,1595.1443286090282,0
2565668,Spain,La Liga,2017-11-27 20:00:00,13,691,698,1,0,1482.4127276497297,1501.078586512527,0
2565679,Spain,La Liga,2017-12-01 20:00:00,14,683,695,0,0,1439.8777101308683,1479.9994599422103,0
2565681,Spain,La Liga,2017-12-02 12:00:00,14,676,692,2,2,1597.5559875443364,1488.4427337082125,0
2565680,Spain,La Liga,2017-12-02 15:15:00,14,679,687,2,1,1569.3450118885805,1500.8734417975961,0
2565678,Spain,La Liga,2017-12-02 17:30:00,14,680,677,2,0,1539.710528854751,1460.2472106471785,0
2565687,Spain,La Liga,2017-12-02 19:45:00,14,678,675,0,0,1477.087968290278,1546.9850217898504,0
2565685,Spain,La Liga,2017-12-03 11:00:00,14,712,682,3,1,1492.6149974070483,1517.5653999351794,0
2565684,Spain,La Liga,2017-12-03 15:15:00,14,698,674,1,0,1493.3777247225983,1578.2058658851697,0
2565686,Spain,La Liga,2017-12-03 17:30:00,14,701,691,3,1,1477.657258511229,1490.1135894396584,0
2565682,Spain,La Liga,2017-12-03 19:45:00,14,714,684,1,0,1433.2976281914985,1492.904161670674,0
2565683,Spain,La Liga,2017-12-04 20:00:00,14,756,696,2,3,1502.5601038971051,1421.5781957459774,0
2565689,Spain,La Liga,2017-12-08 20:00:00,15,696,714,2,0,1436.3621992903027,1442.1402208866043,0
2565696,Spain,La Liga,2017-12-09 12:00:00,15,698,701,0,0,1502.9413208809524,1485.1895537757116,0
2565695,Spain,La Liga,2017-12-09 15:15:00,15,675,680,5,0,1547.8492926111567,1544.9603008163988,0
2565693,Spain,La Liga,2017-12-09 17:30:00,15,677,712,1,0,1454.9974386855306,1500.4878779505225,0
2565694,Spain,La Liga,2017-12-09 19:45:00,15,674,692,2,1,1568.6422697268156,1493.8265674426566,0
2565688,Spain,La Liga,2017-12-10 11:00:00,15,687,683,0,2,1495.3750356873384,1438.1711385380518,0
2565697,Spain,La Liga,2017-12-10 15:15:00,15,684,679,0,1,1484.0615689755682,1574.8434179988383,0
2565691,Spain,La Liga,2017-12-10 17:30:00,15,695,678,1,2,1481.7060315350268,1476.2236974689717,0
2565692,Spain,La Liga,2017-12-10 19:45:00,15,682,676,0,2,1509.6925193917052,1592.1721538098923,0
2565690,Spain,La Liga,2017-12-11 20:00:00,15,691,756,0,1,1482.5812941751758,1487.7761003527798,0
2565701,Spain,La Liga,2017-12-15 20:00:00,16,680,695,0,0,1537.8380476870213,1468.7599717350035,0
2565700,Spain,La Liga,2017-12-16 15:15:00,16,678,687,0,0,1489.169757268995,1481.1357700450876,0
2565698,Spain,La Liga,2017-12-16 17:30:00,16,701,674,2,1,1488.4546541990492,1573.996282431136,0
2565703,Spain,La Liga,2017-12-16 19:45:00,16,679,696,1,0,1585.1086754722908,1443.7148567637475,0
2565706,Spain,La Liga,2017-12-17 11:00:00,16,756,698,1,0,1500.4390457659626,1499.6762204576148,0
2565699,Spain,La Liga,2017-12-17 15:15:00,16,692,682,0,1,1488.4725547383362,1499.1886697497232,0
2565705,Spain,La Liga,2017-12-17 17:30:00,16,714,691,2,2,1434.7875634131594,1469.918348761993,0
2565704,Spain,La Liga,2017-12-17 19:45:00,16,676,677,4,0,1602.6760034518743,1463.4412747421618,0
2565702,Spain,La Liga,2017-12-18 20:00:00,16,683,684,0,2,1452.4104041803025,1473.7963115021157,0
2565708,Spain,La Liga,2017-12-19 20:30:00,17,695,712,0,0,1473.275473848498,1492.0440418938913,0
2565712,Spain,La Liga,2017-12-20 18:30:00,17,698,714,2,0,1492.4977409223425,1432.9418746200524,0
2565715,Spain,La Liga,2017-12-20 20:30:00,17,687,680,3,1,1484.1487520565195,1533.322545573527,0
2565714,Spain,La Liga,2017-12-21 18:30:00,17,701,756,4,1,1498.0387488641725,1507.617525301235,0
2565716,Spain,La Liga,2017-12-21 20:30:00,17,696,683,1,0,1439.7253429478465,1440.185549048139,0
2565713,Spain,La Liga,2017-12-22 18:30:00,17,684,678,0,2,1486.0211666342793,1486.1567752575631,0
2565717,Spain,La Liga,2017-12-22 20:30:00,17,691,679,1,0,1471.7640375551,1589.0981892881919,0
2565711,Spain,La Liga,2017-12-23 12:00:00,17,675,676,0,3,1554.971545740534,1606.7053592111697,0
2565710,Spain,La Liga,2017-12-23 15:15:00,17,674,682,0,1,1564.4121877660127,1511.7033533583112,0
2565709,Spain,La Liga,2017-12-23 17:30:00,17,677,692,1,3,1459.4119189828664,1475.9578711297481,0
2565727,Spain,La Liga,2018-01-06 12:00:00,18,679,698,2,0,1578.5996858491867,1498.2031056519563,0
2565722,Spain,La Liga,2018-01-06 15:15:00,18,674,756,2,1,1550.2796286699943,1500.1628487572486,0
2565719,Spain,La Liga,2018-01-06 17:30:00,18,714,701,1,2,1427.2365098904386,1505.4934254081588,0
2565725,Spain,La Liga,2018-01-06 19:45:00,18,680,684,3,5,1524.7750943189444,1473.2234638716857,0
2565721,Spain,La Liga,2018-01-07 11:00:00,18,712,687,1,0,1494.3403799720468,1492.696203311102,0
2565718,Spain,La Liga,2018-01-07 15:15:00,18,676,695,3,0,1618.0857033287355,1470.9791357703425,0
2565720,Spain,La Liga,2018-01-07 17:30:00,18,682,677,1,1,1525.8359124543297,1447.0550719435776,0
2565724,Spain,La Liga,2018-01-07 17:30:00,18,678,696,2,0,1498.9544780201568,1446.936253836932,0
2565723,Spain,La Liga,2018-01-07 19:45:00,18,692,675,2,2,1488.314718169037,1543.5912016229684,0
2565726,Spain,La Liga,2018-01-08 20:00:00,18,683,691,0,1,1432.9746381590533,1482.2625409941052,0
2565734,Spain,La Liga,2018-01-12 20:00:00,19,698,683,1,0,1492.9741073786815,1421.525304601077,0
2565728,Spain,La Liga,2018-01-13 12:00:00,19,756,714,6,0,1494.233353489512,1416.6115093298495,0
2565733,Spain,La Liga,2018-01-13 15:15:00,19,675,682,0,1,1544.8713848117366,1521.1009094478084,0
2565736,Spain,La Liga,2018-01-13 17:30:00,19,701,679,0,1,1516.118425968748,1583.8286841224615,0
2565732,Spain,La Liga,2018-01-13 19:45:00,19,677,674,1,2,1451.7900749500989,1556.209123937731,0
2565731,Spain,La Liga,2018-01-14 11:00:00,19,695,692,0,1,1467.0936105215599,1487.0345349802687,0
2565729,Spain,La Liga,2018-01-14 15:15:00,19,696,680,1,0,1441.0523167082977,1510.670192010097,0
2565730,Spain,La Liga,2018-01-14 17:30:00,19,691,678,1,1,1493.7118745520813,1504.8384151487912,0
2565737,Spain,La Liga,2018-01-14 19:45:00,19,687,676,2,4,1485.541054870182,1621.971228577518,0
2565735,Spain,La Liga,2018-01-15 20:00:00,19,684,712,3,2,1487.328366180533,1501.4955284129667,0
2565739,Spain,La Liga,2018-01-19 20:00:00,20,698,678,2,2,1498.4044509133212,1507.3420294870766,0
2565747,Spain,La Liga,2018-01-20 12:00:00,20,691,680,0,3,1491.208260213796,1501.5424376488033,0
2565743,Spain,La Liga,2018-01-20 15:15:00,20,679,756,1,1,1594.755391037935,1499.5242708434632,0
2565745,Spain,La Liga,2018-01-20 17:30:00,20,682,695,2,1,1534.5198883644227,1454.8292609063474,0
2565744,Spain,La Liga,2018-01-20 19:45:00,20,714,674,2,1,1411.3205919758982,1566.0819403419432,0
2565746,Spain,La Liga,2018-01-21 11:00:00,20,696,712,2,2,1450.1800710695913,1493.9169341849108,0
2565738,Spain,La Liga,2018-01-21 15:15:00,20,675,677,7,1,1531.4524058951222,1441.9172585458866,0
2565742,Spain,La Liga,2018-01-21 17:30:00,20,687,692,1,2,1476.5857736538203,1499.2988845954812,0
2565740,Spain,La Liga,2018-01-21 19:45:00,20,684,676,0,5,1494.906960408589,1630.9265097938799,0
2565741,Spain,La Liga,2018-01-22 20:00:00,20,701,683,1,1,1505.1917190532745,1416.0949610664375,0
2565751,Spain,La Liga,2018-01-26 20:00:00,21,678,701,1,1,1509.904604328738,1500.2296287327185,0
2565748,Spain,La Liga,2018-01-27 12:00:00,21,677,695,2,2,1436.8888539578365,1449.5845535659507,0
2565749,Spain,La Liga,2018-01-27 15:15:00,21,674,675,1,4,1554.518705664088,1536.4808104831723,0
2565753,Spain,La Liga,2018-01-27 17:30:00,21,683,756,0,0,1421.0570513869934,1504.6182793578405,0
2565757,Spain,La Liga,2018-01-27 19:45:00,21,682,687,4,2,1539.7645957048194,1464.3972583287305,0
2565756,Spain,La Liga,2018-01-28 11:00:00,21,712,691,3,2,1495.522308785053,1478.683281568223,0
2565755,Spain,La Liga,2018-01-28 15:15:00,21,679,714,3,0,1589.6613825235577,1422.8838266537534,0
2565752,Spain,La Liga,2018-01-28 17:30:00,21,680,698,1,1,1514.0674162943762,1495.8418760716597,0
2565754,Spain,La Liga,2018-01-28 19:45:00,21,676,696,2,1,1639.8934821724667,1448.5746964694492,0
2565750,Spain,La Liga,2018-01-29 20:00:00,21,692,684,3,2,1511.487399920571,1485.939988030002,0
2565765,Spain,La Liga,2018-02-02 20:00:00,22,687,677,5,0,1459.0556866169638,1434.4276203600668,0
2565764,Spain,La Liga,2018-02-03 12:00:00,22,701,680,5,1,1503.285493143523,1510.7901387620743,0
2565763,Spain,La Liga,2018-02-03 15:15:00,22,684,682,2,1,1479.404053583217,1545.106167416586,0
2565758,Spain,La Liga,2018-02-03 17:30:00,22,696,692,2,1,1445.4247429895058,1518.023334367356,0
2565766,Spain,La Liga,2018-02-03 19:45:00,22,695,675,2,2,1452.0457871637204,1549.7532663858544,0
2565761,Spain,La Liga,2018-02-04 11:00:00,22,698,712,0,0,1499.1191536039616,1502.2806985275065,0
2565759,Spain,La Liga,2018-02-04 15:15:00,22,691,676,1,1,1471.9248918257695,1643.0434356524102,0
2565762,Spain,La Liga,2018-02-04 17:30:00,22,756,678,2,0,1505.0910724939258,1506.8487399179337,0
2565760,Spain,La Liga,2018-02-04 19:45:00,22,679,674,1,0,1593.2046216897963,1541.2462497614058,0
2565767,Spain,La Liga,2018-02-05 20:00:00,22,714,683,1,0,1419.3405874875148,1420.584258250908,0
2565774,Spain,La Liga,2018-02-09 20:00:00,23,678,714,0,0,1499.603354334752,1426.5723071916582,0
2565769,Spain,La Liga,2018-02-10 12:00:00,23,682,696,1,2,1536.090145687992,1454.6376982071956,0
2565776,Spain,La Liga,2018-02-10 15:15:00,23,683,679,0,1,1413.3525385467647,1599.0899897491818,0
2565768,Spain,La Liga,2018-02-10 17:30:00,23,712,701,0,1,1504.9979307279013,1510.684424427367,0
2565772,Spain,La Liga,2018-02-10 19:45:00,23,675,687,5,2,1549.8192494803518,1465.6149280262198,0
2565775,Spain,La Liga,2018-02-11 11:00:00,23,680,756,1,0,1503.3912074782302,1512.3364580771074,0
2565777,Spain,La Liga,2018-02-11 15:15:00,23,676,698,0,0,1641.0245976053989,1496.4019214035668,0
2565773,Spain,La Liga,2018-02-11 17:30:00,23,692,691,2,2,1508.8103791496662,1473.9437298727808,0
2565771,Spain,La Liga,2018-02-11 19:45:00,23,674,695,3,1,1535.3608817020204,1451.979804069223,0
2565770,Spain,La Liga,2018-02-12 20:00:00,23,677,684,0,1,1427.868378950811,1488.4200753118112,0
2565779,Spain,La Liga,2018-02-16 20:00:00,24,756,712,3,0,1504.8988265996636,1492.3481386164085,0
2565784,Spain,La Liga,2018-02-17 12:00:00,24,714,680,1,2,1431.177919545927,1510.828838955674,0
2565781,Spain,La Liga,2018-02-17 15:15:00,24,701,676,0,2,1523.33421653886,1634.9550821374419,0
2565785,Spain,La Liga,2018-02-17 17:30:00,24,696,677,1,0,1469.432138600993,1416.7378195854003,0
2565782,Spain,La Liga,2018-02-17 19:45:00,24,683,674,1,2,1405.7713596720675,1540.5238047765965,0
2565783,Spain,La Liga,2018-02-18 11:00:00,24,687,695,3,0,1460.4701350389612,1446.816880994647,0
2565787,Spain,La Liga,2018-02-18 15:15:00,24,679,678,2,0,1606.6711686238789,1494.9977419804834,0
2565786,Spain,La Liga,2018-02-18 17:30:00,24,691,682,1,1,1477.6416092202064,1521.2957052941945,0
2565780,Spain,La Liga,2018-02-18 19:45:00,24,684,675,3,5,1499.5506346772218,1554.9640424676104,0
2565778,Spain,La Liga,2018-02-19 20:00:00,24,698,692,3,0,1502.4714368715238,1505.1124998022406,0
2565707,Spain,La Liga,2018-02-21 17:45:00,16,712,675,1,3,1485.4788523704956,1566.2403490496108,0
2565794,Spain,La Liga,2018-02-23 20:00:00,25,677,691,0,0,1410.8700322386458,1476.033913877328,0
2565797,Spain,La Liga,2018-02-24 12:00:00,25,692,701,2,0,1497.8436009468808,1513.6685672632336,0
2565796,Spain,La Liga,2018-02-24 15:15:00,25,675,696,4,0,1576.7935124407322,1475.2999259477476,0
2565792,Spain,La Liga,2018-02-24 17:30:00,25,712,714,0,0,1474.9256889793742,1420.5928947232694,0
2565791,Spain,La Liga,2018-02-24 19:45:00,25,676,756,6,1,1644.6207314130681,1511.7681128455765,0
2565793,Spain,La Liga,2018-02-25 11:00:00,25,682,698,1,0,1522.903400637073,1509.7403357268836,0
2565788,Spain,La Liga,2018-02-25 15:15:00,25,678,683,2,1,1490.4336968228345,1396.7682928524066,0
2565795,Spain,La Liga,2018-02-25 17:30:00,25,674,687,2,1,1549.5268715962575,1467.3108257943995,0
2565789,Spain,La Liga,2018-02-25 19:45:00,25,680,679,2,5,1521.4138637783315,1611.2352137815278,0
2565790,Spain,La Liga,2018-02-26 20:00:00,25,695,684,0,2,1439.9761902392086,1488.2743280952213,0
2565799,Spain,La Liga,2018-02-27 19:00:00,26,691,675,1,0,1477.0332313746885,1581.5672567384674,0
2565803,Spain,La Liga,2018-02-27 20:30:00,26,756,692,1,0,1507.6192515192088,1505.4671645733972,0
2565801,Spain,La Liga,2018-02-28 18:30:00,26,698,677,3,0,1502.8869387690177,1409.8707147412852,0
2565802,Spain,La Liga,2018-02-28 18:30:00,26,678,674,1,1,1495.3731359349727,1554.7155229568896,0
2565806,Spain,La Liga,2018-02-28 18:30:00,26,683,680,0,1,1391.8288537402684,1511.1209824685945,0
2565800,Spain,La Liga,2018-02-28 20:30:00,26,679,712,4,0,1621.5280950912647,1470.754446069297,0
2565805,Spain,La Liga,2018-02-28 20:30:00,26,701,682,1,0,1506.0450036367172,1529.756797594939,0
2565804,Spain,La Liga,2018-03-01 18:30:00,26,684,687,0,0,1499.7515393896517,1462.1221744337674,0
2565807,Spain,La Liga,2018-03-01 20:00:00,26,714,676,1,1,1424.7641376333465,1648.769592739436,0
2565798,Spain,La Liga,2018-03-01 20:30:00,26,696,695,1,0,1470.5261816500124,1428.4989789447782,0
2565809,Spain,La Liga,2018-03-03 12:00:00,27,682,756,0,2,1521.9179281024576,1514.7609698504702,0
2565814,Spain,La Liga,2018-03-03 15:15:00,27,680,678,2,0,1520.5662803501648,1494.208228391074,0
2565808,Spain,La Liga,2018-03-03 17:30:00,27,712,683,2,0,1466.934581042518,1382.3835558586982,0
2565810,Spain,La Liga,2018-03-03 17:30:00,27,677,701,1,1,1404.917362656936,1513.8838731291985,0
2565812,Spain,La Liga,2018-03-03 19:45:00,27,675,698,3,1,1571.4367644059037,1507.840290853367,0
2565816,Spain,La Liga,2018-03-04 11:00:00,27,695,691,1,1,1422.3734027193032,1487.1637237072523,0
2565817,Spain,La Liga,2018-03-04 15:15:00,27,676,679,1,0,1645.3446425295856,1625.3479601180438,0
2565815,Spain,La Liga,2018-03-04 17:30:00,27,687,696,2,1,1465.8884949894168,1476.6517578754874,0
2565811,Spain,La Liga,2018-03-04 19:45:00,27,674,684,2,0,1555.8804305007882,1495.9852188340024,0
2565813,Spain,La Liga,2018-03-05 20:00:00,27,692,714,2,1,1498.3254462421357,1428.1890878431968,0
2565827,Spain,La Liga,2018-03-09 20:00:00,28,756,677,2,0,1527.7509830863307,1405.1753822928122,0
2565818,Spain,La Liga,2018-03-10 12:00:00,28,701,675,1,2,1513.6258534933222,1577.0477565980293,0
2565819,Spain,La Liga,2018-03-10 15:15:00,28,680,674,0,2,1527.0816991123502,1561.5778328697647,0
2565825,Spain,La Liga,2018-03-10 17:30:00,28,698,695,0,1,1502.2292986612413,1421.3634418024994,0
2565820,Spain,La Liga,2018-03-10 19:45:00,28,683,676,0,2,1377.246385773154,1652.0219389833217,0
2565823,Spain,La Liga,2018-03-11 11:00:00,28,691,687,2,1,1488.173684624056,1473.3750826358357,0
2565824,Spain,La Liga,2018-03-11 15:15:00,28,679,692,3,0,1618.6706636643078,1503.7857283763276,0
2565821,Spain,La Liga,2018-03-11 17:30:00,28,714,682,0,2,1422.728805709005,1508.9279148665971,0
2565826,Spain,La Liga,2018-03-11 19:45:00,28,678,712,2,0,1487.6928096288887,1472.071751128062,0
2565822,Spain,La Liga,2018-03-12 20:00:00,28,696,684,1,3,1469.1651702290685,1490.2878164650258,0
2565829,Spain,La Liga,2018-03-16 20:00:00,29,695,701,2,1,1436.1448691774285,1502.5769237943707,0
2565833,Spain,La Liga,2018-03-17 12:00:00,29,677,714,1,1,1400.8286255819353,1412.3317929268362,0
2565835,Spain,La Liga,2018-03-17 15:15:00,29,674,696,3,1,1573.4411601688523,1456.933114122135,0
2565828,Spain,La Liga,2018-03-17 17:30:00,29,687,698,1,2,1466.5640362721158,1487.4478712863122,0
2565837,Spain,La Liga,2018-03-17 19:45:00,29,684,691,3,0,1502.5198725719592,1494.984730987776,0
2565831,Spain,La Liga,2018-03-18 11:00:00,29,712,680,2,1,1465.2819535585224,1515.2183718132626,0
2565830,Spain,La Liga,2018-03-18 15:15:00,29,676,678,2,0,1657.3768578846011,1494.4826071984282,0
2565832,Spain,La Liga,2018-03-18 17:30:00,29,682,679,2,1,1519.3249276487659,1623.1699156584843,0
2565834,Spain,La Liga,2018-03-18 17:30:00,29,692,683,0,0,1499.286476382151,1371.8914668718746,0
2565836,Spain,La Liga,2018-03-18 19:45:00,29,675,756,6,3,1588.0966862969808,1532.0977397972076,0
2565843,Spain,La Liga,2018-03-31 11:00:00,30,756,695,1,1,1526.3085150987743,1445.1817011464038,0
2565842,Spain,La Liga,2018-03-31 14:15:00,30,678,692,1,1,1490.8737233735212,1493.5395914306787,0
2565847,Spain,La Liga,2018-03-31 16:30:00,30,714,675,0,3,1414.8252437938183,1593.8859109954142,0
2565845,Spain,La Liga,2018-03-31 18:45:00,30,680,676,2,2,1506.6494267605783,1660.9857417095081,0
2565838,Spain,La Liga,2018-04-01 10:00:00,30,691,696,0,0,1487.984652848403,1452.466359562065,0
2565840,Spain,La Liga,2018-04-01 14:15:00,30,712,674,0,1,1473.8508986112067,1577.9079147289224,0
2565844,Spain,La Liga,2018-04-01 16:30:00,30,701,687,0,0,1493.5400918253954,1454.3254500734306,0
2565846,Spain,La Liga,2018-04-01 16:30:00,30,683,682,1,0,1377.638351823347,1529.4355907819674,0
2565839,Spain,La Liga,2018-04-01 18:45:00,30,679,677,1,0,1613.0592525252828,1398.3351747149532,0
2565841,Spain,La Liga,2018-04-02 19:00:00,30,698,684,0,1,1499.6864574849974,1509.5199507113323,0
2565849,Spain,La Liga,2018-04-06 19:00:00,31,677,683,3,2,1395.5265126810998,1389.118248270502,0
2565857,Spain,La Liga,2018-04-07 11:00:00,31,696,698,2,0,1456.1804187613782,1487.1479916726191,0
2565850,Spain,La Liga,2018-04-07 14:15:00,31,692,680,4,0,1496.2700318663403,1508.2007246655255,0
2565853,Spain,La Liga,2018-04-07 16:30:00,31,684,701,2,0,1522.0584165237105,1489.7346831799207,0
2565856,Spain,La Liga,2018-04-07 18:45:00,31,676,712,3,1,1659.434443804561,1463.9676636146003,0
2565855,Spain,La Liga,2018-04-08 10:00:00,31,695,714,2,1,1449.9689202324562,1407.0623126313499,0
2565852,Spain,La Liga,2018-04-08 14:15:00,31,675,679,1,1,1601.6488421578827,1615.8679145591361,0
2565854,Spain,La Liga,2018-04-08 16:30:00,31,687,756,5,0,1458.1308587189053,1521.521296012722,0
2565851,Spain,La Liga,2018-04-08 18:45:00,31,674,691,1,0,1587.7911497255288,1484.2705936490897,0
2565848,Spain,La Liga,2018-04-09 19:00:00,31,682,678,1,3,1517.9556943348125,1488.1432829378596,0
2565864,Spain,La Liga,2018-04-13 19:00:00,32,756,684,0,1,1512.5711213974578,1528.4238901488072,0
2565866,Spain,La Liga,2018-04-14 11:00:00,32,680,682,2,2,1500.6826318738458,1504.384065509236,0
2565858,Spain,La Liga,2018-04-14 14:15:00,32,676,674,2,1,1662.521546406294,1592.5226176109713,0
2565859,Spain,La Liga,2018-04-14 16:30:00,32,714,687,0,1,1400.9582270715673,1467.0810333341694,0
2565861,Spain,La Liga,2018-04-14 16:30:00,32,712,692,1,0,1460.8805610128672,1503.78812465802,0
2565863,Spain,La Liga,2018-04-14 18:45:00,32,678,677,2,3,1501.714911763436,1402.5561346754314,0
2565865,Spain,La Liga,2018-04-15 10:00:00,32,701,696,0,1,1483.369209554824,1464.2192460005233,0
2565860,Spain,La Liga,2018-04-15 14:15:00,32,679,695,3,0,1618.2879137872958,1456.0730057922387,0
2565862,Spain,La Liga,2018-04-15 16:30:00,32,698,691,1,0,1479.109164433474,1479.5391257636472,0
2565867,Spain,La Liga,2018-04-15 18:45:00,32,683,675,1,2,1382.0886262761703,1599.228842929723,0
2565873,Spain,La Liga,2018-04-17 17:30:00,33,677,680,0,0,1417.7333729157551,1497.979797670415,0
2565874,Spain,La Liga,2018-04-17 19:00:00,33,692,676,2,2,1495.4167443017175,1667.9849694471366,0
2565872,Spain,La Liga,2018-04-17 19:30:00,33,682,712,2,1,1507.0868997126668,1469.2519413691698,0
2565871,Spain,La Liga,2018-04-18 16:30:00,33,691,701,0,1,1472.3290176520516,1470.068203469365,0
2565875,Spain,La Liga,2018-04-18 16:30:00,33,674,698,1,2,1587.0591945701287,1486.3192725450697,0
2565876,Spain,La Liga,2018-04-18 18:30:00,33,675,678,1,1,1605.9794768590186,1486.5376735231123,0
2565868,Spain,La Liga,2018-04-19 17:30:00,33,687,679,3,0,1478.0530189172277,1621.9083784117424,0
2565870,Spain,La Liga,2018-04-19 17:30:00,33,696,756,1,2,1477.5202520859823,1500.1954400648026,0
2565869,Spain,La Liga,2018-04-19 19:30:00,33,695,683,1,0,1452.452541167792,1375.3379923468747,0
2565877,Spain,La Liga,2018-04-19 19:30:00,33,684,714,1,0,1540.7995714814624,1389.986241488509,0
2565887,Spain,La Liga,2018-04-20 19:00:00,34,712,677,0,0,1463.02333884525,1417.1654311485524,0
2565881,Spain,La Liga,2018-04-21 11:00:00,34,701,698,0,1,1482.9293586357555,1501.5297431244728,0
2565878,Spain,La Liga,2018-04-21 14:15:00,34,692,674,1,1,1497.4755730161799,1571.8487239907256,0
2565880,Spain,La Liga,2018-04-22 10:00:00,34,756,691,0,2,1512.3849945966906,1459.467862485661,0
2565883,Spain,La Liga,2018-04-22 14:15:00,34,683,687,2,0,1370.0357039173666,1489.3086162374227,0
2565885,Spain,La Liga,2018-04-22 16:30:00,34,714,696,0,4,1386.1670823037273,1465.3306975540943,0
2565886,Spain,La Liga,2018-04-22 18:45:00,34,679,684,0,0,1610.6527810915475,1544.6187306662441,0
2565879,Spain,La Liga,2018-04-23 19:00:00,34,678,695,1,3,1492.1292325128052,1457.7548295973002,0
2565895,Spain,La Liga,2018-04-27 19:00:00,35,695,680,2,1,1471.440471927579,1498.5477394376178,0
2565897,Spain,La Liga,2018-04-28 11:00:00,35,691,714,1,1,1473.6053917612337,1375.5680808995721,0
2565894,Spain,La Liga,2018-04-28 14:15:00,35,687,678,3,1,1478.754465511539,1478.4435901825263,0
2565891,Spain,La Liga,2018-04-28 16:30:00,35,675,712,2,1,1600.3879178693257,1459.055611660037,0
2565888,Spain,La Liga,2018-04-28 18:45:00,35,682,692,4,1,1513.3155022365866,1496.7393077516203,0
2565892,Spain,La Liga,2018-04-29 10:00:00,35,698,756,1,1,1513.8306661455956,1498.247465321118,0
2565896,Spain,La Liga,2018-04-29 14:15:00,35,696,679,0,1,1475.9296989582494,1606.2073040143796,0
2565890,Spain,La Liga,2018-04-29 16:30:00,35,674,701,0,0,1572.584989255285,1470.6284356146327,0
2565889,Spain,La Liga,2018-04-29 18:45:00,35,677,676,2,4,1421.1331583337656,1665.9261407326742,0
2565893,Spain,La Liga,2018-04-30 19:00:00,35,684,683,2,1,1549.064207743412,1380.5898546432504,0
2565905,Spain,La Liga,2018-05-04 19:00:00,36,680,687,1,0,1490.6155105973514,1485.9449220248039,0
2565904,Spain,La Liga,2018-05-05 11:00:00,36,756,701,1,4,1501.4566903767613,1475.8643702067577,0
2565903,Spain,La Liga,2018-05-05 14:15:00,36,678,684,2,0,1471.2531336692614,1552.579059242148,0
2565902,Spain,La Liga,2018-05-05 16:30:00,36,692,677,1,1,1489.9741463418245,1415.075028485923,0
2565901,Spain,La Liga,2018-05-05 18:45:00,36,682,674,1,0,1520.0806636463824,1567.3490546631601,0
2565906,Spain,La Liga,2018-05-06 10:00:00,36,683,696,0,3,1377.0750031445143,1466.7989590892357,0
2565899,Spain,La Liga,2018-05-06 14:15:00,36,679,691,0,2,1615.3380438833933,1468.4518195459316,0
2565898,Spain,La Liga,2018-05-06 16:30:00,36,714,698,0,1,1380.7216531148742,1510.6214410899522,0
2565907,Spain,La Liga,2018-05-06 18:45:00,36,676,675,2,2,1671.9842705805167,1604.3785626778727,0
2565900,Spain,La Liga,2018-05-07 19:00:00,36,712,695,0,3,1455.06496685149,1479.3727007678453,0
2565884,Spain,La Liga,2018-05-09 18:00:00,34,676,682,5,1,1667.5025703018002,1528.5744733853537,0
2565882,Spain,La Liga,2018-05-09 19:30:00,34,680,675,3,2,1497.6908015511876,1608.8602629565892,0
2565916,Spain,La Liga,2018-05-12 13:15:00,37,687,712,3,2,1478.8696310709677,1442.9201938158665,0
2565908,Spain,La Liga,2018-05-12 15:30:00,37,756,674,0,1,1487.9914874147685,1558.8552449241888,0
2565909,Spain,La Liga,2018-05-12 15:30:00,37,696,678,3,1,1477.094641197652,1480.716167579139,0
2565913,Spain,La Liga,2018-05-12 15:30:00,37,698,679,0,1,1519.762974255931,1599.227541593429,0
2565914,Spain,La Liga,2018-05-12 15:30:00,37,684,680,2,2,1543.1160253322705,1508.0121737863178,0
2565915,Spain,La Liga,2018-05-12 15:30:00,37,701,714,1,0,1489.3295731687506,1371.5801199488953,0
2565911,Spain,La Liga,2018-05-12 16:30:00,37,677,682,2,4,1419.7228982271997,1524.539435253164,0
2565912,Spain,La Liga,2018-05-12 18:45:00,37,675,692,6,0,1598.538890721459,1485.3262766005478,0
2565910,Spain,La Liga,2018-05-13 14:15:00,37,691,683,4,1,1484.562321835896,1366.7793210360983,0
2565917,Spain,La Liga,2018-05-13 18:45:00,37,695,676,5,4,1491.5174738034689,1671.53760843399,0
2565918,Spain,La Liga,2018-05-19 11:00:00,38,692,695,4,2,1480.7933667539648,1503.780760049223,0
2565926,Spain,La Liga,2018-05-19 14:15:00,38,712,684,3,2,1436.6449456315347,1539.4122538199263,0
2565920,Spain,La Liga,2018-05-19 16:30:00,38,680,696,1,0,1511.715945298662,1484.3896752271605,0
2565921,Spain,La Liga,2018-05-19 16:30:00,38,683,698,0,1,1362.3379757284108,1509.1726043150015,0
2565923,Spain,La Liga,2018-05-19 16:30:00,38,714,756,1,2,1367.138107378598,1477.1548393076548,0
2565927,Spain,La Liga,2018-05-19 18:45:00,38,682,675,2,2,1534.4008130540064,1603.071800568042,0
2565924,Spain,La Liga,2018-05-20 10:00:00,38,674,677,2,1,1569.6918930313025,1409.8615204263572,0
2565919,Spain,La Liga,2018-05-20 14:15:00,38,678,691,0,1,1473.4211335496304,1489.0036671435835,0
2565925,Spain,La Liga,2018-05-20 16:30:00,38,679,701,2,2,1609.8179115343585,1493.7715857390479,0
2565922,Spain,La Liga,2018-05-20 18:45:00,38,676,687,1,0,1659.2743221882358,1485.1448792552994,0
2575964,Italy,Serie A,2017-08-19 16:00:00,1,3159,3173,3,0,1500.0,1500.0,1
2575962,Italy,Serie A,2017-08-19 18:45:00,1,3194,3187,1,3,1500.0,1500.0,1
2575959,Italy,Serie A,2017-08-20 16:00:00,1,3172,3158,0,1,1500.0,1500.0,1
2575960,Italy,Serie A,2017-08-20 18:45:00,1,3166,3185,1,1,1500.0,1500.0,1
2575961,Italy,Serie A,2017-08-20 18:45:00,1,3197,3157,0,3,1500.0,1500.0,1
2575963,Italy,Serie A,2017-08-20 18:45:00,1,3161,3176,3,0,1500.0,1500.0,1
2575965,Italy,Serie A,2017-08-20 18:45:00,1,3162,3204,0,0,1500.0,1500.0,1
2575966,Italy,Serie A,2017-08-20 18:45:00,1,3164,3219,2,1,1500.0,1500.0,1
2575967,Italy,Serie A,2017-08-20 18:45:00,1,3315,3193,0,0,1500.0,1500.0,1
2575968,Italy,Serie A,2017-08-20 18:45:00,1,3163,3165,1,2,1500.0,1500.0,1
2575969,Italy,Serie A,2017-08-26 16:00:00,2,3219,3166,0,1,1492.8012999960577,1497.1987000039423,1
2575973,Italy,Serie A,2017-08-26 16:00:00,2,3193,3159,2,4,1502.8012999960577,1507.1987000039423,1
2575976,Italy,Serie A,2017-08-26 18:45:00,2,3158,3161,1,3,1512.8012999960577,1507.1987000039423,1
2575978,Italy,Serie A,2017-08-27 16:00:00,2,3185,3315,3,0,1502.8012999960577,1497.1987000039423,1
2575970,Italy,Serie A,2017-08-27 18:45:00,2,3165,3162,1,2,1512.8012999960577,1497.1987000039423,1
2575971,Italy,Serie A,2017-08-27 18:45:00,2,3197,3194,0,0,1487.1987000039423,1487.1987000039423,1
2575972,Italy,Serie A,2017-08-27 18:45:00,2,3176,3164,1,2,1492.8012999960577,1507.1987000039423,1
2575974,Italy,Serie A,2017-08-27 18:45:00,2,3157,3173,2,1,1512.8012999960577,1492.8012999960577,1
2575975,Italy,Serie A,2017-08-27 18:45:00,2,3187,3172,3,1,1512.8012999960577,1487.1987000039423,1
2575977,Italy,Serie A,2017-08-27 18:45:00,2,3204,3163,3,2,1502.8012999960577,1487.1987000039423,1
2575985,Italy,Serie A,2017-09-09 16:00:00,3,3159,3165,3,0,1519.8829560165664,1499.59157410193,1
2575984,Italy,Serie A,2017-09-10 10:30:00,3,3161,3204,2,0,1520.1479205774972,1509.59157410193,1
2575979,Italy,Serie A,2017-09-10 13:00:00,3,3172,3315,2,1,1480.6641633125025,1490.1479205774972,1
2575982,Italy,Serie A,2017-09-10 13:00:00,3,3173,3197,1,0,1486.1240884877202,1484.3974000078847,1
2575983,Italy,Serie A,2017-09-10 13:00:00,3,3194,3176,0,5,1490.0,1480.3861334587102,1
2575988,Italy,Serie A,2017-09-10 13:00:00,3,3163,3193,1,0,1480.40842589807,1490.1170439834336,1
2575986,Italy,Serie A,2017-09-10 14:00:00,3,3162,3157,4,1,1510.40842589807,1519.478511504395,1
2575980,Italy,Serie A,2017-09-10 16:00:00,3,3219,3185,0,1,1480.1170439834336,1509.8520794225028,1
2575981,Italy,Serie A,2017-09-10 18:45:00,3,3166,3187,0,3,1509.8829560165664,1519.3358366874975,1
2575990,Italy,Serie A,2017-09-16 13:00:00,4,3197,3161,0,2,1477.2444340971124,1527.0690750698345,1
2575991,Italy,Serie A,2017-09-16 16:00:00,4,3176,3166,2,1,1493.4404031715878,1497.3342440610875,1
2575995,Italy,Serie A,2017-09-16 18:45:00,4,3158,3194,3,0,1499.8520794225028,1476.9457302871224,1
2575996,Italy,Serie A,2017-09-17 10:30:00,4,3315,3159,1,3,1482.6958015436821,1526.5527089226025,1
2575993,Italy,Serie A,2017-09-17 13:00:00,4,3157,3163,2,1,1512.0375225870614,1487.8665978002068,1
2575994,Italy,Serie A,2017-09-17 13:00:00,4,3187,3219,6,0,1531.8845486429764,1468.1217842505562,1
2575997,Italy,Serie A,2017-09-17 13:00:00,4,3204,3173,0,2,1502.6704196095927,1493.2770543984925,1
2575998,Italy,Serie A,2017-09-17 13:00:00,4,3185,3164,2,2,1521.8473391553803,1519.6138665412898,1
2575989,Italy,Serie A,2017-09-17 16:00:00,4,3165,3172,1,1,1492.921821195894,1488.1162823463176,1
2575992,Italy,Serie A,2017-09-17 18:45:00,4,3193,3162,2,3,1482.6588720812967,1517.8494148154036,1
2576001,Italy,Serie A,2017-09-19 18:45:00,5,3166,3161,1,1,1490.0319441334314,1538.503281194946,1
2576000,Italy,Serie A,2017-09-20 16:00:00,5,3219,3158,0,4,1462.5146554905498,1506.4550833665046,1
2575999,Italy,Serie A,2017-09-20 18:45:00,5,3172,3197,5,1,1491.0445429201784,1465.8102279720008,1
2576002,Italy,Serie A,2017-09-20 18:45:00,5,3173,3315,0,1,1506.325568498892,1471.0937932346542,1
2576003,Italy,Serie A,2017-09-20 18:45:00,5,3193,3165,1,1,1470.8148447052727,1489.993560622033,1
2576004,Italy,Serie A,2017-09-20 18:45:00,5,3194,3164,0,0,1470.3427263431206,1522.4742991594753,1
2576005,Italy,Serie A,2017-09-20 18:45:00,5,3159,3176,1,0,1538.1547172316305,1500.742703099244,1
2576006,Italy,Serie A,2017-09-20 18:45:00,5,3162,3187,1,4,1529.6934421914277,1537.4916774029828,1
2576007,Italy,Serie A,2017-09-20 18:45:00,5,3157,3204,2,0,1518.608369129428,1489.6219055091933,1
2576008,Italy,Serie A,2017-09-20 18:45:00,5,3163,3185,2,3,1481.2957512578403,1518.9869065371947,1
2576015,Italy,Serie A,2017-09-23 13:00:00,6,3158,3163,3,1,1518.0547493669935,1469.5213410803592,0
2576018,Italy,Serie A,2017-09-23 16:00:00,6,3204,3187,2,3,1483.1727766317672,1550.0848659036199,0
2576014,Italy,Serie A,2017-09-23 18:45:00,6,3159,3185,4,0,1544.3937663956988,1530.7613167146758,0
2576016,Italy,Serie A,2017-09-24 10:30:00,6,3164,3157,2,0,1523.8434112054467,1525.057498006854,0
2576009,Italy,Serie A,2017-09-24 13:00:00,6,3173,3165,0,2,1492.618620565067,1492.2787131662933,0
2576010,Italy,Serie A,2017-09-24 13:00:00,6,3197,3219,2,0,1459.2663607726095,1450.9149894900609,0
2576012,Italy,Serie A,2017-09-24 13:00:00,6,3194,3162,0,3,1468.9736142971492,1517.1002536907906,0
2576013,Italy,Serie A,2017-09-24 13:00:00,6,3161,3193,1,0,1539.9756158387538,1468.5296921610125,0
2576017,Italy,Serie A,2017-09-24 16:00:00,6,3315,3166,0,1,1484.8007411684791,1488.5596094896237,0
2576011,Italy,Serie A,2017-09-24 18:45:00,6,3176,3172,1,1,1494.5036539351756,1497.5884101195697,0
2576028,Italy,Serie A,2017-09-30 16:00:00,7,3163,3164,4,0,1463.553753324622,1531.0743446865033,0
2576022,Italy,Serie A,2017-09-30 18:45:00,7,3193,3166,0,1,1463.0992830630898,1501.260911285813,0
2576025,Italy,Serie A,2017-10-01 10:30:00,7,3187,3173,3,0,1561.0343437882468,1479.8083074454396,0
2576020,Italy,Serie A,2017-10-01 13:00:00,7,3219,3161,1,2,1443.9362749761335,1545.4060249366764,0
2576021,Italy,Serie A,2017-10-01 13:00:00,7,3165,3176,2,1,1505.0890262859207,1491.7843748838498,0
2576023,Italy,Serie A,2017-10-01 13:00:00,7,3162,3315,6,1,1528.582293041562,1472.0994393722897,0
2576026,Italy,Serie A,2017-10-01 13:00:00,7,3204,3197,1,1,1472.2232987471402,1466.2450752865368,0
2576027,Italy,Serie A,2017-10-01 13:00:00,7,3185,3194,2,2,1523.9200869187368,1457.4915749463778,0
2576024,Italy,Serie A,2017-10-01 16:00:00,7,3157,3158,0,2,1517.8265645257975,1524.0223371227307,0
2576019,Italy,Serie A,2017-10-01 18:45:00,7,3172,3159,2,2,1500.3076891708956,1551.2349961916377,0
2576035,Italy,Serie A,2017-10-14 16:00:00,8,3159,3162,1,2,1552.6381038048416,1534.3600660118934,0
2576036,Italy,Serie A,2017-10-14 18:45:00,8,3158,3187,0,1,1536.6584949356372,1566.244923641671,0
2576032,Italy,Serie A,2017-10-15 10:30:00,8,3176,3163,2,1,1484.9346491530807,1472.6216345159098,0
2576029,Italy,Serie A,2017-10-15 13:00:00,8,3166,3204,2,1,1513.0222033715827,1469.2642103686496,0
2576030,Italy,Serie A,2017-10-15 13:00:00,8,3173,3193,2,3,1474.5977275920154,1451.3379909773203,0
2576031,Italy,Serie A,2017-10-15 13:00:00,8,3197,3185,2,2,1469.2041636650274,1519.465504637144,0
2576037,Italy,Serie A,2017-10-15 13:00:00,8,3164,3172,3,1,1522.0064634952155,1498.9045815576917,0
2576038,Italy,Serie A,2017-10-15 13:00:00,8,3315,3165,0,0,1466.3216664019583,1511.9387520166897,0
2576034,Italy,Serie A,2017-10-15 18:45:00,8,3161,3157,3,2,1555.363722384645,1505.190406712891,0
2576033,Italy,Serie A,2017-10-16 18:45:00,8,3194,3219,1,0,1461.9461572279706,1433.978577528165,0
2576045,Italy,Serie A,2017-10-21 16:00:00,9,3164,3197,5,0,1528.6044899394765,1467.7822704468665,0
2576044,Italy,Serie A,2017-10-21 18:45:00,9,3187,3161,0,0,1578.2442899896594,1561.2918601282354,0
2576041,Italy,Serie A,2017-10-22 10:30:00,9,3165,3194,3,2,1513.491358856719,1468.4209409808668,0
2576039,Italy,Serie A,2017-10-22 13:00:00,9,3172,3166,1,0,1492.3065551134307,1519.1055233373663,0
2576040,Italy,Serie A,2017-10-22 13:00:00,9,3219,3176,0,3,1427.5037937752688,1491.8101070176492,0
2576043,Italy,Serie A,2017-10-22 13:00:00,9,3157,3193,0,0,1499.2622689693005,1464.743981505135,0
2576046,Italy,Serie A,2017-10-22 13:00:00,9,3204,3315,0,1,1463.180890402866,1464.769059561929,0
2576047,Italy,Serie A,2017-10-22 13:00:00,9,3185,3158,0,1,1520.887397855305,1524.6591285876489,0
2576048,Italy,Serie A,2017-10-22 16:00:00,9,3163,3159,2,6,1465.7461766513413,1539.3594776276468,0
2576042,Italy,Serie A,2017-10-22 18:45:00,9,3162,3173,3,0,1547.6386921890883,1461.1917370642007,0
2576055,Italy,Serie A,2017-10-24 18:45:00,10,3161,3164,3,2,1564.5363910858077,1534.2801752198184,0
2576049,Italy,Serie A,2017-10-25 16:30:00,10,3172,3194,3,0,1500.2302913525402,1462.369553471265,0
2576050,Italy,Serie A,2017-10-25 18:45:00,10,3166,3162,1,2,1511.1817870982568,1552.7343077595642,0
2576051,Italy,Serie A,2017-10-25 18:45:00,10,3173,3219,2,1,1456.0961214937247,1416.4800460421222,0
2576052,Italy,Serie A,2017-10-25 18:45:00,10,3165,3157,1,4,1519.542746366321,1495.5730484117908,0
2576053,Italy,Serie A,2017-10-25 18:45:00,10,3176,3185,3,0,1502.8338547507958,1508.1864392581645,0
2576054,Italy,Serie A,2017-10-25 18:45:00,10,3193,3187,2,3,1468.4332020626448,1574.999759032087,0
2576056,Italy,Serie A,2017-10-25 18:45:00,10,3159,3204,4,1,1550.1174910409334,1450.4217682196488,0
2576057,Italy,Serie A,2017-10-25 18:45:00,10,3158,3197,1,0,1537.3600871847893,1462.1065851665246,0
2576058,Italy,Serie A,2017-10-25 18:45:00,10,3315,3163,0,1,1477.5281817451462,1454.9881632380548,0
2576062,Italy,Serie A,2017-10-28 16:00:00,11,3157,3159,0,2,1508.9970901410495,1554.92894971638,0
2576064,Italy,Serie A,2017-10-28 18:45:00,11,3158,3166,1,0,1542.704224713241,1499.5152249456678,0
2576059,Italy,Serie A,2017-10-29 11:30:00,11,3219,3162,1,5,1410.2953313533035,1564.4008699121532,0
2576060,Italy,Serie A,2017-10-29 14:00:00,11,3197,3176,2,1,1456.762447638073,1510.1751290420614,0
2576063,Italy,Serie A,2017-10-29 14:00:00,11,3187,3315,3,1,1584.8107808309762,1464.1405161552316,0
2576065,Italy,Serie A,2017-10-29 14:00:00,11,3164,3165,4,1,1527.8629431930906,1506.1187046370621,0
2576066,Italy,Serie A,2017-10-29 14:00:00,11,3204,3193,1,0,1445.6103095442022,1458.6221802637556,0
2576068,Italy,Serie A,2017-10-29 14:00:00,11,3163,3172,2,1,1468.3758288279694,1506.4582574366977,0
2576067,Italy,Serie A,2017-10-29 19:45:00,11,3185,3173,2,1,1500.845164966899,1462.2808361825435,0
2576061,Italy,Serie A,2017-10-30 19:45:00,11,3194,3161,1,2,1456.1415873871074,1570.9536231125355,0
2576070,Italy,Serie A,2017-11-04 17:00:00,12,3166,3197,2,3,1493.4180314370835,1465.4295357948656,0
2576074,Italy,Serie A,2017-11-04 19:45:00,12,3193,3164,0,2,1451.0748630689056,1534.4955691292403,0
2576075,Italy,Serie A,2017-11-05 11:30:00,12,3161,3185,1,1,1580.5275565522147,1507.0557747159305,0
2576071,Italy,Serie A,2017-11-05 14:00:00,12,3173,3194,2,1,1456.0702264335118,1446.5676539474282,0
2576072,Italy,Serie A,2017-11-05 14:00:00,12,3165,3187,0,0,1499.4860787009125,1589.1949667906263,0
2576073,Italy,Serie A,2017-11-05 14:00:00,12,3176,3158,2,4,1501.5080408852687,1548.8014182218253,0
2576076,Italy,Serie A,2017-11-05 14:00:00,12,3159,3219,2,1,1566.4727137895077,1401.8401461608346,0
2576069,Italy,Serie A,2017-11-05 17:00:00,12,3172,3204,1,1,1498.221758266883,1453.1576267390521,0
2576078,Italy,Serie A,2017-11-05 19:45:00,12,3315,3157,0,2,1459.7563301955815,1497.4533260679218,0
2576084,Italy,Serie A,2017-11-18 17:00:00,13,3158,3162,2,1,1560.3069056261709,1572.856055104622,0
2576083,Italy,Serie A,2017-11-18 19:45:00,13,3187,3157,2,1,1589.4910822070515,1509.2275734320015,0
2576080,Italy,Serie A,2017-11-19 11:30:00,13,3197,3193,0,1,1478.9552792274103,1440.5980345054109,0
2576079,Italy,Serie A,2017-11-19 14:00:00,13,3219,3315,1,2,1398.2607639634218,1447.9820828315019,0
2576085,Italy,Serie A,2017-11-19 14:00:00,13,3164,3159,3,2,1544.972397692735,1570.0520959869204,0
2576086,Italy,Serie A,2017-11-19 14:00:00,13,3204,3176,1,1,1457.1060865033724,1490.002553480923,0
2576087,Italy,Serie A,2017-11-19 14:00:00,13,3185,3165,1,1,1511.6713758162364,1499.1899632844872,0
2576088,Italy,Serie A,2017-11-19 14:00:00,13,3163,3173,0,1,1476.6123279977842,1463.0188614832234,0
2576082,Italy,Serie A,2017-11-19 19:45:00,13,3161,3172,2,0,1575.9119554519089,1494.2732985025627,0
2576081,Italy,Serie A,2017-11-20 19:45:00,13,3194,3166,2,3,1439.6190188977166,1479.8922880045388,0
2576090,Italy,Serie A,2017-11-25 14:00:00,14,3166,3164,3,0,1491.594625217982,1552.848831567354,0
2576092,Italy,Serie A,2017-11-25 17:00:00,14,3165,3204,2,1,1502.3188784488002,1455.1983540797376,0
2576097,Italy,Serie A,2017-11-25 17:00:00,14,3315,3194,0,2,1459.4192015110193,1427.9166816842735,0
2576091,Italy,Serie A,2017-11-25 19:45:00,14,3173,3161,1,3,1476.176621579574,1581.113388558534,0
2576093,Italy,Serie A,2017-11-26 14:00:00,14,3193,3158,1,1,1454.3823191217684,1567.8417099038625,0
2576096,Italy,Serie A,2017-11-26 14:00:00,14,3157,3185,0,0,1503.9956163404418,1508.5424606519234,0
2576098,Italy,Serie A,2017-11-26 14:00:00,14,3163,3187,0,1,1463.4545679014336,1594.7230392986112,0
2576095,Italy,Serie A,2017-11-26 17:00:00,14,3162,3176,1,1,1565.3212508269305,1491.910285904558,0
2576094,Italy,Serie A,2017-11-26 19:45:00,14,3159,3197,3,0,1562.1756621123016,1465.1709946110527,0
2576089,Italy,Serie A,2017-11-27 19:45:00,14,3172,3219,1,0,1489.0718653959375,1386.8236452839044,0
2576106,Italy,Serie A,2017-12-01 17:30:00,15,3158,3204,3,1,1567.4545111707175,1449.196656954991,0
2576105,Italy,Serie A,2017-12-01 19:45:00,15,3187,3159,0,1,1603.825482330069,1567.043951262333,0
2576108,Italy,Serie A,2017-12-02 19:45:00,15,3185,3172,1,1,1511.22272477345,1493.8298400917201,0
2576099,Italy,Serie A,2017-12-03 11:30:00,15,3219,3157,2,2,1382.0656705881217,1501.3153522189152,0
2576100,Italy,Serie A,2017-12-03 14:00:00,15,3166,3173,1,1,1500.4840318092624,1466.3187035932424,0
2576102,Italy,Serie A,2017-12-03 14:00:00,15,3176,3315,3,0,1496.5245093543015,1445.8052068409145,0
2576104,Italy,Serie A,2017-12-03 14:00:00,15,3161,3165,5,0,1590.9713065448657,1508.3205755735466,0
2576107,Italy,Serie A,2017-12-03 19:45:00,15,3164,3162,1,2,1543.9594249760735,1560.707027377187,0
2576101,Italy,Serie A,2017-12-04 18:00:00,15,3197,3163,0,3,1460.3027054610213,1454.3521248699758,0
2576103,Italy,Serie A,2017-12-04 20:00:00,15,3194,3193,0,1,1441.5306763543783,1454.7695178549134,0
2576109,Italy,Serie A,2017-12-09 17:00:00,16,3173,3164,2,2,1469.9991445525802,1531.6080602527275,0
2576112,Italy,Serie A,2017-12-09 19:45:00,16,3159,3161,0,0,1580.7893115278707,1596.1503486875356,0
2576110,Italy,Serie A,2017-12-10 11:30:00,16,3165,3158,0,0,1503.1415334308767,1571.8864193087531,0
2576115,Italy,Serie A,2017-12-10 14:00:00,16,3187,3176,0,0,1590.0801220645312,1502.4395462449047,0
2576117,Italy,Serie A,2017-12-10 14:00:00,16,3204,3194,2,2,1444.7647488169555,1429.0841342892613,0
2576118,Italy,Serie A,2017-12-10 14:00:00,16,3163,3219,2,0,1467.3104872722474,1382.61915473181,0
2576116,Italy,Serie A,2017-12-10 17:00:00,16,3315,3197,2,1,1439.8901699503112,1447.3443430587497,0
2576114,Italy,Serie A,2017-12-10 19:45:00,16,3157,3166,2,1,1500.7618680752269,1496.8035908499246,0
2576113,Italy,Serie A,2017-12-11 20:00:00,16,3162,3185,1,3,1573.058392100533,1507.966855714643,0
2576111,Italy,Serie A,2017-12-12 18:00:00,16,3193,3172,1,2,1467.2160599200304,1497.085709150527,0
2576125,Italy,Serie A,2017-12-16 14:00:00,17,3161,3163,1,3,1598.5393799099772,1472.4445745510816,0
2576128,Italy,Serie A,2017-12-16 17:00:00,17,3185,3187,1,3,1522.3905398844563,1585.1496899036229,0
2576126,Italy,Serie A,2017-12-16 19:45:00,17,3158,3173,1,0,1572.7835949198877,1468.89863571558,0
2576124,Italy,Serie A,2017-12-17 11:30:00,17,3194,3157,3,0,1432.2958741442872,1507.8559184973979,0
2576121,Italy,Serie A,2017-12-17 14:00:00,17,3166,3159,0,3,1489.7095404277536,1578.400280305429,0
2576122,Italy,Serie A,2017-12-17 14:00:00,17,3197,3165,1,0,1439.9467661550123,1502.2443578197422,0
2576123,Italy,Serie A,2017-12-17 14:00:00,17,3176,3193,0,0,1507.369978405813,1455.2245207248764,0
2576127,Italy,Serie A,2017-12-17 14:00:00,17,3164,3315,0,1,1532.7085690897277,1447.2877468540487,0
2576120,Italy,Serie A,2017-12-17 17:00:00,17,3219,3204,1,2,1377.485067452976,1441.5530089619297,0
2576119,Italy,Serie A,2017-12-17 19:45:00,17,3172,3162,3,3,1509.077248345681,1558.6347079307197,0
2576130,Italy,Serie A,2017-12-22 17:00:00,18,3165,3166,2,3,1493.3252807866822,1479.3841486700107,0
2576129,Italy,Serie A,2017-12-22 19:45:00,18,3173,3176,0,1,1464.174740707169,1503.2508743462356,0
2576133,Italy,Serie A,2017-12-23 11:30:00,18,3162,3197,4,0,1560.0764451409677,1448.8658431880722,0
2576131,Italy,Serie A,2017-12-23 14:00:00,18,3193,3219,1,0,1459.3436247844538,1366.4545312139114,0
2576135,Italy,Serie A,2017-12-23 14:00:00,18,3187,3164,3,2,1596.2174814932246,1517.826647686701,0
2576136,Italy,Serie A,2017-12-23 14:00:00,18,3315,3161,1,0,1462.1696682570753,1582.817612204833,0
2576137,Italy,Serie A,2017-12-23 14:00:00,18,3204,3185,2,2,1452.5835452009942,1511.3227482948546,0
2576138,Italy,Serie A,2017-12-23 14:00:00,18,3163,3194,4,0,1488.1663422562258,1441.5935936477679,0
2576134,Italy,Serie A,2017-12-23 17:00:00,18,3157,3172,0,2,1498.5581989939171,1507.635511135433,0
2576132,Italy,Serie A,2017-12-23 19:45:00,18,3159,3158,1,0,1588.725672063172,1577.5074899282988,0
2576142,Italy,Serie A,2017-12-29 19:45:00,19,3197,3187,0,1,1444.2924064215633,1601.491191669892,0
2576143,Italy,Serie A,2017-12-30 11:30:00,19,3176,3157,1,1,1514.9866496144982,1485.999382287965,0
2576139,Italy,Serie A,2017-12-30 14:00:00,19,3172,3173,1,2,1520.194327841385,1452.4389654389063,0
2576140,Italy,Serie A,2017-12-30 14:00:00,19,3219,3165,1,0,1361.4984514430644,1480.1585147237124,0
2576141,Italy,Serie A,2017-12-30 14:00:00,19,3166,3163,1,2,1492.5509147329806,1494.1812935184544,0
2576146,Italy,Serie A,2017-12-30 14:00:00,19,3158,3315,1,1,1570.6035687442195,1472.7632651845156,0
2576147,Italy,Serie A,2017-12-30 14:00:00,19,3164,3204,2,0,1512.5529375100336,1451.401515698856,0
2576148,Italy,Serie A,2017-12-30 14:00:00,19,3185,3193,0,0,1512.5047777969928,1464.2997045553009,0
2576145,Italy,Serie A,2017-12-30 17:00:00,19,3161,3162,0,0,1572.2240152773927,1564.6498819074766,0
2576144,Italy,Serie A,2017-12-30 19:45:00,19,3194,3159,1,3,1435.5786423855393,1595.6295932472513,0
2576158,Italy,Serie A,2018-01-05 17:00:00,20,3165,3163,1,1,1469.6219507449048,1506.9392932600013,0
2576153,Italy,Serie A,2018-01-05 19:45:00,20,3176,3161,1,1,1511.4357582761218,1569.2230721767264,0
2576150,Italy,Serie A,2018-01-06 11:30:00,20,3185,3166,3,0,1508.4802821671044,1479.7929149914337,0
2576151,Italy,Serie A,2018-01-06 14:00:00,20,3157,3197,1,0,1489.5502736263415,1435.9240056946846,0
2576152,Italy,Serie A,2018-01-06 14:00:00,20,3187,3194,2,0,1609.8595923967707,1427.2900395268264,0
2576155,Italy,Serie A,2018-01-06 14:00:00,20,3204,3162,2,5,1445.7335306309474,1567.6508250081429,0
2576156,Italy,Serie A,2018-01-06 14:00:00,20,3219,3164,3,2,1372.035015421872,1518.2209225779422,0
2576157,Italy,Serie A,2018-01-06 14:00:00,20,3193,3315,1,0,1468.3242001851893,1477.9126718562877,0
2576149,Italy,Serie A,2018-01-06 17:00:00,20,3158,3172,1,2,1565.4541620724474,1505.7091859938016,0
2576154,Italy,Serie A,2018-01-06 19:45:00,20,3173,3159,0,1,1466.9241072864897,1603.9181961059642,0
2576165,Italy,Serie A,2018-01-21 11:30:00,21,3172,3187,0,1,1520.0082593390507,1613.1455225679952,0
2576159,Italy,Serie A,2018-01-21 14:00:00,21,3166,3219,3,0,1473.3362605701254,1383.3565772388745,0
2576160,Italy,Serie A,2018-01-21 14:00:00,21,3162,3165,5,1,1577.0208300272643,1467.8371221209013,0
2576161,Italy,Serie A,2018-01-21 14:00:00,21,3194,3197,0,3,1424.004109355602,1430.078437126923,0
2576162,Italy,Serie A,2018-01-21 14:00:00,21,3164,3176,3,1,1506.8993607609398,1510.2267228112141,0
2576167,Italy,Serie A,2018-01-21 14:00:00,21,3163,3204,1,1,1508.7241218840047,1436.363525611826,0
2576168,Italy,Serie A,2018-01-21 14:00:00,21,3315,3185,1,1,1470.4577343379956,1514.9369365884127,0
2576164,Italy,Serie A,2018-01-21 17:00:00,21,3173,3157,1,2,1457.984876967172,1495.3958421941031,0
2576166,Italy,Serie A,2018-01-21 19:45:00,21,3161,3158,1,1,1570.432107641634,1551.1550887271983,0
2576163,Italy,Serie A,2018-01-22 19:45:00,21,3159,3193,1,0,1612.8574264252818,1475.7791377034814,0
2576077,Italy,Serie A,2018-01-24 17:30:00,12,3162,3163,3,0,1581.6355563992493,1504.1337269205587,0
2575987,Italy,Serie A,2018-01-24 19:45:00,3,3164,3158,1,1,1514.1865493562193,1554.4593528820212,1
2576169,Italy,Serie A,2018-01-27 17:00:00,22,3315,3172,0,3,1468.8731824297708,1509.810759581755,0
2576175,Italy,Serie A,2018-01-27 19:45:00,22,3165,3159,0,2,1463.2223957489164,1616.9268714350435,0
2576174,Italy,Serie A,2018-01-28 11:30:00,22,3204,3161,1,1,1440.953920575272,1567.1278434868111,0
2576170,Italy,Serie A,2018-01-28 14:00:00,22,3185,3219,3,0,1516.5214884966374,1378.3377988426578,0
2576171,Italy,Serie A,2018-01-28 14:00:00,22,3187,3166,3,1,1623.3430223252908,1478.3550389663421,0
2576172,Italy,Serie A,2018-01-28 14:00:00,22,3197,3173,1,1,1442.717847191885,1446.2026573048158,0
2576173,Italy,Serie A,2018-01-28 14:00:00,22,3176,3194,1,4,1502.9395342159346,1411.36469929064,0
2576178,Italy,Serie A,2018-01-28 14:00:00,22,3193,3163,0,1,1471.7096926937197,1498.8401208360933,0
2576176,Italy,Serie A,2018-01-28 17:00:00,22,3157,3162,2,1,1507.1780618564594,1586.9291624837147,0
2576177,Italy,Serie A,2018-01-28 19:45:00,22,3158,3164,0,1,1556.1617031076203,1512.4841991306203,0
2576188,Italy,Serie A,2018-02-03 17:00:00,23,3164,3185,1,1,1526.3989177110711,1520.5703465818483,0
2576180,Italy,Serie A,2018-02-03 19:45:00,23,3161,3197,1,1,1566.3759193556116,1440.0092345176747,0
2576185,Italy,Serie A,2018-02-04 11:30:00,23,3194,3158,0,1,1426.380362054871,1542.2469845271694,0
2576179,Italy,Serie A,2018-02-04 14:00:00,23,3172,3165,1,0,1521.4945245479485,1454.7559405149043,0
2576181,Italy,Serie A,2018-02-04 14:00:00,23,3166,3176,1,2,1474.431191185392,1487.9238714517035,0
2576183,Italy,Serie A,2018-02-04 14:00:00,23,3163,3157,1,1,1510.9072538728233,1516.595910660708,0
2576186,Italy,Serie A,2018-02-04 14:00:00,23,3159,3315,7,0,1625.3933266690556,1457.1894174635775,0
2576187,Italy,Serie A,2018-02-04 14:00:00,23,3173,3204,2,0,1448.9112699790262,1441.7058447064715,0
2576184,Italy,Serie A,2018-02-04 19:45:00,23,3219,3187,0,2,1374.2889407574469,1627.266870106241,0
2576182,Italy,Serie A,2018-02-05 19:45:00,23,3162,3193,1,2,1577.5113136794662,1459.6425596569898,0
2576195,Italy,Serie A,2018-02-09 19:45:00,24,3176,3159,0,2,1500.3635435326971,1628.9126907167752,0
2576197,Italy,Serie A,2018-02-10 14:00:00,24,3204,3157,0,4,1434.6971281674578,1519.2456448848463,0
2576189,Italy,Serie A,2018-02-10 17:00:00,24,3197,3172,1,1,1445.736263284199,1527.0327914534964,0
2576196,Italy,Serie A,2018-02-10 19:45:00,24,3187,3162,4,1,1633.1278906159548,1561.9509536779126,0
2576192,Italy,Serie A,2018-02-11 11:30:00,24,3315,3173,0,0,1453.6700534158579,1455.9199865180399,0
2576191,Italy,Serie A,2018-02-11 14:00:00,24,3161,3166,2,1,1560.6488905890874,1461.9915191043983,0
2576193,Italy,Serie A,2018-02-11 14:00:00,24,3165,3193,0,1,1449.2176736093563,1475.2029196585434,0
2576194,Italy,Serie A,2018-02-11 14:00:00,24,3164,3194,2,0,1523.4437600141675,1416.8367229494106,0
2576198,Italy,Serie A,2018-02-11 14:00:00,24,3185,3163,2,0,1523.525504278752,1508.2575196486848,0
2576190,Italy,Serie A,2018-02-11 19:45:00,24,3158,3219,5,2,1551.7906236326298,1368.427920247733,0
2576205,Italy,Serie A,2018-02-17 14:00:00,25,3163,3158,0,2,1501.4586040886943,1555.0640351983911,0
2576199,Italy,Serie A,2018-02-17 17:00:00,25,3165,3173,2,1,1437.119009616109,1458.661502381371,0
2576203,Italy,Serie A,2018-02-17 19:45:00,25,3193,3161,2,0,1487.3015836517907,1565.48222363303,0
2576204,Italy,Serie A,2018-02-18 11:30:00,25,3185,3159,0,1,1530.3244198387424,1638.0928246451763,0
2576200,Italy,Serie A,2018-02-18 14:00:00,25,3219,3197,3,2,1365.1545086819717,1445.1984535122756,0
2576207,Italy,Serie A,2018-02-18 14:00:00,25,3166,3315,2,1,1457.1581860604558,1450.9285375525267,0
2576208,Italy,Serie A,2018-02-18 14:00:00,25,3187,3204,1,0,1638.5644273090265,1424.2526916989202,0
2576201,Italy,Serie A,2018-02-18 17:00:00,25,3172,3176,1,1,1527.5706012254198,1491.183409604296,0
2576206,Italy,Serie A,2018-02-18 19:45:00,25,3157,3164,1,0,1529.690081353384,1528.1113510911025,0
2576202,Italy,Serie A,2018-02-19 19:45:00,25,3162,3194,2,0,1556.5144169848409,1412.1691318724756,0
2576212,Italy,Serie A,2018-02-24 17:00:00,26,3166,3193,2,0,1464.1924961531618,1496.6743963105696,0
2576210,Italy,Serie A,2018-02-24 19:45:00,26,3161,3219,2,0,1556.109410974251,1374.580758065157,0
2576216,Italy,Serie A,2018-02-25 11:30:00,26,3197,3204,2,3,1435.7722041290904,1421.438294270992,0
2576211,Italy,Serie A,2018-02-25 14:00:00,26,3176,3165,1,0,1494.9190078694223,1444.8984387143546,0
2576213,Italy,Serie A,2018-02-25 14:00:00,26,3315,3162,0,3,1443.8942274598207,1560.4499467065075,0
2576217,Italy,Serie A,2018-02-25 14:00:00,26,3194,3185,2,1,1408.233602150809,1520.5479752492545,0
2576218,Italy,Serie A,2018-02-25 14:00:00,26,3164,3163,2,1,1520.9544713097887,1490.1311418655007,0
2576214,Italy,Serie A,2018-02-25 19:45:00,26,3158,3157,0,2,1566.3914974215847,1536.8469611346977,0
2576215,Italy,Serie A,2018-02-26 19:45:00,26,3173,3187,0,5,1450.8820732831255,1641.3788247369548,0
2576219,Italy,Serie A,2018-03-03 14:00:00,27,3204,3166,1,0,1434.6152280250287,1472.2732684247924,0
2576225,Italy,Serie A,2018-03-03 17:00:00,27,3162,3159,0,1,1569.9737951366571,1647.8692692346642,0
2576226,Italy,Serie A,2018-03-03 19:45:00,27,3187,3158,2,4,1648.8314683637432,1552.8265969759411,0
2576237,Italy,Serie A,2018-03-09 19:45:00,28,3158,3185,3,0,1567.9370782092967,1510.193687445754,0
2576231,Italy,Serie A,2018-03-10 19:45:00,28,3194,3165,1,0,1418.5878899543095,1438.9666328417454,0
2576230,Italy,Serie A,2018-03-11 11:30:00,28,3176,3219,1,0,1500.8508137420315,1371.2783406372844,0
2576229,Italy,Serie A,2018-03-11 14:00:00,28,3166,3172,0,1,1464.0486017001372,1523.8350029602934,0
2576232,Italy,Serie A,2018-03-11 14:00:00,28,3173,3162,2,2,1443.429429656337,1559.3384327704748,0
2576235,Italy,Serie A,2018-03-11 14:00:00,28,3197,3164,4,1,1422.5952703750536,1527.3574840606236,0
2576236,Italy,Serie A,2018-03-11 14:00:00,28,3315,3204,1,1,1434.370379029671,1442.839894749684,0
2576238,Italy,Serie A,2018-03-11 14:00:00,28,3159,3163,2,0,1658.5046316008466,1483.7281291146658,0
2576233,Italy,Serie A,2018-03-11 17:00:00,28,3193,3157,0,1,1488.593624038939,1550.4118615803413,0
2576234,Italy,Serie A,2018-03-11 19:45:00,28,3161,3187,0,0,1559.4118284021235,1633.7209871303876,0
2576209,Italy,Serie A,2018-03-14 17:00:00,26,3159,3172,2,0,1661.9156135653789,1534.987302299496,0
2576248,Italy,Serie A,2018-03-17 17:00:00,29,3163,3315,1,2,1480.3171471501335,1431.7952212811783,0
2576246,Italy,Serie A,2018-03-17 19:45:00,29,3204,3159,0,0,1445.4150524981767,1666.1777318529214,0
2576245,Italy,Serie A,2018-03-18 11:30:00,29,3164,3161,0,5,1517.2204251158103,1558.6737313019148,0
2576239,Italy,Serie A,2018-03-18 14:00:00,29,3194,3172,0,5,1426.3354990620558,1530.7251840119534,0
2576241,Italy,Serie A,2018-03-18 14:00:00,29,3219,3173,1,2,1367.0670482178136,1443.8870078165744,0
2576242,Italy,Serie A,2018-03-18 14:00:00,29,3157,3165,3,2,1561.5064182236601,1431.2190237339992,0
2576243,Italy,Serie A,2018-03-18 14:00:00,29,3185,3176,1,2,1504.445682000904,1505.0621061615022,0
2576247,Italy,Serie A,2018-03-18 14:00:00,29,3197,3158,0,2,1432.732329319867,1573.6850836541466,0
2576240,Italy,Serie A,2018-03-18 19:45:00,29,3162,3166,1,1,1558.8808546102375,1452.8963023609347,0
2576244,Italy,Serie A,2018-03-18 19:45:00,29,3187,3193,1,0,1634.4590842305963,1477.4990673956202,0
2576254,Italy,Serie A,2018-03-31 10:30:00,30,3166,3158,1,1,1458.2158769803746,1582.511797366255,0
2576249,Italy,Serie A,2018-03-31 13:00:00,30,3162,3219,6,2,1553.5612799907976,1356.4008611810755,0
2576250,Italy,Serie A,2018-03-31 13:00:00,30,3176,3197,2,0,1517.8470482047444,1423.9056156077586,0
2576251,Italy,Serie A,2018-03-31 13:00:00,30,3161,3194,3,0,1570.3430696315638,1416.4618376287037,0
2576256,Italy,Serie A,2018-03-31 13:00:00,30,3193,3204,1,1,1473.7880435466784,1448.7573547336617,0
2576257,Italy,Serie A,2018-03-31 13:00:00,30,3173,3185,0,4,1454.5531948533126,1491.660739957662,0
2576258,Italy,Serie A,2018-03-31 13:00:00,30,3172,3163,2,0,1540.5988454453054,1466.2850116611914,0
2576253,Italy,Serie A,2018-03-31 16:00:00,30,3315,3187,1,1,1445.8273567701203,1638.170108079538,0
2576255,Italy,Serie A,2018-03-31 16:00:00,30,3165,3164,2,1,1427.0213969035733,1505.5510867861612,0
2576252,Italy,Serie A,2018-03-31 18:45:00,30,3159,3157,3,1,1662.8354296174364,1565.704045054086,0
2576220,Italy,Serie A,2018-04-03 16:30:00,27,3193,3173,2,1,1470.3370725545997,1442.7625207669557,0
2576222,Italy,Serie A,2018-04-03 16:30:00,27,3163,3176,0,2,1460.9196643895843,1522.780579541905,0
2576227,Italy,Serie A,2018-04-03 16:30:00,27,3172,3164,1,2,1545.9641927169125,1496.1682665555938,0
2576223,Italy,Serie A,2018-04-04 15:00:00,27,3219,3194,3,0,1353.339124525493,1412.6969485878599,0
2576221,Italy,Serie A,2018-04-04 16:30:00,27,3185,3197,4,1,1503.4514140440187,1418.972084270598,0
2576224,Italy,Serie A,2018-04-04 16:30:00,27,3157,3161,0,0,1560.8384421384146,1574.1079586724077,0
2576228,Italy,Serie A,2018-04-04 16:30:00,27,3165,3315,1,1,1436.4042171341407,1448.4243299107115,0
2576266,Italy,Serie A,2018-04-07 13:00:00,31,3219,3159,2,4,1362.1746552682228,1667.7010325331078,0
2576259,Italy,Serie A,2018-04-07 16:00:00,31,3204,3172,1,1,1452.2083257257405,1531.9013956595477,0
2576263,Italy,Serie A,2018-04-07 16:00:00,31,3158,3176,0,2,1581.8136422113187,1533.8739225249521,0
2576264,Italy,Serie A,2018-04-07 18:45:00,31,3164,3193,0,0,1510.2310636129587,1476.821766717443,0
2576265,Italy,Serie A,2018-04-08 10:30:00,31,3185,3161,1,0,1508.5901598751007,1576.5536706676492,0
2576260,Italy,Serie A,2018-04-08 13:00:00,31,3197,3166,1,0,1413.8333384395162,1458.914032135311,0
2576261,Italy,Serie A,2018-04-08 13:00:00,31,3194,3173,1,0,1403.86141784513,1436.2778266041123,0
2576262,Italy,Serie A,2018-04-08 13:00:00,31,3187,3165,2,1,1635.5731349389469,1433.9247252566322,0
2576267,Italy,Serie A,2018-04-08 16:00:00,31,3163,3162,1,2,1449.826321406537,1556.6230166463802,0
2576268,Italy,Serie A,2018-04-08 18:45:00,31,3157,3315,1,1,1558.3927301431731,1450.90382178822,0
2576278,Italy,Serie A,2018-04-14 13:00:00,32,3173,3163,2,1,1428.198869828223,1440.0219210700964,0
2576270,Italy,Serie A,2018-04-14 16:00:00,32,3193,3197,1,0,1480.4833798744326,1422.265668782616,0
2576277,Italy,Serie A,2018-04-14 16:00:00,32,3165,3185,0,0,1430.9293805506961,1517.6706800448387,0
2576272,Italy,Serie A,2018-04-14 18:45:00,32,3172,3161,0,0,1532.4852114362159,1567.473150497911,0
2576276,Italy,Serie A,2018-04-15 10:30:00,32,3176,3204,0,0,1547.8920157098205,1451.6245099490723,0
2576269,Italy,Serie A,2018-04-15 13:00:00,32,3315,3219,2,2,1456.254371065129,1357.4847676549562,0
2576271,Italy,Serie A,2018-04-15 13:00:00,32,3166,3194,2,0,1450.481701792211,1411.9403746210194,0
2576273,Italy,Serie A,2018-04-15 13:00:00,32,3157,3187,0,0,1553.0421808662643,1638.568479644883,0
2576275,Italy,Serie A,2018-04-15 16:00:00,32,3159,3164,3,0,1672.3909201463744,1506.5694504559692,0
2576274,Italy,Serie A,2018-04-15 18:45:00,32,3162,3158,0,0,1566.427416982821,1567.7955490264503,0
2576281,Italy,Serie A,2018-04-17 18:45:00,33,3161,3173,4,0,1569.322810376903,1435.714055513697,0
2576279,Italy,Serie A,2018-04-18 16:00:00,33,3219,3172,0,3,1362.6538022010036,1530.635551557224,0
2576282,Italy,Serie A,2018-04-18 17:45:00,33,3204,3165,0,0,1456.7405740053882,1430.5479496163514,0
2576287,Italy,Serie A,2018-04-18 17:45:00,33,3194,3315,0,1,1405.72919788356,1451.0853365190815,0
2576280,Italy,Serie A,2018-04-18 18:45:00,33,3164,3166,1,0,1503.0101367403124,1456.6928785296705,0
2576283,Italy,Serie A,2018-04-18 18:45:00,33,3158,3193,2,1,1570.5605212346416,1486.220207992177,0
2576284,Italy,Serie A,2018-04-18 18:45:00,33,3197,3159,1,1,1416.5288406648717,1675.9502338620312,0
2576285,Italy,Serie A,2018-04-18 18:45:00,33,3176,3162,3,4,1542.7759516535045,1563.6624447746296,0
2576286,Italy,Serie A,2018-04-18 18:45:00,33,3185,3157,1,1,1518.0521109791835,1552.6258350782634,0
2576288,Italy,Serie A,2018-04-18 18:45:00,33,3187,3163,4,2,1638.9848254328838,1432.5067353846223,0
2576296,Italy,Serie A,2018-04-21 13:00:00,34,3204,3158,0,3,1453.2601767072977,1575.7023233180514,0
2576292,Italy,Serie A,2018-04-21 16:00:00,34,3315,3176,1,0,1462.645272109909,1530.537438127467,0
2576289,Italy,Serie A,2018-04-21 18:45:00,34,3157,3219,0,1,1554.4870065956047,1354.5858799853922,0
2576290,Italy,Serie A,2018-04-22 10:30:00,34,3173,3166,0,0,1431.5794884515733,1450.6717396480874,0
2576291,Italy,Serie A,2018-04-22 13:00:00,34,3163,3197,1,2,1429.5815075782625,1420.82031882463,0
2576294,Italy,Serie A,2018-04-22 13:00:00,34,3165,3161,1,2,1434.028346914442,1573.4573774390267,0
2576297,Italy,Serie A,2018-04-22 13:00:00,34,3162,3164,4,0,1575.900958300667,1509.0312756218955,0
2576298,Italy,Serie A,2018-04-22 13:00:00,34,3172,3185,2,1,1538.7034737728354,1516.1909394618422,0
2576295,Italy,Serie A,2018-04-22 18:45:00,34,3159,3187,0,1,1671.6587557022729,1641.9100532392436,0
2576293,Italy,Serie A,2018-04-23 18:45:00,34,3193,3194,3,1,1481.078405908767,1394.1692622927324,0
2576300,Italy,Serie A,2018-04-28 16:00:00,35,3158,3165,4,1,1585.0572832754333,1425.15835864189,0
2576302,Italy,Serie A,2018-04-28 18:45:00,35,3161,3159,2,3,1582.3273657115788,1658.0887267566516,0
2576306,Italy,Serie A,2018-04-29 10:30:00,35,3197,3315,4,1,1433.852319269818,1471.7237562113294,0
2576299,Italy,Serie A,2018-04-29 13:00:00,35,3164,3173,4,1,1503.4960303722075,1429.2919773424044,0
2576301,Italy,Serie A,2018-04-29 13:00:00,35,3172,3193,3,1,1545.3165084763361,1486.1639249520072,0
2576304,Italy,Serie A,2018-04-29 13:00:00,35,3166,3157,1,2,1452.9592507572563,1537.5080571846547,0
2576307,Italy,Serie A,2018-04-29 13:00:00,35,3194,3204,1,3,1389.0837432494923,1443.9052167499158,0
2576308,Italy,Serie A,2018-04-29 13:00:00,35,3219,3163,3,3,1371.5648293963422,1416.5495071330745,0
2576305,Italy,Serie A,2018-04-29 16:00:00,35,3176,3187,3,0,1521.4589540260467,1655.4800821848648,0
2576303,Italy,Serie A,2018-04-29 18:45:00,35,3185,3162,0,1,1509.5779047583414,1581.436203550355,0
2576314,Italy,Serie A,2018-05-05 16:00:00,36,3157,3194,4,1,1547.9524853311382,1377.7906806184037,0
2576311,Italy,Serie A,2018-05-05 18:45:00,36,3159,3166,3,1,1668.7852412366706,1442.5148226107729,0
2576315,Italy,Serie A,2018-05-06 10:30:00,36,3163,3161,0,4,1418.1198723176176,1571.6308512315597,0
2576309,Italy,Serie A,2018-05-06 13:00:00,36,3162,3172,1,1,1592.2444200975274,1551.0313444760598,0
2576310,Italy,Serie A,2018-05-06 13:00:00,36,3204,3219,2,0,1455.1982793810043,1369.9944642117991,0
2576312,Italy,Serie A,2018-05-06 13:00:00,36,3165,3197,2,1,1421.4981957673183,1442.0829351031075,0
2576313,Italy,Serie A,2018-05-06 13:00:00,36,3193,3176,2,3,1480.4490889522835,1532.4350430702739,0
2576318,Italy,Serie A,2018-05-06 13:00:00,36,3187,3185,2,2,1644.5039931406377,1498.769688211169,0
2576317,Italy,Serie A,2018-05-06 16:00:00,36,3315,3164,1,0,1463.49314037804,1508.8638590379994,0
2576316,Italy,Serie A,2018-05-06 18:45:00,36,3173,3158,0,1,1423.9241486766125,1588.717446150005,0
2576321,Italy,Serie A,2018-05-12 16:00:00,37,3219,3193,1,0,1364.8716268096475,1469.0758644629861,0
2576326,Italy,Serie A,2018-05-12 18:45:00,37,3161,3315,1,2,1580.102745238124,1471.9336142250468,0
2576319,Italy,Serie A,2018-05-13 13:00:00,37,3176,3173,0,1,1543.8082675595713,1415.7677267485506,0
2576320,Italy,Serie A,2018-05-13 13:00:00,37,3166,3165,1,2,1439.8628234202245,1429.2514338838982,0
2576323,Italy,Serie A,2018-05-13 13:00:00,37,3197,3162,2,2,1434.3296969865276,1588.3899293601405,0
2576327,Italy,Serie A,2018-05-13 13:00:00,37,3185,3204,2,1,1504.8593729544614,1460.321116783156,0
2576328,Italy,Serie A,2018-05-13 13:00:00,37,3194,3163,0,1,1374.3038826614168,1409.6479783110533,0
2576324,Italy,Serie A,2018-05-13 16:00:00,37,3172,3157,1,1,1554.8858352134466,1551.4392832881251,0
2576322,Italy,Serie A,2018-05-13 18:45:00,37,3158,3159,0,0,1596.8738680780668,1671.437240427219,0
2576325,Italy,Serie A,2018-05-13 18:45:00,37,3164,3187,0,2,1500.4233851909926,1638.4143083973454,0
2576334,Italy,Serie A,2018-05-19 13:00:00,38,3159,3194,2,1,1672.168060140839,1362.464124955276,0
2576338,Italy,Serie A,2018-05-20 13:00:00,38,3193,3185,1,2,1458.9548626821193,1510.9236969909723,0
2576329,Italy,Serie A,2018-05-20 16:00:00,38,3173,3172,1,0,1431.5270419772942,1551.99337627187,0
2576330,Italy,Serie A,2018-05-20 16:00:00,38,3165,3219,1,0,1442.3317134110175,1374.9926285905144,0
2576331,Italy,Serie A,2018-05-20 16:00:00,38,3163,3166,1,0,1421.487736017194,1426.7825438931052,0
2576332,Italy,Serie A,2018-05-20 16:00:00,38,3187,3197,2,1,1647.3251790683312,1435.8732388713352,0
2576333,Italy,Serie A,2018-05-20 16:00:00,38,3157,3176,5,1,1554.3317422297018,1528.0489523308277,0
2576337,Italy,Serie A,2018-05-20 16:00:00,38,3204,3164,3,1,1454.256792746645,1491.5125145200068,0
2576335,Italy,Serie A,2018-05-20 18:45:00,38,3162,3161,2,3,1586.846387475333,1564.7382371927588,0
2576336,Italy,Serie A,2018-05-20 18:45:00,38,3315,3158,0,1,1487.298122270412,1596.1430483644467,0
2500691,France,Ligue 1,2017-08-04 18:45:00,1,19830,3780,3,2,1500.0,1500.0,1
2500693,France,Ligue 1,2017-08-05 15:15:00,1,3767,3789,2,0,1500.0,1500.0,1
2500688,France,Ligue 1,2017-08-05 18:00:00,1,3766,3779,4,0,1500.0,1500.0,1
2500690,France,Ligue 1,2017-08-05 18:00:00,1,3777,3785,1,3,1500.0,1500.0,1
2500692,France,Ligue 1,2017-08-05 18:00:00,1,3787,3783,1,0,1500.0,1500.0,1
2500694,France,Ligue 1,2017-08-05 18:00:00,1,3782,3775,1,0,1500.0,1500.0,1
2500695,France,Ligue 1,2017-08-05 18:00:00,1,3795,3774,1,1,1500.0,1500.0,1
2500687,France,Ligue 1,2017-08-06 13:00:00,1,3776,3770,3,0,1500.0,1500.0,1
2500686,France,Ligue 1,2017-08-06 15:00:00,1,3799,3772,2,2,1500.0,1500.0,1
2500689,France,Ligue 1,2017-08-06 19:00:00,1,3771,3804,3,0,1500.0,1500.0,1
2500702,France,Ligue 1,2017-08-11 17:00:00,2,3775,3795,1,2,1492.8012999960577,1497.1987000039423,1
2500703,France,Ligue 1,2017-08-11 18:45:00,2,3774,3766,1,2,1502.8012999960577,1507.1987000039423,1
2500701,France,Ligue 1,2017-08-12 15:00:00,2,3770,3771,0,1,1492.8012999960577,1507.1987000039423,1
2500696,France,Ligue 1,2017-08-12 18:00:00,2,3789,3799,0,2,1492.8012999960577,1497.1987000039423,1
2500697,France,Ligue 1,2017-08-12 18:00:00,2,3772,3777,2,0,1502.8012999960577,1487.1987000039423,1
2500698,France,Ligue 1,2017-08-12 18:00:00,2,3783,3782,0,1,1492.8012999960577,1507.1987000039423,1
2500705,France,Ligue 1,2017-08-12 18:00:00,2,3780,3787,1,0,1492.8012999960577,1507.1987000039423,1
2500704,France,Ligue 1,2017-08-13 13:00:00,2,3779,3776,3,0,1492.8012999960577,1507.1987000039423,1
2500699,France,Ligue 1,2017-08-13 15:00:00,2,3804,19830,1,4,1492.8012999960577,1507.1987000039423,1
2500700,France,Ligue 1,2017-08-13 19:00:00,2,3785,3767,0,3,1512.8012999960577,1507.1987000039423,1
2500709,France,Ligue 1,2017-08-18 18:45:00,3,3777,19830,0,1,1480.40842589807,1519.6138665412898,1
2500707,France,Ligue 1,2017-08-19 15:00:00,3,3766,3772,3,3,1519.8829560165664,1509.59157410193,1
2500710,France,Ligue 1,2017-08-19 18:00:00,3,3787,3779,1,1,1499.6138665412898,1500.3861334587102,1
2500711,France,Ligue 1,2017-08-19 18:00:00,3,3775,3785,2,0,1480.1170439834336,1499.8520794225028,1
2500713,France,Ligue 1,2017-08-19 18:00:00,3,3774,3804,2,2,1490.1170439834336,1480.3861334587102,1
2500714,France,Ligue 1,2017-08-19 18:00:00,3,3782,3789,3,0,1519.6138665412898,1480.1170439834336,1
2500715,France,Ligue 1,2017-08-19 18:00:00,3,3795,3770,0,1,1509.8829560165664,1480.3861334587102,1
2500706,France,Ligue 1,2017-08-20 13:00:00,3,3776,3783,0,2,1499.6138665412898,1480.3861334587102,1
2500708,France,Ligue 1,2017-08-20 15:00:00,3,3771,3799,1,1,1519.6138665412898,1509.8829560165664,1
2500712,France,Ligue 1,2017-08-20 19:00:00,3,3767,3780,6,2,1520.1479205774972,1500.3861334587102,1
2500724,France,Ligue 1,2017-08-25 18:45:00,4,3767,3782,3,0,1526.831232791812,1525.8015143581079,1
2500723,France,Ligue 1,2017-08-26 15:15:00,4,3770,3766,0,0,1493.9498350616568,1516.8110155035588,1
2500716,France,Ligue 1,2017-08-26 18:00:00,4,3789,3775,3,0,1473.9293961666156,1487.8470730014699,1
2500718,France,Ligue 1,2017-08-26 18:00:00,4,3772,3795,2,1,1512.6635146149376,1496.3192544136198,1
2500719,France,Ligue 1,2017-08-26 18:00:00,4,3783,3777,1,0,1493.6891338747378,1468.676260484258,1
2500720,France,Ligue 1,2017-08-26 18:00:00,4,3804,3787,2,1,1483.4434573935268,1496.833062637647,1
2500725,France,Ligue 1,2017-08-26 18:00:00,4,3780,3774,3,2,1493.7028212443954,1487.059720048617,1
2500721,France,Ligue 1,2017-08-27 13:00:00,4,3785,3779,2,0,1492.1220504044666,1503.166937362353,1
2500717,France,Ligue 1,2017-08-27 15:00:00,4,3799,3776,1,1,1512.940279951383,1486.3108661252622,1
2500722,France,Ligue 1,2017-08-27 19:00:00,4,19830,3771,6,1,1531.3460319551018,1516.5565426064732,1
2500727,France,Ligue 1,2017-09-08 17:00:00,5,3776,3772,0,0,1489.8023075515664,1519.4346543727393,1
2500730,France,Ligue 1,2017-09-08 18:45:00,5,3777,3767,1,5,1462.1267797659636,1534.0026436054454,1
2500732,France,Ligue 1,2017-09-09 15:00:00,5,3775,19830,4,0,1480.2752373409169,1538.1573139309849,1
2500726,France,Ligue 1,2017-09-09 18:00:00,5,3783,3804,2,1,1500.238614593032,1491.000995357148,1
2500731,France,Ligue 1,2017-09-09 18:00:00,5,3787,3770,0,1,1489.2755246740257,1491.765377775293,1
2500734,France,Ligue 1,2017-09-09 18:00:00,5,3779,3789,0,1,1495.6727544403197,1481.5012318271686,1
2500735,France,Ligue 1,2017-09-09 18:00:00,5,3795,3780,0,0,1489.5481146558182,1500.7262817000071,1
2500733,France,Ligue 1,2017-09-10 13:00:00,5,3782,3799,1,1,1518.6301035444744,1509.4488385250788,1
2500728,France,Ligue 1,2017-09-10 15:00:00,5,3766,3785,2,1,1518.9954727899226,1499.6162333265,1
2500729,France,Ligue 1,2017-09-10 19:00:00,5,3771,3774,1,3,1509.74526063059,1480.0362595930053,1
2500744,France,Ligue 1,2017-09-15 18:45:00,6,3780,3772,0,1,1503.2285031971462,1521.4327518893053,0
2500740,France,Ligue 1,2017-09-16 15:00:00,6,19830,3779,3,0,1529.363661687411,1482.5000234601748,0
2500738,France,Ligue 1,2017-09-16 18:00:00,6,3804,3782,0,1,1484.0454427722675,1515.5871278686482,0
2500739,France,Ligue 1,2017-09-16 18:00:00,6,3785,3776,1,0,1492.9231181423543,1487.8042100350003,0
2500741,France,Ligue 1,2017-09-16 18:00:00,6,3770,3783,1,0,1504.5005059852535,1507.1941671779125,0
2500745,France,Ligue 1,2017-09-16 18:00:00,6,3795,3787,0,1,1487.045893158679,1476.5403964640652,0
2500736,France,Ligue 1,2017-09-17 13:00:00,6,3789,3771,0,2,1494.6739628073135,1496.1762287863296,0
2500737,France,Ligue 1,2017-09-17 15:00:00,6,3799,3777,0,1,1512.491814200905,1451.3190654811426,0
2500743,France,Ligue 1,2017-09-17 15:00:00,6,3774,3775,0,1,1493.6052914372658,1489.0688895844908,0
2500742,France,Ligue 1,2017-09-17 19:00:00,6,3767,3766,2,0,1544.8103578902665,1525.6885879740682,0
2500753,France,Ligue 1,2017-09-22 17:00:00,7,3775,3799,2,2,1501.990066397556,1498.1593006392668,0
2500748,France,Ligue 1,2017-09-22 18:45:00,7,3776,19830,0,4,1480.7407145262548,1535.3715724246763,0
2500752,France,Ligue 1,2017-09-23 15:00:00,7,3787,3767,0,0,1489.6179170741425,1551.5100748784494,0
2500746,France,Ligue 1,2017-09-23 18:00:00,7,3772,3785,3,1,1533.744470144047,1499.9866136510998,0
2500747,France,Ligue 1,2017-09-23 18:00:00,7,3783,3789,1,0,1499.9238672854292,1481.9125565124748,0
2500749,France,Ligue 1,2017-09-23 18:00:00,7,3766,3804,3,3,1518.9888709858853,1472.1001638681428,0
2500751,France,Ligue 1,2017-09-23 18:00:00,7,3777,3795,0,1,1465.651579042781,1473.9683725486018,0
2500754,France,Ligue 1,2017-09-24 13:00:00,7,3782,3774,2,2,1527.532406772773,1480.6841146242007,0
2500755,France,Ligue 1,2017-09-24 15:00:00,7,3779,3770,1,2,1476.4921127229095,1511.7708058777368,0
2500750,France,Ligue 1,2017-09-24 19:00:00,7,3771,3780,2,0,1508.9376350811683,1490.9167849424045,0
2500760,France,Ligue 1,2017-09-29 18:45:00,8,19830,3787,1,1,1546.6700292980825,1488.5254625861828,0
2500763,France,Ligue 1,2017-09-30 15:00:00,8,3767,3772,6,2,1552.602529366409,1540.0741729069805,0
2500758,France,Ligue 1,2017-09-30 18:00:00,8,3804,3779,1,1,1476.09285966375,1464.6505363595945,0
2500759,France,Ligue 1,2017-09-30 18:00:00,8,3785,3780,1,1,1493.6569108881663,1484.1888027800446,0
2500761,France,Ligue 1,2017-09-30 18:00:00,8,3770,3777,1,0,1523.6123822410518,1453.0723175584146,0
2500764,France,Ligue 1,2017-09-30 18:00:00,8,3774,3783,0,1,1484.675832576788,1506.652094619803,0
2500765,France,Ligue 1,2017-10-01 13:00:00,8,3795,3782,2,1,1486.547634032968,1523.5406888201856,0
2500757,France,Ligue 1,2017-10-01 15:00:00,8,3799,3766,3,3,1501.06188970487,1514.996175190278,0
2500762,France,Ligue 1,2017-10-01 19:00:00,8,3775,3771,2,4,1499.0874773319526,1515.6656172435282,0
2500771,France,Ligue 1,2017-10-13 18:45:00,9,3766,19830,3,2,1517.4238896739948,1542.408580210784,0
2500768,France,Ligue 1,2017-10-14 15:00:00,9,3804,3767,1,2,1472.9909491146768,1559.4723953783277,0
2500767,France,Ligue 1,2017-10-14 18:00:00,9,3783,3799,0,2,1518.8607929743248,1498.6341752211533,0
2500769,France,Ligue 1,2017-10-14 18:00:00,9,3785,3774,2,0,1490.6064455695296,1472.4671342222662,0
2500770,France,Ligue 1,2017-10-14 18:00:00,9,3776,3795,2,2,1469.4422576528486,1494.7537705028346,0
2500773,France,Ligue 1,2017-10-14 18:00:00,9,3782,3777,3,1,1515.334552350319,1447.6212554694143,0
2500775,France,Ligue 1,2017-10-14 18:00:00,9,3780,3789,1,0,1487.2392680986814,1475.184329178101,0
2500766,France,Ligue 1,2017-10-15 13:00:00,9,3772,3770,1,1,1533.2043068950618,1529.063444330052,0
2500772,France,Ligue 1,2017-10-15 15:00:00,9,3787,3775,2,0,1492.7869116734812,1486.7315052889765,0
2500774,France,Ligue 1,2017-10-15 19:00:00,9,3779,3771,3,3,1467.7524469086677,1528.0215892865044,0
2500784,France,Ligue 1,2017-10-20 18:45:00,10,3782,3787,0,1,1520.8503777392002,1499.8257964444824,0
2500780,France,Ligue 1,2017-10-21 15:00:00,10,19830,3783,2,0,1534.5347574124244,1505.5322033109474,0
2500776,France,Ligue 1,2017-10-21 18:00:00,10,3789,3772,1,0,1468.3021669221705,1530.293546603852,0
2500777,France,Ligue 1,2017-10-21 18:00:00,10,3799,3780,0,1,1511.9627648845308,1494.121430354612,0
2500779,France,Ligue 1,2017-10-21 18:00:00,10,3777,3804,1,2,1442.105430080533,1462.602050099009,0
2500781,France,Ligue 1,2017-10-21 18:00:00,10,3770,3785,2,1,1531.9742046212618,1497.3313835178565,0
2500783,France,Ligue 1,2017-10-21 18:00:00,10,3774,3776,1,0,1465.7421962739393,1467.3250637054084,0
2500782,France,Ligue 1,2017-10-22 13:00:00,10,3775,3779,1,2,1479.6926205179752,1466.6138596732262,0
2500785,France,Ligue 1,2017-10-22 15:00:00,10,3795,3766,0,5,1496.8709644502749,1525.2977124723545,0
2500778,France,Ligue 1,2017-10-22 19:00:00,10,3771,3767,2,2,1529.160176521946,1569.8612943939956,0
2500793,France,Ligue 1,2017-10-27 18:45:00,11,3767,3775,3,0,1571.5516714965202,1466.5482038616958,0
2500786,France,Ligue 1,2017-10-28 15:00:00,11,3772,19830,0,2,1521.3831792518135,1540.9834815687348,0
2500787,France,Ligue 1,2017-10-28 18:00:00,11,3783,3795,1,0,1499.083479154637,1484.8395755842346,0
2500788,France,Ligue 1,2017-10-28 18:00:00,11,3804,3770,1,0,1474.851220093227,1538.2818879517674,0
2500789,France,Ligue 1,2017-10-28 18:00:00,11,3785,3789,1,1,1491.0237001873509,1477.212534274209,0
2500792,France,Ligue 1,2017-10-28 18:00:00,11,3787,3774,0,1,1513.1747930510005,1472.9829331120882,0
2500794,France,Ligue 1,2017-10-28 18:00:00,11,3779,3799,2,2,1479.7582763295056,1498.6953615303755,0
2500791,France,Ligue 1,2017-10-29 14:00:00,11,3766,3777,2,0,1537.3291013383948,1429.856260086315,0
2500795,France,Ligue 1,2017-10-29 16:00:00,11,3780,3782,0,0,1507.3888337087672,1507.5013811326821,0
2500790,France,Ligue 1,2017-10-29 20:00:00,11,3776,3771,0,1,1460.0843268672595,1527.4697994194214,0
2500803,France,Ligue 1,2017-11-03 19:45:00,12,3774,3772,1,0,1486.8123695259237,1509.1095304835965,0
2500796,France,Ligue 1,2017-11-04 16:00:00,12,3799,3767,0,5,1500.9871045486825,1576.252374446758,0
2500799,France,Ligue 1,2017-11-04 19:00:00,12,19830,3785,6,0,1553.2571303369518,1487.860300115552,0
2500800,France,Ligue 1,2017-11-04 19:00:00,12,3787,3789,1,1,1499.345356637165,1480.3759343460079,0
2500801,France,Ligue 1,2017-11-04 19:00:00,12,3770,3780,2,1,1529.330568155773,1504.5905191558743,0
2500805,France,Ligue 1,2017-11-04 19:00:00,12,3795,3779,3,0,1478.0141800232007,1477.4665333111986,0
2500802,France,Ligue 1,2017-11-05 14:00:00,12,3775,3804,1,0,1461.847500911458,1483.8025398892214,0
2500797,France,Ligue 1,2017-11-05 16:00:00,12,3771,3783,5,0,1538.405773330475,1505.908874715671,0
2500798,France,Ligue 1,2017-11-05 16:00:00,12,3777,3776,0,3,1425.2064792981348,1449.1483529562058,0
2500804,France,Ligue 1,2017-11-05 20:00:00,12,3782,3766,0,5,1510.299695685575,1541.978882126575,0
2500811,France,Ligue 1,2017-11-17 18:00:00,13,3776,3782,3,1,1461.303169625035,1498.3582249210601,0
2500806,France,Ligue 1,2017-11-17 19:45:00,13,3789,19830,1,1,1483.6723094748015,1558.8263813909182,0
2500813,France,Ligue 1,2017-11-18 16:00:00,13,3767,3770,4,1,1586.9630968847318,1535.8869683374382,0
2500809,France,Ligue 1,2017-11-18 19:00:00,13,3804,3795,3,1,1476.0118192854854,1485.1983608416283,0
2500810,France,Ligue 1,2017-11-18 19:00:00,13,3785,3799,1,1,1482.2910490615857,1490.2763821107087,0
2500814,France,Ligue 1,2017-11-18 19:00:00,13,3779,3774,2,1,1470.282352492771,1494.6124586000933,0
2500815,France,Ligue 1,2017-11-18 19:00:00,13,3780,3777,0,0,1498.0341189742092,1413.0516626293056,0
2500808,France,Ligue 1,2017-11-19 14:00:00,13,3783,3775,1,1,1499.5477260155428,1469.638221515194,0
2500812,France,Ligue 1,2017-11-19 16:00:00,13,3766,3787,0,0,1553.9203528910898,1496.0489815083713,0
2500807,France,Ligue 1,2017-11-19 20:00:00,13,3772,3771,1,1,1501.3094414094269,1544.7669220306032,0
2500756,France,Ligue 1,2017-11-20 18:00:00,8,3789,3776,3,0,1482.9584027409219,1469.511033243429,0
2500824,France,Ligue 1,2017-11-24 19:45:00,14,3782,3779,2,2,1490.1503613026662,1478.1381937682404,0
2500823,France,Ligue 1,2017-11-25 16:00:00,14,3774,3770,2,1,1486.756617324624,1529.9804843408197,0
2500816,France,Ligue 1,2017-11-25 19:00:00,14,3783,3772,1,0,1495.9736593586808,1499.696233789528,0
2500817,France,Ligue 1,2017-11-25 19:00:00,14,3804,3780,3,1,1483.4559408444977,1493.161813600392,0
2500819,France,Ligue 1,2017-11-25 19:00:00,14,3777,3789,0,2,1417.9239680031228,1489.8044288568303,0
2500821,France,Ligue 1,2017-11-25 19:00:00,14,3787,3776,3,0,1500.3039931981637,1462.6650071275205,0
2500825,France,Ligue 1,2017-11-25 19:00:00,14,3795,3799,3,0,1477.754239282616,1492.8645469300964,0
2500822,France,Ligue 1,2017-11-26 14:00:00,14,3775,3766,0,5,1473.2122881720559,1549.6653412012975,0
2500818,France,Ligue 1,2017-11-26 16:00:00,14,3771,3785,1,0,1546.380129650502,1479.702884242198,0
2500820,France,Ligue 1,2017-11-26 20:00:00,14,19830,3767,1,2,1559.5402881247978,1592.8695808813504,0
2500826,France,Ligue 1,2017-11-28 18:00:00,15,3789,3804,2,1,1500.6120116920167,1490.9140388350463,0
2500834,France,Ligue 1,2017-11-28 18:00:00,15,3779,3783,0,0,1481.2549200804124,1503.2713891940912,0
2500828,France,Ligue 1,2017-11-28 20:00:00,15,3772,3782,3,0,1492.3985039541176,1487.0336349904942,0
2500827,France,Ligue 1,2017-11-29 18:00:00,15,3799,3774,1,2,1485.2603816699595,1495.1368614623793,0
2500829,France,Ligue 1,2017-11-29 18:00:00,15,3785,3787,0,0,1474.1632032104571,1506.5374350083323,0
2500830,France,Ligue 1,2017-11-29 18:00:00,15,3766,3776,1,2,1560.3420410468082,1456.431565317352,0
2500831,France,Ligue 1,2017-11-29 18:00:00,15,3777,3771,0,3,1407.1163851679364,1551.919810682243,0
2500832,France,Ligue 1,2017-11-29 18:00:00,15,3770,19830,1,0,1521.6002402030642,1547.6445628840268,0
2500835,France,Ligue 1,2017-11-29 18:00:00,15,3780,3775,1,2,1485.7037156098434,1462.5355883265452,0
2500833,France,Ligue 1,2017-11-29 20:00:00,15,3767,3795,2,0,1604.7653061221215,1485.3584045427529,0
2500837,France,Ligue 1,2017-12-01 19:45:00,16,3804,3772,3,2,1483.970503336491,1499.455531940059,0
2500844,France,Ligue 1,2017-12-02 16:00:00,16,3779,3767,2,1,1479.0473225517321,1609.1744376455824,0
2500838,France,Ligue 1,2017-12-02 19:00:00,16,3776,3780,1,0,1471.7082002691657,1472.3000561389808,0
2500839,France,Ligue 1,2017-12-02 19:00:00,16,19830,3799,1,0,1539.7416013477266,1472.7230734205543,0
2500841,France,Ligue 1,2017-12-02 19:00:00,16,3775,3777,3,1,1475.9392477974077,1398.3988305616322,0
2500842,France,Ligue 1,2017-12-02 19:00:00,16,3774,3789,2,0,1507.6741697117845,1507.555547190572,0
2500845,France,Ligue 1,2017-12-02 19:00:00,16,3795,3785,0,1,1480.949273019292,1472.2409908628088,0
2500843,France,Ligue 1,2017-12-03 14:00:00,16,3782,3770,1,1,1479.9766070045528,1529.5032017393644,0
2500836,France,Ligue 1,2017-12-03 16:00:00,16,3783,3766,1,2,1505.4789867227714,1545.0654060949944,0
2500840,France,Ligue 1,2017-12-03 20:00:00,16,3787,3771,1,1,1508.4596473559807,1560.6373652885472,0
2500848,France,Ligue 1,2017-12-08 19:45:00,17,3772,3779,0,3,1491.8411978010358,1489.9122838008318,0
2500854,France,Ligue 1,2017-12-09 16:00:00,17,3767,3776,3,1,1598.3094763964828,1478.9226059510042,0
2500847,France,Ligue 1,2017-12-09 19:00:00,17,3799,3787,1,1,1467.1912576292025,1507.091838600918,0
2500849,France,Ligue 1,2017-12-09 19:00:00,17,3785,3804,4,0,1485.2716084589324,1491.5848374755142,0
2500851,France,Ligue 1,2017-12-09 19:00:00,17,3777,3774,1,1,1393.1060890674505,1514.869723710422,0
2500852,France,Ligue 1,2017-12-09 19:00:00,17,19830,3795,3,2,1545.2734171390784,1467.9186554231683,0
2500855,France,Ligue 1,2017-12-09 19:00:00,17,3780,3783,2,0,1465.0856504571423,1493.7574597676248,0
2500846,France,Ligue 1,2017-12-10 14:00:00,17,3789,3766,1,2,1500.3599931919346,1556.786933050141,0
2500853,France,Ligue 1,2017-12-10 16:00:00,17,3770,3775,1,2,1530.945808834726,1481.2319892915893,0
2500850,France,Ligue 1,2017-12-10 20:00:00,17,3771,3782,3,0,1562.00517404361,1478.5339999091912,0
2500863,France,Ligue 1,2017-12-15 19:45:00,18,3782,19830,0,4,1473.3730630354062,1550.5703192258393,0
2500862,France,Ligue 1,2017-12-16 16:00:00,18,3774,3767,1,4,1514.244133981318,1602.7190042605744,0
2500859,France,Ligue 1,2017-12-16 19:00:00,18,3787,3777,1,3,1508.804589877201,1393.7316787965544,0
2500856,France,Ligue 1,2017-12-16 19:00:00,18,3783,3785,0,0,1485.7820852975462,1492.6385966601154,0
2500857,France,Ligue 1,2017-12-16 19:00:00,18,3804,3776,3,0,1484.2178492743312,1474.5130780869126,0
2500864,France,Ligue 1,2017-12-16 19:00:00,18,3779,3780,2,1,1502.764665733494,1473.0610249272208,0
2500865,France,Ligue 1,2017-12-16 19:00:00,18,3795,3789,1,0,1462.6217533364074,1489.112393818219,0
2500860,France,Ligue 1,2017-12-17 14:00:00,18,3770,3799,1,0,1516.8849851048312,1465.4785063529196,0
2500861,France,Ligue 1,2017-12-17 16:00:00,18,3775,3772,1,0,1495.292813021484,1478.9888158683736,0
2500858,France,Ligue 1,2017-12-17 20:00:00,18,3766,3771,2,0,1568.0345324238565,1567.166110917395,0
2500867,France,Ligue 1,2017-12-20 19:50:00,19,3799,3804,2,1,1459.5799342333878,1491.1612073818678,0
2500870,France,Ligue 1,2017-12-20 19:50:00,19,3776,3775,1,1,1467.569719979376,1502.0649908640278,0
2500871,France,Ligue 1,2017-12-20 19:50:00,19,3771,3795,3,1,1559.9904284868408,1470.5369993196803,0
2500874,France,Ligue 1,2017-12-20 19:50:00,19,3767,3783,3,1,1613.0506025399795,1483.1636323349974,0
2500866,France,Ligue 1,2017-12-20 19:50:00,19,3789,3770,0,1,1481.1971478349462,1522.783557224363,0
2500868,France,Ligue 1,2017-12-20 19:50:00,19,3772,3787,0,2,1472.21663802583,1493.3000697007733,0
2500869,France,Ligue 1,2017-12-20 19:50:00,19,3785,3782,2,1,1495.2570496226642,1462.7176880505701,0
2500872,France,Ligue 1,2017-12-20 19:50:00,19,3777,3779,3,0,1409.236198972982,1509.1957685176833,0
2500873,France,Ligue 1,2017-12-20 19:50:00,19,19830,3774,2,1,1561.2256942106753,1503.912535701913,0
2500875,France,Ligue 1,2017-12-20 19:50:00,19,3780,3766,1,2,1466.6299221430315,1575.2102148544107,0
2500884,France,Ligue 1,2018-01-12 19:45:00,20,3779,3785,0,2,1499.196932199724,1501.6171380198546,0
2500882,France,Ligue 1,2018-01-13 16:00:00,20,3774,3771,0,3,1498.1543806321424,1565.0206039725886,0
2500876,France,Ligue 1,2018-01-13 19:00:00,20,3783,3776,0,1,1478.9583554843748,1465.7063687071097,0
2500877,France,Ligue 1,2018-01-13 19:00:00,20,3804,3777,1,1,1483.1053899434655,1419.2350352909414,0
2500879,France,Ligue 1,2018-01-13 19:00:00,20,3787,19830,0,0,1505.533198234513,1566.9838492804458,0
2500881,France,Ligue 1,2018-01-13 19:00:00,20,3775,3789,1,0,1503.928342136294,1469.5315340028365,0
2500885,France,Ligue 1,2018-01-13 19:00:00,20,3795,3772,0,1,1465.5068238339325,1459.9835094920902,0
2500883,France,Ligue 1,2018-01-14 14:00:00,20,3782,3780,2,0,1456.3575996533798,1456.8768326246552,0
2500878,France,Ligue 1,2018-01-14 16:00:00,20,3766,3799,1,1,1584.963304372787,1467.63575167179,0
2500880,France,Ligue 1,2018-01-14 20:00:00,20,3770,3767,0,1,1534.4491710564728,1617.255879390602,0
2500888,France,Ligue 1,2018-01-16 18:00:00,21,3772,3783,0,2,1472.9306463892412,1465.8094466576713,0
2500891,France,Ligue 1,2018-01-16 18:00:00,21,3771,3779,2,0,1575.971390067375,1486.4599494449683,0
2500893,France,Ligue 1,2018-01-16 20:00:00,21,19830,3775,2,2,1568.0888579452728,1510.2421425446737,0
2500886,France,Ligue 1,2018-01-17 18:00:00,21,3789,3787,1,1,1463.2177335944568,1504.428189569686,0
2500887,France,Ligue 1,2018-01-17 18:00:00,21,3799,3795,3,1,1473.1853413704594,1452.5596869367814,0
2500889,France,Ligue 1,2018-01-17 18:00:00,21,3785,3766,0,2,1514.3541207746102,1579.4137146741177,0
2500890,France,Ligue 1,2018-01-17 18:00:00,21,3776,3774,1,2,1478.8552775338133,1487.203594537356,0
2500892,France,Ligue 1,2018-01-17 18:00:00,21,3777,3782,3,0,1423.6304053081653,1463.5700773865449,0
2500895,France,Ligue 1,2018-01-17 18:00:00,21,3780,3770,1,1,1449.6643548914901,1523.9547119025085,0
2500894,France,Ligue 1,2018-01-17 20:00:00,21,3767,3804,8,0,1627.7503385445664,1478.7100199262416,0
2500897,France,Ligue 1,2018-01-19 19:45:00,22,3783,3771,0,2,1478.798522665224,1581.0003083563238,0
2500901,France,Ligue 1,2018-01-20 16:00:00,22,3770,3772,0,1,1524.6933472093358,1459.9415703816885,0
2500896,France,Ligue 1,2018-01-20 19:00:00,22,3789,3785,3,1,1461.54160105158,1503.3518316995196,0
2500900,France,Ligue 1,2018-01-20 19:00:00,22,3787,3780,2,1,1506.1043221125628,1448.9257195846628,0
2500903,France,Ligue 1,2018-01-20 19:00:00,22,3774,3799,1,0,1499.7820090429288,1479.8465429191024,0
2500904,France,Ligue 1,2018-01-20 19:00:00,22,3779,3804,3,2,1481.4310311560196,1474.8592252715398,0
2500905,France,Ligue 1,2018-01-20 19:00:00,22,3795,3776,1,0,1445.8984853881384,1466.2768630282403,0
2500902,France,Ligue 1,2018-01-21 14:00:00,22,3775,3782,1,0,1514.4965730448466,1455.2817365152446,0
2500899,France,Ligue 1,2018-01-21 16:00:00,22,19830,3777,3,1,1563.8344274451,1431.9187461794656,0
2500898,France,Ligue 1,2018-01-21 20:00:00,22,3766,3767,2,1,1590.4160037492084,1631.6011331992681,0
2500908,France,Ligue 1,2018-01-26 19:45:00,23,3804,3774,2,1,1467.8338944644431,1506.460873009607,0
2500913,France,Ligue 1,2018-01-27 16:00:00,23,3767,3787,4,0,1623.277974210041,1511.865653688093,0
2500906,France,Ligue 1,2018-01-27 19:00:00,23,3799,3789,1,0,1473.1676789524242,1469.8822512633697,0
2500909,France,Ligue 1,2018-01-27 19:00:00,23,3785,3770,0,3,1495.01118148773,1510.2775318435308,0
2500912,France,Ligue 1,2018-01-27 19:00:00,23,3777,3775,2,1,1427.752122096231,1520.209946390321,0
2500914,France,Ligue 1,2018-01-27 19:00:00,23,3782,3783,2,1,1449.5683631697702,1468.8618943032548,0
2500915,France,Ligue 1,2018-01-27 19:00:00,23,3780,3795,1,0,1443.1643880091326,1453.6460845165589,0
2500910,France,Ligue 1,2018-01-28 14:00:00,23,3776,3779,2,1,1458.5292638998199,1488.4563619631163,0
2500907,France,Ligue 1,2018-01-28 16:00:00,23,3772,3766,3,1,1474.3573857474935,1598.7391627384354,0
2500911,France,Ligue 1,2018-01-28 20:00:00,23,3771,19830,2,2,1590.936936718293,1568.0010515283345,0
2500919,France,Ligue 1,2018-02-02 19:45:00,24,3771,3777,6,3,1587.539188667859,1437.5350749222655,0
2500918,France,Ligue 1,2018-02-03 16:00:00,24,3776,3767,0,3,1466.5393126852737,1627.8473160455726,0
2500916,France,Ligue 1,2018-02-03 19:00:00,24,3789,3782,0,2,1462.77046009724,1457.286342943394,0
2500921,France,Ligue 1,2018-02-03 19:00:00,24,3787,3799,2,1,1507.2963118525615,1480.279470118554,0
2500922,France,Ligue 1,2018-02-03 19:00:00,24,3775,3780,0,1,1510.4269935642865,1450.6433850291148,0
2500924,France,Ligue 1,2018-02-03 19:00:00,24,3779,3772,0,2,1480.4463131776624,1485.0579999667884,0
2500923,France,Ligue 1,2018-02-04 14:00:00,24,3774,3785,0,1,1498.209183679385,1482.6195806733522,0
2500917,France,Ligue 1,2018-02-04 16:00:00,24,3783,3770,3,2,1461.143914529631,1522.6691326579087,0
2500920,France,Ligue 1,2018-02-04 20:00:00,24,19830,3766,3,2,1571.3987995787686,1588.0385485191405,0
2500933,France,Ligue 1,2018-02-09 19:45:00,25,3782,3771,2,2,1470.232449610417,1591.3727618357896,0
2500935,France,Ligue 1,2018-02-10 16:00:00,25,3780,3767,0,1,1464.9433647549859,1636.1008196061725,0
2500926,France,Ligue 1,2018-02-10 19:00:00,25,3799,19830,0,4,1473.7806994677787,1579.0445024300268,0
2500927,France,Ligue 1,2018-02-10 19:00:00,25,3772,3789,3,2,1497.736531757891,1449.824353430217,0
2500928,France,Ligue 1,2018-02-10 19:00:00,25,3804,3775,3,2,1476.0855837946651,1496.1270138384155,0
2500929,France,Ligue 1,2018-02-10 19:00:00,25,3785,3783,0,0,1495.8289710194585,1470.0410259219932,0
2500931,France,Ligue 1,2018-02-10 19:00:00,25,3777,3787,0,1,1433.701501754335,1513.7950825033367,0
2500934,France,Ligue 1,2018-02-11 14:00:00,25,3779,3795,2,1,1467.7677813865598,1446.1670874965766,0
2500932,France,Ligue 1,2018-02-11 16:00:00,25,3770,3776,2,2,1513.7720212655465,1458.2858091246737,0
2500930,France,Ligue 1,2018-02-11 20:00:00,25,3766,3774,0,2,1580.3928456678823,1484.9997933332786,0
2500941,France,Ligue 1,2018-02-16 19:45:00,26,19830,3804,4,0,1588.8930095929486,1483.8239788213566,0
2500944,France,Ligue 1,2018-02-17 16:00:00,26,3767,3779,5,2,1644.080907279995,1474.4040708950172,0
2500936,France,Ligue 1,2018-02-17 19:00:00,26,3789,3780,0,0,1443.841781872531,1456.9632770811634,0
2500937,France,Ligue 1,2018-02-17 19:00:00,26,3799,3782,0,1,1463.932192304857,1470.8401669044706,0
2500938,France,Ligue 1,2018-02-17 19:00:00,26,3783,3774,2,2,1473.5111823607533,1500.0972523871965,0
2500942,France,Ligue 1,2018-02-17 19:00:00,26,3787,3785,1,1,1524.367409174834,1492.3588145806984,0
2500945,France,Ligue 1,2018-02-17 19:00:00,26,3795,3777,1,0,1439.5307979881193,1423.1291750828377,0
2500943,France,Ligue 1,2018-02-18 14:00:00,26,3775,3770,1,1,1488.388618811724,1509.5733945559548,0
2500939,France,Ligue 1,2018-02-18 16:00:00,26,3776,3766,2,2,1462.4844358342655,1565.2953866139644,0
2500940,France,Ligue 1,2018-02-18 20:00:00,26,3771,3772,1,0,1590.765044541736,1503.7191033155768,0
2500925,France,Ligue 1,2018-02-20 17:30:00,24,3795,3804,0,0,1446.3004589223387,1479.1246328599627,0
2500954,France,Ligue 1,2018-02-23 19:45:00,27,3779,3787,0,0,1470.909228570762,1520.7407576331677,0
2500955,France,Ligue 1,2018-02-24 16:00:00,27,3780,19830,3,3,1459.4129942191491,1593.5923555543425,0
2500947,France,Ligue 1,2018-02-24 19:00:00,27,3804,3783,2,0,1481.0343702368234,1471.4290558011774,0
2500948,France,Ligue 1,2018-02-24 19:00:00,27,3785,3777,2,2,1495.9854661223646,1416.3595141486182,0
2500949,France,Ligue 1,2018-02-24 19:00:00,27,3776,3799,1,2,1462.5653397360545,1451.3151190692593,0
2500951,France,Ligue 1,2018-02-24 19:00:00,27,3770,3789,0,1,1511.8037514550886,1441.3920647345453,0
2500953,France,Ligue 1,2018-02-24 19:00:00,27,3774,3795,2,0,1502.1793789467724,1444.390721545478,0
2500946,France,Ligue 1,2018-02-25 14:00:00,27,3772,3775,0,0,1498.636570092114,1486.1582619125902,0
2500950,France,Ligue 1,2018-02-25 16:00:00,27,3766,3782,1,1,1565.2144827121754,1483.4572401400683,0
2500952,France,Ligue 1,2018-02-25 20:00:00,27,3767,3771,3,0,1647.5757496042502,1595.8475777651988,0
2500963,France,Ligue 1,2018-03-02 18:00:00,28,3775,3776,2,1,1489.2870964737447,1449.4684271947701,0
2500961,France,Ligue 1,2018-03-02 18:45:00,28,19830,3772,2,1,1592.61175578528,1495.5077355309595,0
2500965,France,Ligue 1,2018-03-03 16:00:00,28,3795,3767,0,2,1438.6437833666844,1653.4666231124145,0
2500956,France,Ligue 1,2018-03-03 19:00:00,28,3789,3774,0,2,1455.9380717416198,1507.9263171255661,0
2500957,France,Ligue 1,2018-03-03 19:00:00,28,3799,3785,3,0,1464.4120316105436,1491.2316141606473,0
2500960,France,Ligue 1,2018-03-03 19:00:00,28,3777,3780,1,1,1421.1133661103356,1460.3935939882117,0
2500964,France,Ligue 1,2018-03-03 19:00:00,28,3782,3804,2,2,1488.2584338471677,1487.9803237128092,0
2500958,France,Ligue 1,2018-03-04 14:00:00,28,3783,3779,2,0,1464.4831023251916,1469.4752166233563,0
2500962,France,Ligue 1,2018-03-04 16:00:00,28,3787,3766,1,1,1522.1747695805734,1560.413289005076,0
2500959,France,Ligue 1,2018-03-04 20:00:00,28,3771,3770,1,1,1589.9567042570345,1497.2577444480141,0
2500974,France,Ligue 1,2018-03-09 19:45:00,29,3779,19830,1,3,1462.1435814342378,1597.4779387030133,0
2500972,France,Ligue 1,2018-03-10 16:00:00,29,3767,3777,5,0,1660.2770428151541,1419.3832887389558,0
2500966,France,Ligue 1,2018-03-10 19:00:00,29,3772,3799,0,0,1490.6415526132262,1472.3363356070424,0
2500967,France,Ligue 1,2018-03-10 19:00:00,29,3804,3789,1,1,1490.78899855904,1444.5649119567063,0
2500969,France,Ligue 1,2018-03-10 19:00:00,29,3776,3787,1,1,1443.288693715148,1520.415622031164,0
2500971,France,Ligue 1,2018-03-10 19:00:00,29,3770,3795,1,0,1502.2975833246987,1431.8333636639447,0
2500973,France,Ligue 1,2018-03-10 19:00:00,29,3774,3782,1,1,1519.2994769104796,1485.4497590009369,0
2500968,France,Ligue 1,2018-03-11 14:00:00,29,3785,3775,2,5,1483.3073101641485,1495.4668299533669,0
2500970,France,Ligue 1,2018-03-11 16:00:00,29,3766,3783,1,0,1562.1724365544853,1471.81473751431,0
2500975,France,Ligue 1,2018-03-11 20:00:00,29,3780,3771,1,2,1462.1236713595915,1584.91686538035,0
2500992,France,Ligue 1,2018-03-14 16:00:00,31,3767,3799,2,1,1662.741318659866,1475.6156599565757,0
2500981,France,Ligue 1,2018-03-16 19:45:00,30,19830,3776,2,1,1606.464425990145,1442.6313032524022,0
2500978,France,Ligue 1,2018-03-17 16:00:00,30,3772,3774,0,2,1487.362228263693,1515.6268920846146,0
2500976,France,Ligue 1,2018-03-17 19:00:00,30,3789,3795,1,1,1448.5415156879117,1426.380570131446,0
2500977,France,Ligue 1,2018-03-17 19:00:00,30,3799,3783,3,0,1472.401118301495,1466.8041352015837,0
2500982,France,Ligue 1,2018-03-17 19:00:00,30,3787,3804,2,2,1521.0730124939098,1486.8123948278346,0
2500985,France,Ligue 1,2018-03-17 19:00:00,30,3780,3779,2,2,1452.778772659508,1453.1570941471061,0
2500983,France,Ligue 1,2018-03-18 12:00:00,30,3775,3767,1,2,1507.9425556810254,1665.9558603149467,0
2500980,France,Ligue 1,2018-03-18 14:00:00,30,3777,3770,1,1,1416.919012894244,1507.7503768571976,0
2500984,France,Ligue 1,2018-03-18 16:00:00,30,3782,3785,2,0,1489.1223438268019,1470.83158443649,0
2500979,France,Ligue 1,2018-03-18 20:00:00,30,3771,3766,2,3,1594.2617640804335,1567.1830388672117,0
2500987,France,Ligue 1,2018-03-31 15:00:00,31,3804,3771,1,3,1490.4952066888661,1580.758972023112,0
2500988,France,Ligue 1,2018-04-01 13:00:00,31,3785,3772,2,1,1464.110537407124,1475.326367173139,0
2500986,France,Ligue 1,2018-04-01 15:00:00,31,3783,3787,1,3,1459.7532081689321,1517.3902006328783,0
2500989,France,Ligue 1,2018-04-01 15:00:00,31,3776,3789,0,1,1439.0383768623315,1445.1635121315473,0
2500991,France,Ligue 1,2018-04-01 15:00:00,31,3770,3782,0,3,1508.0142101735114,1495.8433908561678,0
2500994,France,Ligue 1,2018-04-01 15:00:00,31,3779,3777,2,2,1455.9483566056008,1416.65517957793,0
2500995,France,Ligue 1,2018-04-01 15:00:00,31,3795,3775,0,2,1429.7585736878102,1499.5969658395197,0
2500990,France,Ligue 1,2018-04-01 19:00:00,31,3766,3780,2,0,1580.6858309245333,1449.9875102010133,0
2500993,France,Ligue 1,2018-04-04 16:45:00,31,3774,19830,1,1,1527.6627531751685,1610.0573523802157,0
2501004,France,Ligue 1,2018-04-06 18:45:00,32,3782,3767,1,1,1508.9642393708036,1674.3014501564523,0
2501002,France,Ligue 1,2018-04-07 15:00:00,32,19830,3770,2,1,1610.5636432888623,1494.8933616588756,0
2500996,France,Ligue 1,2018-04-07 18:00:00,32,3789,3783,3,0,1457.8015616615767,1448.5399095733371,0
2500997,France,Ligue 1,2018-04-07 18:00:00,32,3799,3779,1,1,1479.4520453341465,1452.141015034963,0
2500998,France,Ligue 1,2018-04-07 18:00:00,32,3772,3776,2,1,1467.8275724941736,1426.4003273323021,0
2500999,France,Ligue 1,2018-04-07 18:00:00,32,3785,3795,4,0,1471.6093320860894,1418.89262709347,0
2501005,France,Ligue 1,2018-04-07 18:00:00,32,3780,3804,0,1,1445.7977233977342,1480.2150486606602,0
2501003,France,Ligue 1,2018-04-08 13:00:00,32,3775,3774,1,1,1510.4629124338599,1527.1564622665219,0
2501001,France,Ligue 1,2018-04-08 15:00:00,32,3777,3766,0,5,1420.462521148568,1584.8756177278124,0
2501000,France,Ligue 1,2018-04-08 19:00:00,32,3771,3787,0,0,1591.039130051318,1528.6034992284733,0
2501006,France,Ligue 1,2018-04-13 18:45:00,33,3799,3775,1,1,1475.94338874971,1508.1100780228626,0
2501009,France,Ligue 1,2018-04-14 15:00:00,33,3766,3789,3,0,1593.0426129155408,1464.756486651857,0
2501008,France,Ligue 1,2018-04-14 18:00:00,33,3776,3785,2,2,1420.2600652817794,1477.4765851457025,0
2501011,France,Ligue 1,2018-04-14 18:00:00,33,3770,3804,1,1,1490.4098545498991,1492.0805654031808,0
2501013,France,Ligue 1,2018-04-14 18:00:00,33,3774,3777,1,2,1529.5092966775192,1412.2955259608395,0
2501014,France,Ligue 1,2018-04-14 18:00:00,33,3779,3782,0,1,1455.6496716193994,1510.8229360686412,0
2501010,France,Ligue 1,2018-04-15 13:00:00,33,3787,3772,1,3,1532.9654920148457,1473.9678345446964,0
2501015,France,Ligue 1,2018-04-15 15:00:00,33,3795,3771,2,3,1413.025374033857,1586.6771372649455,0
2501012,France,Ligue 1,2018-04-15 19:00:00,33,3767,19830,7,1,1672.4427534586148,1615.0471503978388,0
2501022,France,Ligue 1,2018-04-20 17:30:00,34,3770,3774,1,1,1487.652927392115,1513.9619736948664,0
2501018,France,Ligue 1,2018-04-20 19:00:00,34,3804,3766,2,5,1494.8374925609648,1597.2785756992673,0
2501020,France,Ligue 1,2018-04-21 15:00:00,34,3771,3776,5,1,1594.5884630131159,1419.0348444236747,0
2501016,France,Ligue 1,2018-04-21 18:00:00,34,3789,3779,3,1,1460.5205238681303,1444.3665663489433,0
2501019,France,Ligue 1,2018-04-21 18:00:00,34,3785,19830,3,1,1478.7018060038072,1609.2909411072515,0
2501021,France,Ligue 1,2018-04-21 18:00:00,34,3777,3783,1,1,1427.8428489434923,1441.584984583057,0
2501025,France,Ligue 1,2018-04-21 18:00:00,34,3780,3799,2,0,1433.9322066552136,1474.015424226058,0
2501023,France,Ligue 1,2018-04-22 13:00:00,34,3775,3787,1,0,1510.0380425465146,1518.6839690267238,0
2501024,France,Ligue 1,2018-04-22 15:00:00,34,3782,3795,2,1,1522.1060413390974,1405.1140482856865,0
2501017,France,Ligue 1,2018-04-22 19:00:00,34,3772,3767,0,1,1488.2493575328183,1678.198962749202,0
2501007,France,Ligue 1,2018-04-25 16:45:00,33,3783,3780,0,0,1444.0179029271924,1442.2245583354854,0
2501031,France,Ligue 1,2018-04-27 18:45:00,35,3787,3782,0,1,1511.2543853577195,1526.5631388836935,0
2501029,France,Ligue 1,2018-04-28 15:00:00,35,3766,3770,2,0,1607.2083168348036,1485.563174382758,0
2501027,France,Ligue 1,2018-04-28 18:00:00,35,3772,3804,3,1,1480.7819817739378,1484.9077514254286,0
2501028,France,Ligue 1,2018-04-28 18:00:00,35,3776,3777,3,1,1415.636500257059,1425.4099305993568,0
2501030,France,Ligue 1,2018-04-28 18:00:00,35,19830,3789,0,0,1598.4127828691303,1467.2965708014065,0
2501034,France,Ligue 1,2018-04-28 18:00:00,35,3779,3775,1,1,1437.5905194156671,1517.467626215519,0
2501035,France,Ligue 1,2018-04-28 18:00:00,35,3795,3783,3,1,1400.6569507410904,1441.1691059245418,0
2501033,France,Ligue 1,2018-04-29 13:00:00,35,3774,3780,2,1,1516.0517267042235,1445.073355338136,0
2501026,France,Ligue 1,2018-04-29 15:00:00,35,3799,3771,1,1,1465.7230725457862,1597.9868071797316,0
2501032,France,Ligue 1,2018-04-29 19:00:00,35,3767,3785,2,2,1685.6663385080826,1489.5799642419283,0
2501036,France,Ligue 1,2018-05-04 17:45:00,36,3789,3767,2,2,1473.114745868824,1678.7441414618727,0
2501044,France,Ligue 1,2018-05-06 13:00:00,36,3782,3772,1,3,1538.953589010538,1488.0904724505717,0
2501039,France,Ligue 1,2018-05-06 14:30:00,36,3766,3795,3,0,1611.5733229744799,1408.9612907478236,0
2501037,France,Ligue 1,2018-05-06 15:00:00,36,3783,19830,1,2,1432.8647659178087,1592.5946078017128,0
2501038,France,Ligue 1,2018-05-06 15:00:00,36,3804,3785,3,1,1477.5992607487947,1496.5021612881383,0
2501041,France,Ligue 1,2018-05-06 15:00:00,36,3777,3799,1,2,1417.9500136922513,1466.649037336791,0
2501042,France,Ligue 1,2018-05-06 15:00:00,36,3770,3787,0,2,1481.1981682430817,1498.8639352308749,0
2501043,France,Ligue 1,2018-05-06 15:00:00,36,3774,3779,2,1,1521.492789557044,1437.011982754201,0
2501045,France,Ligue 1,2018-05-06 15:00:00,36,3780,3776,2,3,1439.6322924853155,1423.0964171641644,0
2501040,France,Ligue 1,2018-05-06 19:05:00,36,3771,3775,2,1,1597.0608423887268,1518.0461628769851,0
2501049,France,Ligue 1,2018-05-11 17:45:00,37,3785,3771,3,3,1488.7948365230807,1602.3206195978917,0
2501051,France,Ligue 1,2018-05-12 18:00:00,37,19830,3782,1,0,1600.8921836417612,1524.8651779053537,0
2501053,France,Ligue 1,2018-05-12 18:00:00,37,3775,3783,4,1,1512.7863856678202,1424.5671900777602,0
2501055,France,Ligue 1,2018-05-12 18:00:00,37,3779,3766,3,2,1431.8732693889522,1614.5545681947167,0
2501046,France,Ligue 1,2018-05-12 19:00:00,37,3789,3777,2,0,1476.064670584106,1406.4840909514046,0
2501047,France,Ligue 1,2018-05-12 19:00:00,37,3799,3770,0,2,1478.1149600776378,1468.871784764694,0
2501048,France,Ligue 1,2018-05-12 19:00:00,37,3772,3780,4,2,1502.178883555756,1426.3984929783321,0
2501050,France,Ligue 1,2018-05-12 19:00:00,37,3776,3804,2,1,1436.3302166711478,1485.3065855138523,0
2501052,France,Ligue 1,2018-05-12 19:00:00,37,3787,3795,1,1,1511.1903187092626,1405.9800455275868,0
2501054,France,Ligue 1,2018-05-12 19:00:00,37,3767,3774,0,2,1675.7942167465908,1526.6315029222928,0
2501056,France,Ligue 1,2018-05-19 19:00:00,38,3783,3767,0,0,1419.5102174490883,1659.6428211318737,0
2501057,France,Ligue 1,2018-05-19 19:00:00,38,3804,3799,2,1,1476.7646962469453,1465.070367568612,0
2501058,France,Ligue 1,2018-05-19 19:00:00,38,3766,3775,3,2,1602.218738188203,1517.8433582964922,0
2501059,France,Ligue 1,2018-05-19 19:00:00,38,3771,3789,2,1,1601.9315128200055,1481.5376617903992,0
2501060,France,Ligue 1,2018-05-19 19:00:00,38,3777,3772,0,4,1401.0110997451113,1507.51115174306,0
2501061,France,Ligue 1,2018-05-19 19:00:00,38,3770,3779,1,0,1481.9163772737197,1444.209099395466,0
2501062,France,Ligue 1,2018-05-19 19:00:00,38,3774,3787,1,1,1542.78289853701,1505.8867422371618,0
2501063,France,Ligue 1,2018-05-19 19:00:00,38,3782,3776,5,0,1519.53845950708,1444.8721059380548,0
2501064,France,Ligue 1,2018-05-19 19:00:00,38,3780,3785,2,1,1421.0662247910282,1489.1839433009668,0
2501065,France,Ligue 1,2018-05-19 19:00:00,38,3795,19830,0,3,1411.2836219996875,1606.218902040035,0
2516739,Germany,Bundesliga,2017-08-18 18:30:00,1,2444,2446,3,1,1500.0,1500.0,1
2516740,Germany,Bundesliga,2017-08-19 13:30:00,1,2482,2443,1,0,1500.0,1500.0,1
2516741,Germany,Bundesliga,2017-08-19 13:30:00,1,2457,2445,2,0,1500.0,1500.0,1
2516745,Germany,Bundesliga,2017-08-19 13:30:00,1,2450,2481,1,0,1500.0,1500.0,1
2516746,Germany,Bundesliga,2017-08-19 13:30:00,1,2460,2455,0,1,1500.0,1500.0,1
2516747,Germany,Bundesliga,2017-08-19 13:30:00,1,2451,2447,0,3,1500.0,1500.0,1
2516744,Germany,Bundesliga,2017-08-19 16:30:00,1,2449,2975,2,0,1500.0,1500.0,1
2516742,Germany,Bundesliga,2017-08-20 13:30:00,1,2453,2462,0,0,1500.0,1500.0,1
2516743,Germany,Bundesliga,2017-08-20 16:00:00,1,2454,2463,1,0,1500.0,1500.0,1
2516750,Germany,Bundesliga,2017-08-25 18:30:00,2,2463,2450,1,3,1492.8012999960577,1507.1987000039423,1
2516751,Germany,Bundesliga,2017-08-26 13:30:00,2,2443,2444,0,2,1492.8012999960577,1507.1987000039423,1
2516752,Germany,Bundesliga,2017-08-26 13:30:00,2,2462,2451,0,1,1502.8012999960577,1487.1987000039423,1
2516753,Germany,Bundesliga,2017-08-26 13:30:00,2,2446,2482,2,2,1492.8012999960577,1507.1987000039423,1
2516754,Germany,Bundesliga,2017-08-26 13:30:00,2,2481,2454,2,2,1492.8012999960577,1507.1987000039423,1
2516756,Germany,Bundesliga,2017-08-26 13:30:00,2,2445,2460,1,0,1492.8012999960577,1487.1987000039423,1
2516748,Germany,Bundesliga,2017-08-26 16:30:00,2,2447,2457,2,0,1512.8012999960577,1507.1987000039423,1
2516749,Germany,Bundesliga,2017-08-27 13:30:00,2,2975,2453,4,1,1492.8012999960577,1497.1987000039423,1
2516755,Germany,Bundesliga,2017-08-27 16:00:00,2,2455,2449,1,0,1512.8012999960577,1507.1987000039423,1
2516763,Germany,Bundesliga,2017-09-08 18:30:00,3,2450,2975,0,2,1519.6138665412898,1500.1170439834336,1
2516759,Germany,Bundesliga,2017-09-09 13:30:00,3,2453,2447,0,0,1489.8829560165664,1519.8520794225028,1
2516760,Germany,Bundesliga,2017-09-09 13:30:00,3,2454,2462,0,1,1509.6138665412898,1489.59157410193,1
2516762,Germany,Bundesliga,2017-09-09 13:30:00,3,2481,2463,3,0,1490.3861334587102,1480.3861334587102,1
2516764,Germany,Bundesliga,2017-09-09 13:30:00,3,2460,2446,3,1,1480.1479205774972,1490.3861334587102,1
2516765,Germany,Bundesliga,2017-09-09 13:30:00,3,2451,2455,1,1,1500.40842589807,1519.8520794225028,1
2516757,Germany,Bundesliga,2017-09-09 16:30:00,3,2482,2444,2,0,1509.6138665412898,1519.6138665412898,1
2516758,Germany,Bundesliga,2017-09-10 13:30:00,3,2457,2443,1,1,1500.1479205774972,1480.3861334587102,1
2516761,Germany,Bundesliga,2017-09-10 16:00:00,3,2449,2445,3,1,1500.1479205774972,1499.8520794225028,1
2516773,Germany,Bundesliga,2017-09-15 18:30:00,4,2455,2450,2,0,1522.1300033898037,1506.3039678405148,1
2516766,Germany,Bundesliga,2017-09-16 13:30:00,4,2444,2460,4,0,1512.1478481746244,1487.620356127446,1
2516770,Germany,Bundesliga,2017-09-16 13:30:00,4,2443,2449,1,2,1483.7028212443954,1507.33877565715,1
2516771,Germany,Bundesliga,2017-09-16 13:30:00,4,2462,2481,1,2,1502.914933367751,1497.3217901143328,1
2516774,Germany,Bundesliga,2017-09-16 13:30:00,4,2445,2451,1,0,1492.66122434285,1498.130501930769,1
2516768,Germany,Bundesliga,2017-09-16 16:30:00,4,2975,2454,2,2,1513.4269426842086,1496.2905072754688,1
2516769,Germany,Bundesliga,2017-09-17 11:30:00,4,2482,2457,1,1,1517.0798849079551,1496.831232791812,1
2516772,Germany,Bundesliga,2017-09-17 13:30:00,4,2446,2453,4,0,1482.9136979087614,1487.8941665180807,1
2516767,Germany,Bundesliga,2017-09-17 16:00:00,4,2447,2463,5,0,1521.8408689209884,1473.4504768030877,1
2516778,Germany,Bundesliga,2017-09-19 16:30:00,5,2454,2445,2,0,1499.5397760038536,1500.00562018928,1
2516779,Germany,Bundesliga,2017-09-19 18:30:00,5,2449,2444,0,3,1519.5019869549585,1518.7096418912404,1
2516780,Germany,Bundesliga,2017-09-19 18:30:00,5,2481,2975,1,0,1510.270762173616,1510.1776739558238,1
2516783,Germany,Bundesliga,2017-09-19 18:30:00,5,2451,2443,1,1,1490.7861060843388,1471.539609946587,1
2516775,Germany,Bundesliga,2017-09-20 16:30:00,5,2463,2462,0,1,1467.4794414696787,1489.9659613084677,1
2516776,Germany,Bundesliga,2017-09-20 18:30:00,5,2457,2446,2,1,1500.1603863769897,1490.2450217768862,1
2516777,Germany,Bundesliga,2017-09-20 18:30:00,5,2453,2455,1,1,1480.5628426499559,1528.914510237354,1
2516781,Germany,Bundesliga,2017-09-20 18:30:00,5,2450,2447,0,3,1499.5194609929645,1527.8119042543974,1
2516782,Germany,Bundesliga,2017-09-20 18:30:00,5,2460,2482,2,3,1481.05856241083,1513.7507313227775,1
2516784,Germany,Bundesliga,2017-09-22 18:30:00,6,2444,2451,2,2,1531.5319443438807,1487.4826245505535,0
2516786,Germany,Bundesliga,2017-09-23 13:30:00,6,2975,2462,2,1,1502.9814428090358,1502.160685193855,0
2516787,Germany,Bundesliga,2017-09-23 13:30:00,6,2482,2449,2,0,1525.6641292757447,1506.6796845023182,0
2516788,Germany,Bundesliga,2017-09-23 13:30:00,6,2443,2453,0,0,1474.8430914803723,1479.087138478692,0
2516790,Germany,Bundesliga,2017-09-23 13:30:00,6,2460,2457,1,0,1469.1451644578628,1507.098250454452,0
2516792,Germany,Bundesliga,2017-09-23 13:30:00,6,2445,2481,0,0,1492.79455964595,1517.466993320404,0
2516785,Germany,Bundesliga,2017-09-23 16:30:00,6,2447,2454,6,1,1539.846998915371,1506.7508365471838,0
2516791,Germany,Bundesliga,2017-09-24 13:30:00,6,2455,2463,0,0,1530.390214408618,1455.2847175842915,0
2516789,Germany,Bundesliga,2017-09-24 16:00:00,6,2446,2450,3,0,1483.307157699424,1487.4843663319907,0
2516797,Germany,Bundesliga,2017-09-29 18:30:00,7,2449,2446,1,1,1499.9764450244245,1490.6170217105655,0
2516796,Germany,Bundesliga,2017-09-30 13:30:00,7,2454,2455,2,1,1500.4046427682988,1525.737689102866,0
2516798,Germany,Bundesliga,2017-09-30 13:30:00,7,2462,2445,2,1,1494.9837402687976,1490.65980290157,0
2516799,Germany,Bundesliga,2017-09-30 13:30:00,7,2481,2447,1,2,1519.601750064784,1546.193192694256,0
2516801,Germany,Bundesliga,2017-09-30 13:30:00,7,2451,2460,1,1,1491.4064010114548,1477.3780568610339,0
2516800,Germany,Bundesliga,2017-09-30 16:30:00,7,2450,2443,0,0,1480.1745023208491,1472.1547401271823,0
2516795,Germany,Bundesliga,2017-10-01 11:30:00,7,2453,2482,3,2,1481.775489831882,1532.3673687536384,0
2516794,Germany,Bundesliga,2017-10-01 13:30:00,7,2457,2444,2,2,1498.865358051281,1527.6081678829794,0
2516793,Germany,Bundesliga,2017-10-01 16:00:00,7,2463,2975,1,2,1459.9372428900435,1510.1583877340931,0
2516810,Germany,Bundesliga,2017-10-13 18:30:00,8,2445,2463,2,1,1483.5753853249369,1448.5142161437047,0
2516802,Germany,Bundesliga,2017-10-14 13:30:00,8,2444,2453,5,0,1529.6308335402803,1490.3629191739094,0
2516804,Germany,Bundesliga,2017-10-14 13:30:00,8,2482,2481,2,2,1523.779939411611,1507.5197714377734,0
2516805,Germany,Bundesliga,2017-10-14 13:30:00,8,2457,2449,0,2,1496.84269239398,1496.9288170867012,0
2516808,Germany,Bundesliga,2017-10-14 13:30:00,8,2460,2450,3,2,1480.547081179075,1477.1618925750533,0
2516809,Germany,Bundesliga,2017-10-14 13:30:00,8,2455,2462,1,2,1517.85429104089,1502.0681578454307,0
2516803,Germany,Bundesliga,2017-10-14 16:30:00,8,2447,2975,2,3,1558.2751713212665,1521.581414480432,0
2516807,Germany,Bundesliga,2017-10-15 13:30:00,8,2446,2451,2,2,1493.6646496482888,1488.2373766934138,0
2516806,Germany,Bundesliga,2017-10-15 16:00:00,8,2443,2454,0,2,1475.167349872978,1508.2880408302747,0
2516815,Germany,Bundesliga,2017-10-20 18:30:00,9,2449,2460,2,0,1509.7278325799964,1487.656240734414,0
2516811,Germany,Bundesliga,2017-10-21 13:30:00,9,2975,2445,1,0,1535.3246025838923,1489.8726738337218,0
2516814,Germany,Bundesliga,2017-10-21 13:30:00,9,2454,2446,1,5,1520.1895536822935,1490.7200371541544,0
2516816,Germany,Bundesliga,2017-10-21 13:30:00,9,2462,2447,2,2,1515.2826212239033,1544.531983217806,0
2516817,Germany,Bundesliga,2017-10-21 13:30:00,9,2481,2455,1,2,1510.746463478188,1504.6398276624177,0
2516818,Germany,Bundesliga,2017-10-21 16:30:00,9,2450,2444,0,1,1470.0527330197142,1535.8241137027844,0
2516812,Germany,Bundesliga,2017-10-22 11:30:00,9,2463,2443,0,0,1442.2169276349198,1463.2658370209592,0
2516813,Germany,Bundesliga,2017-10-22 13:30:00,9,2453,2457,1,1,1484.1696390114053,1484.0436769006849,0
2516819,Germany,Bundesliga,2017-10-22 16:00:00,9,2451,2482,1,1,1491.1819891875482,1520.5532473711964,0
2516826,Germany,Bundesliga,2017-10-27 18:30:00,10,2460,2462,1,1,1481.0319657528237,1513.2739429417718,0
2516821,Germany,Bundesliga,2017-10-28 13:30:00,10,2482,2454,1,3,1522.5585585205163,1506.6265382163174,0
2516822,Germany,Bundesliga,2017-10-28 13:30:00,10,2457,2450,2,1,1486.8483175365948,1459.0707291443268,0
2516824,Germany,Bundesliga,2017-10-28 13:30:00,10,2449,2451,1,1,1516.3521075615868,1489.1766780382284,0
2516825,Germany,Bundesliga,2017-10-28 13:30:00,10,2446,2463,2,1,1504.2830526201305,1439.9828550418179,0
2516827,Germany,Bundesliga,2017-10-28 13:30:00,10,2455,2447,4,2,1517.6022880469384,1546.5406614999376,0
2516820,Germany,Bundesliga,2017-10-28 16:30:00,10,2444,2975,2,0,1546.8061175781718,1541.3667254191525,0
2516823,Germany,Bundesliga,2017-10-29 14:30:00,10,2443,2481,0,3,1465.4999096140612,1497.7840030936673,0
2516828,Germany,Bundesliga,2017-10-29 17:00:00,10,2445,2453,3,0,1483.8305509984616,1481.3649983754954,0
2516834,Germany,Bundesliga,2017-11-03 19:30:00,11,2462,2443,2,1,1515.19982096482,1453.5751988618142,0
2516830,Germany,Bundesliga,2017-11-04 14:30:00,11,2975,2455,2,1,1534.3116564835746,1525.5850214942009,0
2516832,Germany,Bundesliga,2017-11-04 14:30:00,11,2453,2449,0,1,1474.2315630745172,1512.8468738760896,0
2516833,Germany,Bundesliga,2017-11-04 14:30:00,11,2454,2460,1,1,1519.8447661850068,1479.1060877297755,0
2516835,Germany,Bundesliga,2017-11-04 14:30:00,11,2481,2446,1,1,1509.7087138459142,1509.877706315747,0
2516836,Germany,Bundesliga,2017-11-04 14:30:00,11,2450,2445,3,1,1452.5911556441013,1490.9639862994397,0
2516829,Germany,Bundesliga,2017-11-04 17:30:00,11,2447,2444,1,3,1538.5579280526752,1553.8611865137498,0
2516831,Germany,Bundesliga,2017-11-05 14:30:00,11,2463,2482,0,3,1434.3882013462014,1509.3403305518268,0
2516837,Germany,Bundesliga,2017-11-05 17:00:00,11,2451,2457,3,3,1492.6819117237255,1493.3278910368203,0
2516846,Germany,Bundesliga,2017-11-17 19:30:00,12,2445,2447,2,1,1482.7193874369657,1526.1673288034124,0
2516838,Germany,Bundesliga,2017-11-18 14:30:00,12,2444,2481,3,0,1566.2517857630125,1506.911896763265,0
2516839,Germany,Bundesliga,2017-11-18 14:30:00,12,2482,2462,1,1,1520.0600198000132,1520.8567487039459,0
2516843,Germany,Bundesliga,2017-11-18 14:30:00,12,2446,2975,2,2,1512.674523398396,1541.2805591748204,0
2516844,Germany,Bundesliga,2017-11-18 14:30:00,12,2460,2463,1,0,1482.948946729676,1423.668512098015,0
2516845,Germany,Bundesliga,2017-11-18 14:30:00,12,2451,2453,3,1,1489.8977543879437,1462.4829268467784,0
2516840,Germany,Bundesliga,2017-11-18 17:30:00,12,2457,2454,2,4,1496.1120483726022,1516.0019071851063,0
2516842,Germany,Bundesliga,2017-11-19 14:30:00,12,2449,2450,2,0,1524.5955101038285,1460.8357545065753,0
2516841,Germany,Bundesliga,2017-11-19 17:00:00,12,2443,2455,4,0,1447.9182711226883,1518.616118802955,0
2516855,Germany,Bundesliga,2017-11-24 19:30:00,13,2455,2445,1,1,1509.4575085630825,1491.1059124017331,0
2516847,Germany,Bundesliga,2017-11-25 14:30:00,13,2447,2449,4,4,1517.780803838645,1530.202708752693,0
2516848,Germany,Bundesliga,2017-11-25 14:30:00,13,2975,2443,2,0,1543.3070001488074,1457.076881362561,0
2516850,Germany,Bundesliga,2017-11-25 14:30:00,13,2453,2460,2,1,1455.9942028969883,1488.6607790698843,0
2516853,Germany,Bundesliga,2017-11-25 14:30:00,13,2481,2451,2,1,1501.2014608865481,1496.3864783377337,0
2516852,Germany,Bundesliga,2017-11-25 14:30:00,13,2462,2446,0,1,1523.636902967321,1510.648082424409,0
2516851,Germany,Bundesliga,2017-11-25 17:30:00,13,2454,2444,2,1,1528.2676511812429,1571.9622216397295,0
2516854,Germany,Bundesliga,2017-11-26 14:30:00,13,2450,2482,3,0,1455.2285558577107,1517.279865536638,0
2516849,Germany,Bundesliga,2017-11-26 17:00:00,13,2463,2457,0,2,1417.9566797578068,1483.8463043764657,0
2516859,Germany,Bundesliga,2017-12-01 19:30:00,14,2453,2450,0,0,1464.080095304051,1464.1406276857365,0
2516856,Germany,Bundesliga,2017-12-02 14:30:00,14,2444,2455,3,1,1563.5687821251163,1506.1769929209704,0
2516857,Germany,Bundesliga,2017-12-02 14:30:00,14,2482,2975,4,0,1508.3677937086122,1548.4073570621488,0
2516860,Germany,Bundesliga,2017-12-02 14:30:00,14,2443,2445,1,0,1451.9765244492196,1494.3864280438452,0
2516862,Germany,Bundesliga,2017-12-02 14:30:00,14,2446,2447,1,1,1523.7901661538606,1515.3121686046397,0
2516863,Germany,Bundesliga,2017-12-02 14:30:00,14,2460,2481,1,3,1480.5748866628217,1508.2729518102005,0
2516861,Germany,Bundesliga,2017-12-02 17:30:00,14,2449,2463,2,2,1532.6713439866983,1406.9780465095553,0
2516858,Germany,Bundesliga,2017-12-03 14:30:00,14,2457,2462,1,2,1494.8249376247172,1510.4948192378695,0
2516864,Germany,Bundesliga,2017-12-03 17:00:00,14,2451,2454,3,0,1489.3149874140813,1536.661090695856,0
2516873,Germany,Bundesliga,2017-12-08 19:30:00,15,2445,2446,0,2,1486.028988308654,1520.765569120513,0
2516865,Germany,Bundesliga,2017-12-09 14:30:00,15,2447,2443,1,2,1518.3367656379874,1460.3339641844107,0
2516866,Germany,Bundesliga,2017-12-09 14:30:00,15,2975,2460,2,2,1540.1162251856376,1468.523398677133,0
2516869,Germany,Bundesliga,2017-12-09 14:30:00,15,2462,2444,0,1,1522.875466775913,1569.3250814181363,0
2516871,Germany,Bundesliga,2017-12-09 14:30:00,15,2450,2451,0,0,1466.9403220616564,1497.8109832225907,0
2516868,Germany,Bundesliga,2017-12-09 17:30:00,15,2454,2449,1,1,1528.1650948873466,1526.9573543647118,0
2516867,Germany,Bundesliga,2017-12-10 12:30:00,15,2463,2453,3,4,1412.6920361315417,1461.280400928131,0
2516872,Germany,Bundesliga,2017-12-10 14:30:00,15,2455,2482,2,0,1500.4206936279504,1516.6589255851234,0
2516870,Germany,Bundesliga,2017-12-10 17:00:00,15,2481,2457,1,1,1520.3244397958892,1482.4442900866736,0
2516882,Germany,Bundesliga,2017-12-12 17:30:00,16,2451,2975,1,1,1499.774837897335,1535.5432896245834,0
2516880,Germany,Bundesliga,2017-12-12 19:30:00,16,2450,2462,1,2,1464.9764673869122,1511.3462530780496,0
2516881,Germany,Bundesliga,2017-12-12 19:30:00,16,2460,2447,0,2,1473.096334238187,1504.0786564771793,0
2516877,Germany,Bundesliga,2017-12-12 19:30:00,16,2453,2454,1,0,1472.7494400972541,1525.3317924548817,0
2516875,Germany,Bundesliga,2017-12-13 17:30:00,16,2482,2445,1,0,1509.0241357988402,1474.1723422093792,0
2516874,Germany,Bundesliga,2017-12-13 19:30:00,16,2444,2463,1,0,1580.8542951159998,1401.2229969624186,0
2516876,Germany,Bundesliga,2017-12-13 19:30:00,16,2457,2455,3,1,1486.2168032140962,1508.0554834142335,0
2516878,Germany,Bundesliga,2017-12-13 19:30:00,16,2449,2481,3,2,1529.7906567971768,1516.5519266684666,0
2516879,Germany,Bundesliga,2017-12-13 19:30:00,16,2446,2443,1,0,1532.622215219788,1474.5920733452188,0
2516887,Germany,Bundesliga,2017-12-15 19:30:00,17,2454,2450,3,1,1516.6881709703405,1453.4450098367172,0
2516888,Germany,Bundesliga,2017-12-16 14:30:00,17,2462,2449,2,2,1522.8777106282446,1536.6420916978498,0
2516885,Germany,Bundesliga,2017-12-16 14:30:00,17,2463,2451,1,0,1397.8903558888574,1497.946883380731,0
2516886,Germany,Bundesliga,2017-12-16 14:30:00,17,2443,2460,2,2,1468.8508267245584,1461.1355696726341,0
2516889,Germany,Bundesliga,2017-12-16 14:30:00,17,2481,2453,3,3,1509.7004917677937,1481.3930615817953,0
2516891,Germany,Bundesliga,2017-12-16 14:30:00,17,2445,2444,0,1,1467.8698524386796,1584.186936189561,0
2516883,Germany,Bundesliga,2017-12-16 17:30:00,17,2447,2482,2,1,1516.039421042732,1515.3266255695398,0
2516890,Germany,Bundesliga,2017-12-17 14:30:00,17,2455,2446,4,4,1500.2679481840155,1538.3634618404483,0
2516884,Germany,Bundesliga,2017-12-17 17:00:00,17,2975,2457,2,3,1537.3712441411874,1494.0043384443143,0
2516897,Germany,Bundesliga,2018-01-12 19:30:00,18,2446,2444,1,3,1540.1265977628366,1593.7176377522082,0
2516896,Germany,Bundesliga,2018-01-13 14:30:00,18,2462,2453,1,1,1520.445394669976,1484.926840972255,0
2516895,Germany,Bundesliga,2018-01-13 14:30:00,18,2443,2482,1,1,1465.8461880063176,1508.1468206420611,0
2516898,Germany,Bundesliga,2018-01-13 14:30:00,18,2481,2450,1,0,1506.166712377334,1447.8258037552569,0
2516899,Germany,Bundesliga,2018-01-13 14:30:00,18,2455,2460,3,2,1498.5048122616272,1464.140208390875,0
2516900,Germany,Bundesliga,2018-01-13 14:30:00,18,2445,2457,1,0,1458.3391508760324,1507.9114846562343,0
2516893,Germany,Bundesliga,2018-01-13 17:30:00,18,2975,2449,3,1,1523.4640979292674,1539.0744076561184,0
2516894,Germany,Bundesliga,2018-01-14 14:30:00,18,2463,2454,2,1,1407.8919828808446,1522.3073770518008,0
2516892,Germany,Bundesliga,2018-01-14 17:00:00,18,2447,2451,0,0,1523.2192259702108,1487.9452563887437,0
2516903,Germany,Bundesliga,2018-01-19 19:30:00,19,2457,2447,1,1,1499.3528026489435,1519.5112305166833,0
2516902,Germany,Bundesliga,2018-01-20 14:30:00,19,2482,2446,1,4,1509.7924409655514,1528.7987286311632,0
2516904,Germany,Bundesliga,2018-01-20 14:30:00,19,2453,2975,2,1,1488.640906632897,1531.081833016148,0
2516905,Germany,Bundesliga,2018-01-20 14:30:00,19,2454,2481,2,0,1511.8927065782275,1511.9006394799576,0
2516908,Germany,Bundesliga,2018-01-20 14:30:00,19,2460,2445,3,2,1457.8256069915283,1466.8978328833232,0
2516909,Germany,Bundesliga,2018-01-20 14:30:00,19,2451,2462,1,3,1491.6532518422712,1516.7313290093339,0
2516907,Germany,Bundesliga,2018-01-20 17:30:00,19,2450,2463,0,2,1442.0918766526333,1418.306653354418,0
2516901,Germany,Bundesliga,2018-01-21 14:30:00,19,2444,2443,4,2,1605.0455068838817,1464.2005676828273,0
2516906,Germany,Bundesliga,2018-01-21 17:00:00,19,2449,2455,1,1,1531.4566725692378,1504.8194136609739,0
2516915,Germany,Bundesliga,2018-01-26 19:30:00,20,2462,2454,2,0,1528.8549396903215,1519.0916169932977,0
2516910,Germany,Bundesliga,2018-01-27 14:30:00,20,2444,2482,5,2,1609.0451211195984,1497.5025852289943,0
2516911,Germany,Bundesliga,2018-01-27 14:30:00,20,2447,2453,2,2,1521.7696400198595,1496.9992151977758,0
2516912,Germany,Bundesliga,2018-01-27 14:30:00,20,2975,2450,1,1,1522.7235244512692,1428.6725228809871,0
2516913,Germany,Bundesliga,2018-01-27 14:30:00,20,2463,2481,1,1,1431.7260071260641,1504.7017290648873,0
2516918,Germany,Bundesliga,2018-01-27 14:30:00,20,2445,2449,0,2,1459.4567863975853,1527.9650328702232,0
2516914,Germany,Bundesliga,2018-01-27 17:30:00,20,2443,2457,0,0,1460.2009534471106,1497.0943931457673,0
2516916,Germany,Bundesliga,2018-01-28 14:30:00,20,2446,2460,2,0,1541.0885843677202,1465.2666534772661,0
2516917,Germany,Bundesliga,2018-01-28 17:00:00,20,2455,2451,0,1,1508.3110533599884,1479.5296411612835,0
2516919,Germany,Bundesliga,2018-02-02 19:30:00,21,2463,2447,2,3,1430.9497507130416,1518.3252696144907,0
2516920,Germany,Bundesliga,2018-02-03 14:30:00,21,2457,2482,1,1,1498.8910314223992,1492.9358854228283,0
2516921,Germany,Bundesliga,2018-02-03 14:30:00,21,2453,2446,0,0,1500.4435856031446,1546.4199174806124,0
2516923,Germany,Bundesliga,2018-02-03 14:30:00,21,2449,2443,1,2,1538.868964273457,1458.4043151704786,0
2516926,Germany,Bundesliga,2018-02-03 14:30:00,21,2460,2444,0,2,1459.9353203643739,1613.6118209257645,0
2516927,Germany,Bundesliga,2018-02-03 14:30:00,21,2451,2445,1,1,1493.0753534952769,1448.5528549943515,0
2516922,Germany,Bundesliga,2018-02-03 17:30:00,21,2454,2975,0,1,1512.1497866012478,1517.6547120277835,0
2516924,Germany,Bundesliga,2018-02-04 14:30:00,21,2481,2462,3,0,1505.47798547791,1535.7967700823715,0
2516925,Germany,Bundesliga,2018-02-04 17:00:00,21,2450,2455,1,1,1433.7413353044728,1494.765341025995,0
2516930,Germany,Bundesliga,2018-02-09 19:30:00,22,2975,2481,2,0,1530.3093624859368,1513.4988639074618,0
2516929,Germany,Bundesliga,2018-02-10 14:30:00,22,2447,2450,2,0,1528.688471556034,1432.6241983941763,0
2516931,Germany,Bundesliga,2018-02-10 14:30:00,22,2482,2460,4,2,1495.8943677273824,1451.4680788679448,0
2516933,Germany,Bundesliga,2018-02-10 14:30:00,22,2462,2463,4,2,1527.7758916528196,1420.5865487714982,0
2516934,Germany,Bundesliga,2018-02-10 14:30:00,22,2446,2457,0,2,1547.962432018738,1495.9325491178452,0
2516935,Germany,Bundesliga,2018-02-10 14:30:00,22,2455,2453,2,1,1495.8824779362915,1498.901071065019,0
2516928,Germany,Bundesliga,2018-02-10 17:30:00,22,2444,2449,2,1,1622.0790624221936,1524.096449465237,0
2516936,Germany,Bundesliga,2018-02-11 14:30:00,22,2445,2454,1,0,1452.4881476604137,1499.4951361430944,0
2516932,Germany,Bundesliga,2018-02-11 17:00:00,22,2443,2451,3,1,1473.1768299786988,1489.1400608292147,0
2516938,Germany,Bundesliga,2018-02-16 19:30:00,23,2457,2460,0,2,1510.0488906989185,1445.4010309859746,0
2516937,Germany,Bundesliga,2018-02-17 14:30:00,23,2463,2455,1,1,1415.9309414146114,1503.161435465447,0
2516939,Germany,Bundesliga,2018-02-17 14:30:00,23,2453,2443,1,0,1491.6221135358635,1480.8041487889434,0
2516944,Germany,Bundesliga,2018-02-17 14:30:00,23,2450,2446,1,2,1427.7359427096344,1533.8460904376645,0
2516945,Germany,Bundesliga,2018-02-17 14:30:00,23,2451,2444,1,2,1481.5127420189701,1626.926646501218,0
2516941,Germany,Bundesliga,2018-02-17 17:30:00,23,2449,2482,2,1,1519.2488653862124,1501.9614156093526,0
2516943,Germany,Bundesliga,2018-02-18 14:30:00,23,2481,2445,0,1,1506.739739308849,1460.9746051491425,0
2516940,Germany,Bundesliga,2018-02-18 17:00:00,23,2454,2447,0,1,1491.0086786543657,1533.576727240576,0
2516942,Germany,Bundesliga,2018-02-19 19:30:00,23,2462,2975,2,1,1532.4314990097064,1537.0684870845496,0
2516952,Germany,Bundesliga,2018-02-23 19:30:00,24,2460,2451,1,1,1459.8144382817482,1472.8124655143547,0
2516946,Germany,Bundesliga,2018-02-24 14:30:00,24,2444,2457,0,0,1635.6269230058335,1495.635483403145,0
2516949,Germany,Bundesliga,2018-02-24 14:30:00,24,2482,2453,1,1,1495.21457143441,1498.536453418752,0
2516953,Germany,Bundesliga,2018-02-24 14:30:00,24,2455,2454,0,1,1503.5288059879313,1479.37054769198,0
2516954,Germany,Bundesliga,2018-02-24 14:30:00,24,2445,2462,1,0,1474.9400822306272,1539.7536432142645,0
2516950,Germany,Bundesliga,2018-02-24 17:30:00,24,2443,2450,1,0,1473.889808906055,1417.911788769759,0
2516951,Germany,Bundesliga,2018-02-25 14:30:00,24,2446,2449,0,2,1543.67024437754,1525.995709561155,0
2516948,Germany,Bundesliga,2018-02-25 17:00:00,24,2975,2463,1,2,1529.7463428799915,1415.5635708921272,0
2516947,Germany,Bundesliga,2018-02-26 19:30:00,24,2447,2481,1,1,1545.2148582029618,1492.7742622273643,0
2516958,Germany,Bundesliga,2018-03-02 19:30:00,25,2454,2443,2,2,1492.799379444912,1479.6795291330127,0
2516959,Germany,Bundesliga,2018-03-03 14:30:00,25,2449,2457,1,0,1539.2588238996846,1501.6201250853574,0
2516960,Germany,Bundesliga,2018-03-03 14:30:00,25,2462,2455,1,0,1530.7629420486805,1490.0999742349993,0
2516961,Germany,Bundesliga,2018-03-03 14:30:00,25,2481,2482,0,2,1496.9004172730351,1492.5016139091588,0
2516962,Germany,Bundesliga,2018-03-03 14:30:00,25,2450,2460,0,0,1412.1220685428011,1457.3613810018983,0
2516963,Germany,Bundesliga,2018-03-03 14:30:00,25,2451,2446,1,2,1475.2655227942046,1530.4071300390106,0
2516955,Germany,Bundesliga,2018-03-03 17:30:00,25,2975,2447,1,1,1514.2597052727504,1541.0887031572909,0
2516956,Germany,Bundesliga,2018-03-04 14:30:00,25,2463,2445,2,3,1431.0502084993684,1483.9307833962112,0
2516957,Germany,Bundesliga,2018-03-04 17:00:00,25,2453,2444,0,4,1501.249410944003,1629.642281323621,0
2516970,Germany,Bundesliga,2018-03-09 19:30:00,26,2460,2449,0,1,1458.9245971244654,1545.492272804793,0
2516964,Germany,Bundesliga,2018-03-10 14:30:00,26,2444,2450,6,0,1638.8268831897649,1410.558852420234,0
2516966,Germany,Bundesliga,2018-03-10 14:30:00,26,2482,2451,3,0,1505.4191678524423,1463.9815213677311,0
2516967,Germany,Bundesliga,2018-03-10 14:30:00,26,2457,2453,0,0,1495.386676180249,1492.0648090778593,0
2516971,Germany,Bundesliga,2018-03-10 14:30:00,26,2455,2481,1,3,1483.940975756016,1483.9828633297516,0
2516969,Germany,Bundesliga,2018-03-10 17:30:00,26,2446,2454,2,0,1541.691131465484,1489.6538971111456,0
2516972,Germany,Bundesliga,2018-03-11 14:30:00,26,2445,2975,0,0,1495.2787353146734,1512.1842685899549,0
2516965,Germany,Bundesliga,2018-03-11 17:00:00,26,2447,2462,3,2,1543.1641398400864,1536.9219405276638,0
2516968,Germany,Bundesliga,2018-03-12 19:30:00,26,2443,2463,3,1,1482.825011466779,1419.7022565809061,0
2516976,Germany,Bundesliga,2018-03-16 19:30:00,27,2453,2445,1,2,1494.953979204068,1492.9316653427384,0
2516977,Germany,Bundesliga,2018-03-17 14:30:00,27,2454,2482,3,3,1483.7704144298389,1511.5591751312652,0
2516978,Germany,Bundesliga,2018-03-17 14:30:00,27,2462,2460,3,0,1529.887959900313,1448.5381762611241,0
2516979,Germany,Bundesliga,2018-03-17 14:30:00,27,2481,2443,1,3,1496.7830522755035,1488.4470184538204,0
2516980,Germany,Bundesliga,2018-03-17 14:30:00,27,2450,2457,1,2,1407.933193727872,1492.4975060540403,0
2516981,Germany,Bundesliga,2018-03-17 17:30:00,27,2451,2449,0,1,1457.8415140889083,1555.8786936681342,0
2516973,Germany,Bundesliga,2018-03-18 12:30:00,27,2447,2455,1,0,1550.198120467437,1471.1407868102642,0
2516975,Germany,Bundesliga,2018-03-18 14:30:00,27,2463,2446,2,0,1414.0802495938647,1547.5746141467907,0
2516974,Germany,Bundesliga,2018-03-18 17:00:00,27,2975,2444,2,1,1514.53133856189,1641.4525418821268,0
2516983,Germany,Bundesliga,2018-03-31 13:30:00,28,2482,2463,6,0,1513.6081624177525,1425.0413194025095,0
2516986,Germany,Bundesliga,2018-03-31 13:30:00,28,2449,2453,2,0,1565.9351875801237,1482.0991279161053,0
2516987,Germany,Bundesliga,2018-03-31 13:30:00,28,2446,2481,0,0,1536.6135443381459,1483.7621679463198,0
2516989,Germany,Bundesliga,2018-03-31 13:30:00,28,2455,2975,2,3,1465.8819613734156,1525.304646054304,0
2516990,Germany,Bundesliga,2018-03-31 13:30:00,28,2445,2450,1,1,1505.786516630701,1397.4892109964069,0
2516982,Germany,Bundesliga,2018-03-31 16:30:00,28,2444,2447,6,0,1630.6792343897127,1555.4569459042857,0
2516984,Germany,Bundesliga,2018-03-31 18:30:00,28,2457,2451,0,0,1502.9414887855055,1447.7850201769188,0
2516985,Germany,Bundesliga,2018-04-01 13:30:00,28,2443,2462,2,1,1501.467902783004,1535.0957954983403,0
2516988,Germany,Bundesliga,2018-04-01 16:00:00,28,2460,2454,0,0,1443.3303406630969,1481.7214271433515,0
2516999,Germany,Bundesliga,2018-04-06 18:30:00,29,2455,2443,2,1,1454.7193336807036,1509.5804644247708,0
2516993,Germany,Bundesliga,2018-04-07 13:30:00,29,2463,2460,1,1,1419.9919042888441,1441.575448783914,0
2516994,Germany,Bundesliga,2018-04-07 13:30:00,29,2453,2451,0,2,1476.9462299410056,1451.9758260698875,0
2516995,Germany,Bundesliga,2018-04-07 13:30:00,29,2454,2457,2,1,1483.4763190225344,1498.7506828925368,0
2516997,Germany,Bundesliga,2018-04-07 13:30:00,29,2481,2444,1,4,1487.8981284946356,1636.0240755991238,0
2516998,Germany,Bundesliga,2018-04-07 16:30:00,29,2450,2449,3,2,1402.8563460187986,1571.0880855552234,0
2516991,Germany,Bundesliga,2018-04-08 13:30:00,29,2447,2445,3,0,1550.1121046948747,1500.4193816083093,0
2516996,Germany,Bundesliga,2018-04-08 16:00:00,29,2462,2482,1,1,1526.9832338565736,1518.657577531418,0
2516992,Germany,Bundesliga,2018-04-09 18:30:00,29,2975,2446,1,4,1536.467273747016,1532.47758378983,0
2517007,Germany,Bundesliga,2018-04-13 18:30:00,30,2451,2481,0,0,1465.4252684716632,1479.2745128845106,0
2517001,Germany,Bundesliga,2018-04-14 13:30:00,30,2482,2450,2,0,1521.6781904273219,1414.7953495400004,0
2517002,Germany,Bundesliga,2018-04-14 13:30:00,30,2457,2463,2,1,1491.1420662507055,1417.7724567181788,0
2517005,Germany,Bundesliga,2018-04-14 13:30:00,30,2446,2462,4,1,1545.3843611272714,1523.9626209606697,0
2517008,Germany,Bundesliga,2018-04-14 13:30:00,30,2445,2455,1,1,1494.4796982507046,1463.4273934086127,0
2517000,Germany,Bundesliga,2018-04-14 16:30:00,30,2444,2454,5,1,1644.6476912092487,1491.0849356643657,0
2517004,Germany,Bundesliga,2018-04-15 13:30:00,30,2449,2447,2,0,1559.1490820340216,1556.0517880524794,0
2517003,Germany,Bundesliga,2018-04-15 16:00:00,30,2443,2975,1,1,1500.8724046968616,1523.5604964095746,0
2517006,Germany,Bundesliga,2018-04-16 17:30:00,30,2460,2453,2,0,1443.7948963545794,1463.49678753923,0
2517012,Germany,Bundesliga,2018-04-20 18:30:00,31,2454,2451,3,0,1487.314440551863,1462.995250707271,0
2517010,Germany,Bundesliga,2018-04-21 13:30:00,31,2975,2482,2,5,1525.7496973447078,1526.3401028518297,0
2517013,Germany,Bundesliga,2018-04-21 13:30:00,31,2462,2457,0,3,1517.321762737554,1496.5287797279454,0
2517015,Germany,Bundesliga,2018-04-21 13:30:00,31,2450,2453,1,0,1410.1334371154926,1455.7676633141473,0
2517016,Germany,Bundesliga,2018-04-21 13:30:00,31,2455,2444,0,3,1467.0301170465552,1648.4181863217514,0
2517017,Germany,Bundesliga,2018-04-21 13:30:00,31,2445,2443,2,0,1490.876974612762,1498.6832037617285,0
2517009,Germany,Bundesliga,2018-04-21 16:30:00,31,2447,2446,4,0,1548.9350328864991,1552.025219350387,0
2517014,Germany,Bundesliga,2018-04-22 13:30:00,31,2481,2460,2,0,1481.7045306489028,1451.524020579662,0
2517011,Germany,Bundesliga,2018-04-22 16:00:00,31,2463,2449,2,2,1412.3857432409388,1566.265837200002,0
2517019,Germany,Bundesliga,2018-04-27 18:30:00,32,2482,2455,3,1,1539.1257356755382,1459.3307253321148,0
2517018,Germany,Bundesliga,2018-04-28 13:30:00,32,2444,2462,4,1,1656.1175780361918,1503.9786857497204,0
2517020,Germany,Bundesliga,2018-04-28 13:30:00,32,2457,2481,2,2,1509.8718567157791,1488.1236621120438,0
2517021,Germany,Bundesliga,2018-04-28 13:30:00,32,2453,2463,3,2,1447.3197886973576,1413.9242234497517,0
2517023,Germany,Bundesliga,2018-04-28 13:30:00,32,2449,2454,1,1,1564.727356991189,1493.8815220429176,0
2517026,Germany,Bundesliga,2018-04-28 13:30:00,32,2451,2450,1,3,1456.4281692162165,1418.5813117322823,0
2517024,Germany,Bundesliga,2018-04-28 16:30:00,32,2446,2445,0,1,1544.744353662365,1498.2840007251284,0
2517025,Germany,Bundesliga,2018-04-29 13:30:00,32,2460,2975,3,0,1445.104889116521,1512.9640645209993,0
2517022,Germany,Bundesliga,2018-04-29 16:00:00,32,2443,2447,1,1,1491.2761776493621,1556.2158985745211,0
2517027,Germany,Bundesliga,2018-05-05 13:30:00,33,2447,2460,1,2,1557.2216030925608,1454.1824317434746,0
2517028,Germany,Bundesliga,2018-05-05 13:30:00,33,2975,2451,4,1,1503.8865218940457,1442.6564779722537,0
2517029,Germany,Bundesliga,2018-05-05 13:30:00,33,2463,2444,1,3,1407.5854943631134,1659.9132154695287,0
2517030,Germany,Bundesliga,2018-05-05 13:30:00,33,2443,2446,0,0,1490.2704731313224,1530.7620265437938,0
2517031,Germany,Bundesliga,2018-05-05 13:30:00,33,2454,2453,3,1,1498.4374368045935,1453.6585177839959,0
2517032,Germany,Bundesliga,2018-05-05 13:30:00,33,2462,2450,3,0,1500.1830483163835,1432.353002976245,0
2517033,Germany,Bundesliga,2018-05-05 13:30:00,33,2481,2449,1,2,1491.4911371284138,1560.171442229513,0
2517034,Germany,Bundesliga,2018-05-05 13:30:00,33,2455,2457,3,1,1454.0883426655723,1506.5043816994091,0
2517035,Germany,Bundesliga,2018-05-05 13:30:00,33,2445,2482,2,0,1512.2663278436996,1544.3681183420806,0
2517036,Germany,Bundesliga,2018-05-12 13:30:00,34,2444,2445,1,4,1665.789756471827,1520.3365648800402,0
2517037,Germany,Bundesliga,2018-05-12 13:30:00,34,2482,2447,3,1,1536.29788130574,1541.963087756133,0
2517038,Germany,Bundesliga,2018-05-12 13:30:00,34,2457,2975,2,6,1497.8654587244216,1509.5526688846608,0
2517039,Germany,Bundesliga,2018-05-12 13:30:00,34,2453,2481,2,0,1447.600046049693,1480.5921177256762,0
2517040,Germany,Bundesliga,2018-05-12 13:30:00,34,2449,2462,1,0,1571.0704616322507,1505.6961895003374,0
2517041,Germany,Bundesliga,2018-05-12 13:30:00,34,2446,2455,3,2,1532.4582624485547,1462.7272656405598,0
2517042,Germany,Bundesliga,2018-05-12 13:30:00,34,2450,2454,2,1,1426.8398617922912,1504.4959085388964,0
2517043,Germany,Bundesliga,2018-05-12 13:30:00,34,2460,2443,1,2,1469.4409470799023,1488.5742372265615,0
2517044,Germany,Bundesliga,2018-05-12 13:30:00,34,2451,2463,4,1,1436.9903309816386,1401.708953360815,0
